[0.000000] (-) TimerEvent: {}
[0.001209] (odrive_can) JobQueued: {'identifier': 'odrive_can', 'dependencies': OrderedDict()}
[0.001294] (odrive_ros2_control) JobQueued: {'identifier': 'odrive_ros2_control', 'dependencies': OrderedDict()}
[0.001317] (onset_interfaces) JobQueued: {'identifier': 'onset_interfaces', 'dependencies': OrderedDict()}
[0.001362] (odrive_botwheel_explorer) JobQueued: {'identifier': 'odrive_botwheel_explorer', 'dependencies': OrderedDict([('odrive_ros2_control', '/home/gong/onset_ws/install/odrive_ros2_control')])}
[0.001384] (onsetbot) JobQueued: {'identifier': 'onsetbot', 'dependencies': OrderedDict([('odrive_can', '/home/gong/onset_ws/install/odrive_can'), ('onset_interfaces', '/home/gong/onset_ws/install/onset_interfaces')])}
[0.002304] (odrive_can) JobStarted: {'identifier': 'odrive_can'}
[0.033068] (odrive_ros2_control) JobStarted: {'identifier': 'odrive_ros2_control'}
[0.067685] (odrive_can) JobProgress: {'identifier': 'odrive_can', 'progress': 'cmake'}
[0.067834] (odrive_can) JobProgress: {'identifier': 'odrive_can', 'progress': 'build'}
[0.067863] (odrive_can) Command: {'cmd': ['/usr/bin/cmake', '--build', '/home/gong/onset_ws/build/odrive_can', '--', '-j2', '-l2'], 'cwd': '/home/gong/onset_ws/build/odrive_can', 'env': OrderedDict([('LESSOPEN', '| /usr/bin/lesspipe %s'), ('LANGUAGE', 'en_CA:en'), ('USER', 'gong'), ('XDG_SESSION_TYPE', 'wayland'), ('SHLVL', '1'), ('LD_LIBRARY_PATH', '/home/gong/onset_ws/install/onset_interfaces/lib:/home/gong/onset_ws/install/odrive_ros2_control/lib:/home/gong/onset_ws/install/odrive_can/lib:/usr/lib/x86_64-linux-gnu/gazebo-11/plugins:/opt/ros/humble/opt/rviz_ogre_vendor/lib:/opt/ros/humble/lib/x86_64-linux-gnu:/opt/ros/humble/lib'), ('HOME', '/home/gong'), ('DESKTOP_SESSION', 'ubuntu'), ('ROS_PYTHON_VERSION', '3'), ('GNOME_SHELL_SESSION_MODE', 'ubuntu'), ('GTK_MODULES', 'gail:atk-bridge'), ('SYSTEMD_EXEC_PID', '2262'), ('DBUS_SESSION_BUS_ADDRESS', 'unix:path=/run/user/1000/bus'), ('COLORTERM', 'truecolor'), ('IM_CONFIG_PHASE', '1'), ('WAYLAND_DISPLAY', 'wayland-0'), ('COLCON_PREFIX_PATH', '/home/gong/onset_ws/install'), ('ROS_DISTRO', 'humble'), ('LOGNAME', 'gong'), ('_', '/usr/bin/colcon'), ('ROS_VERSION', '2'), ('XDG_SESSION_CLASS', 'user'), ('USERNAME', 'gong'), ('TERM', 'xterm-256color'), ('GNOME_DESKTOP_SESSION_ID', 'this-is-deprecated'), ('ROS_LOCALHOST_ONLY', '0'), ('PATH', '/opt/ros/humble/bin:/home/gong/.local/bin:/usr/local/sbin:/usr/local/bin:/usr/sbin:/usr/bin:/sbin:/bin:/usr/games:/usr/local/games:/snap/bin:/snap/bin'), ('SESSION_MANAGER', 'local/gong-virtual-machine:@/tmp/.ICE-unix/1633,unix/gong-virtual-machine:/tmp/.ICE-unix/1633'), ('XDG_MENU_PREFIX', 'gnome-'), ('GNOME_TERMINAL_SCREEN', '/org/gnome/Terminal/screen/9c15f2a0_d528_40b8_bca7_89db012881b1'), ('GNOME_SETUP_DISPLAY', ':1'), ('XDG_RUNTIME_DIR', '/run/user/1000'), ('DISPLAY', ':0'), ('LANG', 'en_US.UTF-8'), ('XDG_CURRENT_DESKTOP', 'ubuntu:GNOME'), ('XMODIFIERS', '@im=ibus'), ('XDG_SESSION_DESKTOP', 'ubuntu'), ('XAUTHORITY', '/run/user/1000/.mutter-Xwaylandauth.S5U2L3'), ('LS_COLORS', 'rs=0:di=01;34:ln=01;36:mh=00:pi=40;33:so=01;35:do=01;35:bd=40;33;01:cd=40;33;01:or=40;31;01:mi=00:su=37;41:sg=30;43:ca=30;41:tw=30;42:ow=34;42:st=37;44:ex=01;32:*.tar=01;31:*.tgz=01;31:*.arc=01;31:*.arj=01;31:*.taz=01;31:*.lha=01;31:*.lz4=01;31:*.lzh=01;31:*.lzma=01;31:*.tlz=01;31:*.txz=01;31:*.tzo=01;31:*.t7z=01;31:*.zip=01;31:*.z=01;31:*.dz=01;31:*.gz=01;31:*.lrz=01;31:*.lz=01;31:*.lzo=01;31:*.xz=01;31:*.zst=01;31:*.tzst=01;31:*.bz2=01;31:*.bz=01;31:*.tbz=01;31:*.tbz2=01;31:*.tz=01;31:*.deb=01;31:*.rpm=01;31:*.jar=01;31:*.war=01;31:*.ear=01;31:*.sar=01;31:*.rar=01;31:*.alz=01;31:*.ace=01;31:*.zoo=01;31:*.cpio=01;31:*.7z=01;31:*.rz=01;31:*.cab=01;31:*.wim=01;31:*.swm=01;31:*.dwm=01;31:*.esd=01;31:*.jpg=01;35:*.jpeg=01;35:*.mjpg=01;35:*.mjpeg=01;35:*.gif=01;35:*.bmp=01;35:*.pbm=01;35:*.pgm=01;35:*.ppm=01;35:*.tga=01;35:*.xbm=01;35:*.xpm=01;35:*.tif=01;35:*.tiff=01;35:*.png=01;35:*.svg=01;35:*.svgz=01;35:*.mng=01;35:*.pcx=01;35:*.mov=01;35:*.mpg=01;35:*.mpeg=01;35:*.m2v=01;35:*.mkv=01;35:*.webm=01;35:*.webp=01;35:*.ogm=01;35:*.mp4=01;35:*.m4v=01;35:*.mp4v=01;35:*.vob=01;35:*.qt=01;35:*.nuv=01;35:*.wmv=01;35:*.asf=01;35:*.rm=01;35:*.rmvb=01;35:*.flc=01;35:*.avi=01;35:*.fli=01;35:*.flv=01;35:*.gl=01;35:*.dl=01;35:*.xcf=01;35:*.xwd=01;35:*.yuv=01;35:*.cgm=01;35:*.emf=01;35:*.ogv=01;35:*.ogx=01;35:*.aac=00;36:*.au=00;36:*.flac=00;36:*.m4a=00;36:*.mid=00;36:*.midi=00;36:*.mka=00;36:*.mp3=00;36:*.mpc=00;36:*.ogg=00;36:*.ra=00;36:*.wav=00;36:*.oga=00;36:*.opus=00;36:*.spx=00;36:*.xspf=00;36:'), ('GNOME_TERMINAL_SERVICE', ':1.105'), ('SSH_AGENT_LAUNCHER', 'gnome-keyring'), ('SSH_AUTH_SOCK', '/run/user/1000/keyring/ssh'), ('ROS_DOMAIN_ID', '0'), ('AMENT_PREFIX_PATH', '/home/gong/onset_ws/install/onsetbot:/home/gong/onset_ws/install/onset_interfaces:/home/gong/onset_ws/install/odrive_botwheel_explorer:/home/gong/onset_ws/install/odrive_ros2_control:/home/gong/onset_ws/install/odrive_can:/opt/ros/humble'), ('SHELL', '/bin/bash'), ('QT_ACCESSIBILITY', '1'), ('GDMSESSION', 'ubuntu'), ('LESSCLOSE', '/usr/bin/lesspipe %s %s'), ('QT_IM_MODULE', 'ibus'), ('PWD', '/home/gong/onset_ws/build/odrive_can'), ('LC_ALL', 'en_US.UTF-8'), ('XDG_CONFIG_DIRS', '/etc/xdg/xdg-ubuntu:/etc/xdg'), ('XDG_DATA_DIRS', '/usr/share/ubuntu:/usr/local/share/:/usr/share/:/var/lib/snapd/desktop'), ('PYTHONPATH', '/home/gong/onset_ws/install/onsetbot/lib/python3.10/site-packages:/home/gong/onset_ws/install/onset_interfaces/local/lib/python3.10/dist-packages:/home/gong/onset_ws/install/odrive_can/local/lib/python3.10/dist-packages:/opt/ros/humble/lib/python3.10/site-packages:/opt/ros/humble/local/lib/python3.10/dist-packages'), ('COLCON', '1'), ('VTE_VERSION', '6800'), ('CMAKE_PREFIX_PATH', '/home/gong/onset_ws/install/onset_interfaces:/home/gong/onset_ws/install/odrive_botwheel_explorer:/home/gong/onset_ws/install/odrive_ros2_control:/home/gong/onset_ws/install/odrive_can:/home/gong/onset_ws/install/onsetbot:/opt/ros/humble')]), 'shell': False}
[0.094633] (odrive_ros2_control) JobProgress: {'identifier': 'odrive_ros2_control', 'progress': 'cmake'}
[0.094806] (odrive_ros2_control) JobProgress: {'identifier': 'odrive_ros2_control', 'progress': 'build'}
[0.094836] (odrive_ros2_control) Command: {'cmd': ['/usr/bin/cmake', '--build', '/home/gong/onset_ws/build/odrive_ros2_control', '--', '-j2', '-l2'], 'cwd': '/home/gong/onset_ws/build/odrive_ros2_control', 'env': OrderedDict([('LESSOPEN', '| /usr/bin/lesspipe %s'), ('LANGUAGE', 'en_CA:en'), ('USER', 'gong'), ('XDG_SESSION_TYPE', 'wayland'), ('SHLVL', '1'), ('LD_LIBRARY_PATH', '/home/gong/onset_ws/install/onset_interfaces/lib:/home/gong/onset_ws/install/odrive_ros2_control/lib:/home/gong/onset_ws/install/odrive_can/lib:/usr/lib/x86_64-linux-gnu/gazebo-11/plugins:/opt/ros/humble/opt/rviz_ogre_vendor/lib:/opt/ros/humble/lib/x86_64-linux-gnu:/opt/ros/humble/lib'), ('HOME', '/home/gong'), ('DESKTOP_SESSION', 'ubuntu'), ('ROS_PYTHON_VERSION', '3'), ('GNOME_SHELL_SESSION_MODE', 'ubuntu'), ('GTK_MODULES', 'gail:atk-bridge'), ('SYSTEMD_EXEC_PID', '2262'), ('DBUS_SESSION_BUS_ADDRESS', 'unix:path=/run/user/1000/bus'), ('COLORTERM', 'truecolor'), ('IM_CONFIG_PHASE', '1'), ('WAYLAND_DISPLAY', 'wayland-0'), ('COLCON_PREFIX_PATH', '/home/gong/onset_ws/install'), ('ROS_DISTRO', 'humble'), ('LOGNAME', 'gong'), ('_', '/usr/bin/colcon'), ('ROS_VERSION', '2'), ('XDG_SESSION_CLASS', 'user'), ('USERNAME', 'gong'), ('TERM', 'xterm-256color'), ('GNOME_DESKTOP_SESSION_ID', 'this-is-deprecated'), ('ROS_LOCALHOST_ONLY', '0'), ('PATH', '/opt/ros/humble/bin:/home/gong/.local/bin:/usr/local/sbin:/usr/local/bin:/usr/sbin:/usr/bin:/sbin:/bin:/usr/games:/usr/local/games:/snap/bin:/snap/bin'), ('SESSION_MANAGER', 'local/gong-virtual-machine:@/tmp/.ICE-unix/1633,unix/gong-virtual-machine:/tmp/.ICE-unix/1633'), ('XDG_MENU_PREFIX', 'gnome-'), ('GNOME_TERMINAL_SCREEN', '/org/gnome/Terminal/screen/9c15f2a0_d528_40b8_bca7_89db012881b1'), ('GNOME_SETUP_DISPLAY', ':1'), ('XDG_RUNTIME_DIR', '/run/user/1000'), ('DISPLAY', ':0'), ('LANG', 'en_US.UTF-8'), ('XDG_CURRENT_DESKTOP', 'ubuntu:GNOME'), ('XMODIFIERS', '@im=ibus'), ('XDG_SESSION_DESKTOP', 'ubuntu'), ('XAUTHORITY', '/run/user/1000/.mutter-Xwaylandauth.S5U2L3'), ('LS_COLORS', 'rs=0:di=01;34:ln=01;36:mh=00:pi=40;33:so=01;35:do=01;35:bd=40;33;01:cd=40;33;01:or=40;31;01:mi=00:su=37;41:sg=30;43:ca=30;41:tw=30;42:ow=34;42:st=37;44:ex=01;32:*.tar=01;31:*.tgz=01;31:*.arc=01;31:*.arj=01;31:*.taz=01;31:*.lha=01;31:*.lz4=01;31:*.lzh=01;31:*.lzma=01;31:*.tlz=01;31:*.txz=01;31:*.tzo=01;31:*.t7z=01;31:*.zip=01;31:*.z=01;31:*.dz=01;31:*.gz=01;31:*.lrz=01;31:*.lz=01;31:*.lzo=01;31:*.xz=01;31:*.zst=01;31:*.tzst=01;31:*.bz2=01;31:*.bz=01;31:*.tbz=01;31:*.tbz2=01;31:*.tz=01;31:*.deb=01;31:*.rpm=01;31:*.jar=01;31:*.war=01;31:*.ear=01;31:*.sar=01;31:*.rar=01;31:*.alz=01;31:*.ace=01;31:*.zoo=01;31:*.cpio=01;31:*.7z=01;31:*.rz=01;31:*.cab=01;31:*.wim=01;31:*.swm=01;31:*.dwm=01;31:*.esd=01;31:*.jpg=01;35:*.jpeg=01;35:*.mjpg=01;35:*.mjpeg=01;35:*.gif=01;35:*.bmp=01;35:*.pbm=01;35:*.pgm=01;35:*.ppm=01;35:*.tga=01;35:*.xbm=01;35:*.xpm=01;35:*.tif=01;35:*.tiff=01;35:*.png=01;35:*.svg=01;35:*.svgz=01;35:*.mng=01;35:*.pcx=01;35:*.mov=01;35:*.mpg=01;35:*.mpeg=01;35:*.m2v=01;35:*.mkv=01;35:*.webm=01;35:*.webp=01;35:*.ogm=01;35:*.mp4=01;35:*.m4v=01;35:*.mp4v=01;35:*.vob=01;35:*.qt=01;35:*.nuv=01;35:*.wmv=01;35:*.asf=01;35:*.rm=01;35:*.rmvb=01;35:*.flc=01;35:*.avi=01;35:*.fli=01;35:*.flv=01;35:*.gl=01;35:*.dl=01;35:*.xcf=01;35:*.xwd=01;35:*.yuv=01;35:*.cgm=01;35:*.emf=01;35:*.ogv=01;35:*.ogx=01;35:*.aac=00;36:*.au=00;36:*.flac=00;36:*.m4a=00;36:*.mid=00;36:*.midi=00;36:*.mka=00;36:*.mp3=00;36:*.mpc=00;36:*.ogg=00;36:*.ra=00;36:*.wav=00;36:*.oga=00;36:*.opus=00;36:*.spx=00;36:*.xspf=00;36:'), ('GNOME_TERMINAL_SERVICE', ':1.105'), ('SSH_AGENT_LAUNCHER', 'gnome-keyring'), ('SSH_AUTH_SOCK', '/run/user/1000/keyring/ssh'), ('ROS_DOMAIN_ID', '0'), ('AMENT_PREFIX_PATH', '/home/gong/onset_ws/install/onsetbot:/home/gong/onset_ws/install/onset_interfaces:/home/gong/onset_ws/install/odrive_botwheel_explorer:/home/gong/onset_ws/install/odrive_ros2_control:/home/gong/onset_ws/install/odrive_can:/opt/ros/humble'), ('SHELL', '/bin/bash'), ('QT_ACCESSIBILITY', '1'), ('GDMSESSION', 'ubuntu'), ('LESSCLOSE', '/usr/bin/lesspipe %s %s'), ('QT_IM_MODULE', 'ibus'), ('PWD', '/home/gong/onset_ws/build/odrive_ros2_control'), ('LC_ALL', 'en_US.UTF-8'), ('XDG_CONFIG_DIRS', '/etc/xdg/xdg-ubuntu:/etc/xdg'), ('XDG_DATA_DIRS', '/usr/share/ubuntu:/usr/local/share/:/usr/share/:/var/lib/snapd/desktop'), ('PYTHONPATH', '/home/gong/onset_ws/install/onsetbot/lib/python3.10/site-packages:/home/gong/onset_ws/install/onset_interfaces/local/lib/python3.10/dist-packages:/home/gong/onset_ws/install/odrive_can/local/lib/python3.10/dist-packages:/opt/ros/humble/lib/python3.10/site-packages:/opt/ros/humble/local/lib/python3.10/dist-packages'), ('COLCON', '1'), ('VTE_VERSION', '6800'), ('CMAKE_PREFIX_PATH', '/home/gong/onset_ws/install/onset_interfaces:/home/gong/onset_ws/install/odrive_botwheel_explorer:/home/gong/onset_ws/install/odrive_ros2_control:/home/gong/onset_ws/install/odrive_can:/home/gong/onset_ws/install/onsetbot:/opt/ros/humble')]), 'shell': False}
[0.101179] (-) TimerEvent: {}
[0.202678] (-) TimerEvent: {}
[0.280961] (odrive_can) StdoutLine: {'line': b'[  1%] Built target odrive_can__cpp\n'}
[0.305350] (-) TimerEvent: {}
[0.312588] (odrive_can) StdoutLine: {'line': b'[ 11%] Built target odrive_can__rosidl_generator_c\n'}
[0.314141] (odrive_ros2_control) StdoutLine: {'line': b'[100%] Built target odrive_ros2_control_plugin\n'}
[0.415429] (odrive_ros2_control) CommandEnded: {'returncode': 0}
[0.416045] (-) TimerEvent: {}
[0.416438] (odrive_ros2_control) JobProgress: {'identifier': 'odrive_ros2_control', 'progress': 'install'}
[0.416549] (odrive_can) StdoutLine: {'line': b'[ 11%] Built target ament_cmake_python_copy_odrive_can\n'}
[0.457225] (odrive_can) StdoutLine: {'line': b'[ 21%] Built target odrive_can__rosidl_typesupport_cpp\n'}
[0.482041] (odrive_ros2_control) Command: {'cmd': ['/usr/bin/cmake', '--install', '/home/gong/onset_ws/build/odrive_ros2_control'], 'cwd': '/home/gong/onset_ws/build/odrive_ros2_control', 'env': OrderedDict([('LESSOPEN', '| /usr/bin/lesspipe %s'), ('LANGUAGE', 'en_CA:en'), ('USER', 'gong'), ('XDG_SESSION_TYPE', 'wayland'), ('SHLVL', '1'), ('LD_LIBRARY_PATH', '/home/gong/onset_ws/install/onset_interfaces/lib:/home/gong/onset_ws/install/odrive_ros2_control/lib:/home/gong/onset_ws/install/odrive_can/lib:/usr/lib/x86_64-linux-gnu/gazebo-11/plugins:/opt/ros/humble/opt/rviz_ogre_vendor/lib:/opt/ros/humble/lib/x86_64-linux-gnu:/opt/ros/humble/lib'), ('HOME', '/home/gong'), ('DESKTOP_SESSION', 'ubuntu'), ('ROS_PYTHON_VERSION', '3'), ('GNOME_SHELL_SESSION_MODE', 'ubuntu'), ('GTK_MODULES', 'gail:atk-bridge'), ('SYSTEMD_EXEC_PID', '2262'), ('DBUS_SESSION_BUS_ADDRESS', 'unix:path=/run/user/1000/bus'), ('COLORTERM', 'truecolor'), ('IM_CONFIG_PHASE', '1'), ('WAYLAND_DISPLAY', 'wayland-0'), ('COLCON_PREFIX_PATH', '/home/gong/onset_ws/install'), ('ROS_DISTRO', 'humble'), ('LOGNAME', 'gong'), ('_', '/usr/bin/colcon'), ('ROS_VERSION', '2'), ('XDG_SESSION_CLASS', 'user'), ('USERNAME', 'gong'), ('TERM', 'xterm-256color'), ('GNOME_DESKTOP_SESSION_ID', 'this-is-deprecated'), ('ROS_LOCALHOST_ONLY', '0'), ('PATH', '/opt/ros/humble/bin:/home/gong/.local/bin:/usr/local/sbin:/usr/local/bin:/usr/sbin:/usr/bin:/sbin:/bin:/usr/games:/usr/local/games:/snap/bin:/snap/bin'), ('SESSION_MANAGER', 'local/gong-virtual-machine:@/tmp/.ICE-unix/1633,unix/gong-virtual-machine:/tmp/.ICE-unix/1633'), ('XDG_MENU_PREFIX', 'gnome-'), ('GNOME_TERMINAL_SCREEN', '/org/gnome/Terminal/screen/9c15f2a0_d528_40b8_bca7_89db012881b1'), ('GNOME_SETUP_DISPLAY', ':1'), ('XDG_RUNTIME_DIR', '/run/user/1000'), ('DISPLAY', ':0'), ('LANG', 'en_US.UTF-8'), ('XDG_CURRENT_DESKTOP', 'ubuntu:GNOME'), ('XMODIFIERS', '@im=ibus'), ('XDG_SESSION_DESKTOP', 'ubuntu'), ('XAUTHORITY', '/run/user/1000/.mutter-Xwaylandauth.S5U2L3'), ('LS_COLORS', 'rs=0:di=01;34:ln=01;36:mh=00:pi=40;33:so=01;35:do=01;35:bd=40;33;01:cd=40;33;01:or=40;31;01:mi=00:su=37;41:sg=30;43:ca=30;41:tw=30;42:ow=34;42:st=37;44:ex=01;32:*.tar=01;31:*.tgz=01;31:*.arc=01;31:*.arj=01;31:*.taz=01;31:*.lha=01;31:*.lz4=01;31:*.lzh=01;31:*.lzma=01;31:*.tlz=01;31:*.txz=01;31:*.tzo=01;31:*.t7z=01;31:*.zip=01;31:*.z=01;31:*.dz=01;31:*.gz=01;31:*.lrz=01;31:*.lz=01;31:*.lzo=01;31:*.xz=01;31:*.zst=01;31:*.tzst=01;31:*.bz2=01;31:*.bz=01;31:*.tbz=01;31:*.tbz2=01;31:*.tz=01;31:*.deb=01;31:*.rpm=01;31:*.jar=01;31:*.war=01;31:*.ear=01;31:*.sar=01;31:*.rar=01;31:*.alz=01;31:*.ace=01;31:*.zoo=01;31:*.cpio=01;31:*.7z=01;31:*.rz=01;31:*.cab=01;31:*.wim=01;31:*.swm=01;31:*.dwm=01;31:*.esd=01;31:*.jpg=01;35:*.jpeg=01;35:*.mjpg=01;35:*.mjpeg=01;35:*.gif=01;35:*.bmp=01;35:*.pbm=01;35:*.pgm=01;35:*.ppm=01;35:*.tga=01;35:*.xbm=01;35:*.xpm=01;35:*.tif=01;35:*.tiff=01;35:*.png=01;35:*.svg=01;35:*.svgz=01;35:*.mng=01;35:*.pcx=01;35:*.mov=01;35:*.mpg=01;35:*.mpeg=01;35:*.m2v=01;35:*.mkv=01;35:*.webm=01;35:*.webp=01;35:*.ogm=01;35:*.mp4=01;35:*.m4v=01;35:*.mp4v=01;35:*.vob=01;35:*.qt=01;35:*.nuv=01;35:*.wmv=01;35:*.asf=01;35:*.rm=01;35:*.rmvb=01;35:*.flc=01;35:*.avi=01;35:*.fli=01;35:*.flv=01;35:*.gl=01;35:*.dl=01;35:*.xcf=01;35:*.xwd=01;35:*.yuv=01;35:*.cgm=01;35:*.emf=01;35:*.ogv=01;35:*.ogx=01;35:*.aac=00;36:*.au=00;36:*.flac=00;36:*.m4a=00;36:*.mid=00;36:*.midi=00;36:*.mka=00;36:*.mp3=00;36:*.mpc=00;36:*.ogg=00;36:*.ra=00;36:*.wav=00;36:*.oga=00;36:*.opus=00;36:*.spx=00;36:*.xspf=00;36:'), ('GNOME_TERMINAL_SERVICE', ':1.105'), ('SSH_AGENT_LAUNCHER', 'gnome-keyring'), ('SSH_AUTH_SOCK', '/run/user/1000/keyring/ssh'), ('ROS_DOMAIN_ID', '0'), ('AMENT_PREFIX_PATH', '/home/gong/onset_ws/install/onsetbot:/home/gong/onset_ws/install/onset_interfaces:/home/gong/onset_ws/install/odrive_botwheel_explorer:/home/gong/onset_ws/install/odrive_ros2_control:/home/gong/onset_ws/install/odrive_can:/opt/ros/humble'), ('SHELL', '/bin/bash'), ('QT_ACCESSIBILITY', '1'), ('GDMSESSION', 'ubuntu'), ('LESSCLOSE', '/usr/bin/lesspipe %s %s'), ('QT_IM_MODULE', 'ibus'), ('PWD', '/home/gong/onset_ws/build/odrive_ros2_control'), ('LC_ALL', 'en_US.UTF-8'), ('XDG_CONFIG_DIRS', '/etc/xdg/xdg-ubuntu:/etc/xdg'), ('XDG_DATA_DIRS', '/usr/share/ubuntu:/usr/local/share/:/usr/share/:/var/lib/snapd/desktop'), ('PYTHONPATH', '/home/gong/onset_ws/install/onsetbot/lib/python3.10/site-packages:/home/gong/onset_ws/install/onset_interfaces/local/lib/python3.10/dist-packages:/home/gong/onset_ws/install/odrive_can/local/lib/python3.10/dist-packages:/opt/ros/humble/lib/python3.10/site-packages:/opt/ros/humble/local/lib/python3.10/dist-packages'), ('COLCON', '1'), ('VTE_VERSION', '6800'), ('CMAKE_PREFIX_PATH', '/home/gong/onset_ws/install/onset_interfaces:/home/gong/onset_ws/install/odrive_botwheel_explorer:/home/gong/onset_ws/install/odrive_ros2_control:/home/gong/onset_ws/install/odrive_can:/home/gong/onset_ws/install/onsetbot:/opt/ros/humble')]), 'shell': False}
[0.518604] (-) TimerEvent: {}
[0.591028] (odrive_ros2_control) StdoutLine: {'line': b'-- Install configuration: ""\n'}
[0.591258] (odrive_ros2_control) StdoutLine: {'line': b'-- Up-to-date: /home/gong/onset_ws/install/odrive_ros2_control/share/odrive_ros2_control/odrive_hardware_interface.xml\n'}
[0.591343] (odrive_ros2_control) StdoutLine: {'line': b'-- Up-to-date: /home/gong/onset_ws/install/odrive_ros2_control/lib/libodrive_ros2_control_plugin.so\n'}
[0.591423] (odrive_ros2_control) StdoutLine: {'line': b'-- Up-to-date: /home/gong/onset_ws/install/odrive_ros2_control/share/ament_index/resource_index/package_run_dependencies/odrive_ros2_control\n'}
[0.591519] (odrive_ros2_control) StdoutLine: {'line': b'-- Up-to-date: /home/gong/onset_ws/install/odrive_ros2_control/share/ament_index/resource_index/parent_prefix_path/odrive_ros2_control\n'}
[0.591584] (odrive_ros2_control) StdoutLine: {'line': b'-- Up-to-date: /home/gong/onset_ws/install/odrive_ros2_control/share/odrive_ros2_control/environment/ament_prefix_path.sh\n'}
[0.591642] (odrive_ros2_control) StdoutLine: {'line': b'-- Up-to-date: /home/gong/onset_ws/install/odrive_ros2_control/share/odrive_ros2_control/environment/ament_prefix_path.dsv\n'}
[0.591697] (odrive_ros2_control) StdoutLine: {'line': b'-- Up-to-date: /home/gong/onset_ws/install/odrive_ros2_control/share/odrive_ros2_control/environment/path.sh\n'}
[0.591750] (odrive_ros2_control) StdoutLine: {'line': b'-- Up-to-date: /home/gong/onset_ws/install/odrive_ros2_control/share/odrive_ros2_control/environment/path.dsv\n'}
[0.591803] (odrive_ros2_control) StdoutLine: {'line': b'-- Up-to-date: /home/gong/onset_ws/install/odrive_ros2_control/share/odrive_ros2_control/local_setup.bash\n'}
[0.591875] (odrive_ros2_control) StdoutLine: {'line': b'-- Up-to-date: /home/gong/onset_ws/install/odrive_ros2_control/share/odrive_ros2_control/local_setup.sh\n'}
[0.600078] (odrive_ros2_control) StdoutLine: {'line': b'-- Up-to-date: /home/gong/onset_ws/install/odrive_ros2_control/share/odrive_ros2_control/local_setup.zsh\n'}
[0.601818] (odrive_ros2_control) StdoutLine: {'line': b'-- Up-to-date: /home/gong/onset_ws/install/odrive_ros2_control/share/odrive_ros2_control/local_setup.dsv\n'}
[0.602068] (odrive_ros2_control) StdoutLine: {'line': b'-- Installing: /home/gong/onset_ws/install/odrive_ros2_control/share/odrive_ros2_control/package.dsv\n'}
[0.602146] (odrive_ros2_control) StdoutLine: {'line': b'-- Up-to-date: /home/gong/onset_ws/install/odrive_ros2_control/share/ament_index/resource_index/packages/odrive_ros2_control\n'}
[0.602207] (odrive_ros2_control) StdoutLine: {'line': b'-- Up-to-date: /home/gong/onset_ws/install/odrive_ros2_control/share/ament_index/resource_index/hardware_interface__pluginlib__plugin/odrive_ros2_control\n'}
[0.602266] (odrive_ros2_control) StdoutLine: {'line': b'-- Up-to-date: /home/gong/onset_ws/install/odrive_ros2_control/share/odrive_ros2_control/cmake/ament_cmake_export_dependencies-extras.cmake\n'}
[0.602345] (odrive_ros2_control) StdoutLine: {'line': b'-- Up-to-date: /home/gong/onset_ws/install/odrive_ros2_control/share/odrive_ros2_control/cmake/odrive_ros2_controlConfig.cmake\n'}
[0.602407] (odrive_ros2_control) StdoutLine: {'line': b'-- Up-to-date: /home/gong/onset_ws/install/odrive_ros2_control/share/odrive_ros2_control/cmake/odrive_ros2_controlConfig-version.cmake\n'}
[0.602478] (odrive_ros2_control) StdoutLine: {'line': b'-- Up-to-date: /home/gong/onset_ws/install/odrive_ros2_control/share/odrive_ros2_control/package.xml\n'}
[0.612306] (odrive_ros2_control) CommandEnded: {'returncode': 0}
[0.614217] (odrive_can) StdoutLine: {'line': b'[ 31%] Built target odrive_can__rosidl_typesupport_fastrtps_c\n'}
[0.624890] (odrive_can) StdoutLine: {'line': b'[ 41%] Built target odrive_can__rosidl_typesupport_fastrtps_cpp\n'}
[0.625081] (-) TimerEvent: {}
[0.702217] (odrive_can) StdoutLine: {'line': b'[ 51%] Built target odrive_can__rosidl_typesupport_c\n'}
[0.726639] (-) TimerEvent: {}
[0.737088] (odrive_ros2_control) JobEnded: {'identifier': 'odrive_ros2_control', 'rc': 0}
[0.738437] (onset_interfaces) JobStarted: {'identifier': 'onset_interfaces'}
[0.762420] (odrive_can) StdoutLine: {'line': b'[ 61%] Built target odrive_can__rosidl_typesupport_introspection_c\n'}
[0.776283] (onset_interfaces) JobProgress: {'identifier': 'onset_interfaces', 'progress': 'cmake'}
[0.782094] (onset_interfaces) JobProgress: {'identifier': 'onset_interfaces', 'progress': 'build'}
[0.782380] (onset_interfaces) Command: {'cmd': ['/usr/bin/cmake', '--build', '/home/gong/onset_ws/build/onset_interfaces', '--', '-j2', '-l2'], 'cwd': '/home/gong/onset_ws/build/onset_interfaces', 'env': OrderedDict([('LESSOPEN', '| /usr/bin/lesspipe %s'), ('LANGUAGE', 'en_CA:en'), ('USER', 'gong'), ('XDG_SESSION_TYPE', 'wayland'), ('SHLVL', '1'), ('LD_LIBRARY_PATH', '/home/gong/onset_ws/install/onset_interfaces/lib:/home/gong/onset_ws/install/odrive_ros2_control/lib:/home/gong/onset_ws/install/odrive_can/lib:/usr/lib/x86_64-linux-gnu/gazebo-11/plugins:/opt/ros/humble/opt/rviz_ogre_vendor/lib:/opt/ros/humble/lib/x86_64-linux-gnu:/opt/ros/humble/lib'), ('HOME', '/home/gong'), ('DESKTOP_SESSION', 'ubuntu'), ('ROS_PYTHON_VERSION', '3'), ('GNOME_SHELL_SESSION_MODE', 'ubuntu'), ('GTK_MODULES', 'gail:atk-bridge'), ('SYSTEMD_EXEC_PID', '2262'), ('DBUS_SESSION_BUS_ADDRESS', 'unix:path=/run/user/1000/bus'), ('COLORTERM', 'truecolor'), ('IM_CONFIG_PHASE', '1'), ('WAYLAND_DISPLAY', 'wayland-0'), ('COLCON_PREFIX_PATH', '/home/gong/onset_ws/install'), ('ROS_DISTRO', 'humble'), ('LOGNAME', 'gong'), ('_', '/usr/bin/colcon'), ('ROS_VERSION', '2'), ('XDG_SESSION_CLASS', 'user'), ('USERNAME', 'gong'), ('TERM', 'xterm-256color'), ('GNOME_DESKTOP_SESSION_ID', 'this-is-deprecated'), ('ROS_LOCALHOST_ONLY', '0'), ('PATH', '/opt/ros/humble/bin:/home/gong/.local/bin:/usr/local/sbin:/usr/local/bin:/usr/sbin:/usr/bin:/sbin:/bin:/usr/games:/usr/local/games:/snap/bin:/snap/bin'), ('SESSION_MANAGER', 'local/gong-virtual-machine:@/tmp/.ICE-unix/1633,unix/gong-virtual-machine:/tmp/.ICE-unix/1633'), ('XDG_MENU_PREFIX', 'gnome-'), ('GNOME_TERMINAL_SCREEN', '/org/gnome/Terminal/screen/9c15f2a0_d528_40b8_bca7_89db012881b1'), ('GNOME_SETUP_DISPLAY', ':1'), ('XDG_RUNTIME_DIR', '/run/user/1000'), ('DISPLAY', ':0'), ('LANG', 'en_US.UTF-8'), ('XDG_CURRENT_DESKTOP', 'ubuntu:GNOME'), ('XMODIFIERS', '@im=ibus'), ('XDG_SESSION_DESKTOP', 'ubuntu'), ('XAUTHORITY', '/run/user/1000/.mutter-Xwaylandauth.S5U2L3'), ('LS_COLORS', 'rs=0:di=01;34:ln=01;36:mh=00:pi=40;33:so=01;35:do=01;35:bd=40;33;01:cd=40;33;01:or=40;31;01:mi=00:su=37;41:sg=30;43:ca=30;41:tw=30;42:ow=34;42:st=37;44:ex=01;32:*.tar=01;31:*.tgz=01;31:*.arc=01;31:*.arj=01;31:*.taz=01;31:*.lha=01;31:*.lz4=01;31:*.lzh=01;31:*.lzma=01;31:*.tlz=01;31:*.txz=01;31:*.tzo=01;31:*.t7z=01;31:*.zip=01;31:*.z=01;31:*.dz=01;31:*.gz=01;31:*.lrz=01;31:*.lz=01;31:*.lzo=01;31:*.xz=01;31:*.zst=01;31:*.tzst=01;31:*.bz2=01;31:*.bz=01;31:*.tbz=01;31:*.tbz2=01;31:*.tz=01;31:*.deb=01;31:*.rpm=01;31:*.jar=01;31:*.war=01;31:*.ear=01;31:*.sar=01;31:*.rar=01;31:*.alz=01;31:*.ace=01;31:*.zoo=01;31:*.cpio=01;31:*.7z=01;31:*.rz=01;31:*.cab=01;31:*.wim=01;31:*.swm=01;31:*.dwm=01;31:*.esd=01;31:*.jpg=01;35:*.jpeg=01;35:*.mjpg=01;35:*.mjpeg=01;35:*.gif=01;35:*.bmp=01;35:*.pbm=01;35:*.pgm=01;35:*.ppm=01;35:*.tga=01;35:*.xbm=01;35:*.xpm=01;35:*.tif=01;35:*.tiff=01;35:*.png=01;35:*.svg=01;35:*.svgz=01;35:*.mng=01;35:*.pcx=01;35:*.mov=01;35:*.mpg=01;35:*.mpeg=01;35:*.m2v=01;35:*.mkv=01;35:*.webm=01;35:*.webp=01;35:*.ogm=01;35:*.mp4=01;35:*.m4v=01;35:*.mp4v=01;35:*.vob=01;35:*.qt=01;35:*.nuv=01;35:*.wmv=01;35:*.asf=01;35:*.rm=01;35:*.rmvb=01;35:*.flc=01;35:*.avi=01;35:*.fli=01;35:*.flv=01;35:*.gl=01;35:*.dl=01;35:*.xcf=01;35:*.xwd=01;35:*.yuv=01;35:*.cgm=01;35:*.emf=01;35:*.ogv=01;35:*.ogx=01;35:*.aac=00;36:*.au=00;36:*.flac=00;36:*.m4a=00;36:*.mid=00;36:*.midi=00;36:*.mka=00;36:*.mp3=00;36:*.mpc=00;36:*.ogg=00;36:*.ra=00;36:*.wav=00;36:*.oga=00;36:*.opus=00;36:*.spx=00;36:*.xspf=00;36:'), ('GNOME_TERMINAL_SERVICE', ':1.105'), ('SSH_AGENT_LAUNCHER', 'gnome-keyring'), ('SSH_AUTH_SOCK', '/run/user/1000/keyring/ssh'), ('ROS_DOMAIN_ID', '0'), ('AMENT_PREFIX_PATH', '/home/gong/onset_ws/install/onsetbot:/home/gong/onset_ws/install/onset_interfaces:/home/gong/onset_ws/install/odrive_botwheel_explorer:/home/gong/onset_ws/install/odrive_ros2_control:/home/gong/onset_ws/install/odrive_can:/opt/ros/humble'), ('SHELL', '/bin/bash'), ('QT_ACCESSIBILITY', '1'), ('GDMSESSION', 'ubuntu'), ('LESSCLOSE', '/usr/bin/lesspipe %s %s'), ('QT_IM_MODULE', 'ibus'), ('PWD', '/home/gong/onset_ws/build/onset_interfaces'), ('LC_ALL', 'en_US.UTF-8'), ('XDG_CONFIG_DIRS', '/etc/xdg/xdg-ubuntu:/etc/xdg'), ('XDG_DATA_DIRS', '/usr/share/ubuntu:/usr/local/share/:/usr/share/:/var/lib/snapd/desktop'), ('PYTHONPATH', '/home/gong/onset_ws/install/onsetbot/lib/python3.10/site-packages:/home/gong/onset_ws/install/onset_interfaces/local/lib/python3.10/dist-packages:/home/gong/onset_ws/install/odrive_can/local/lib/python3.10/dist-packages:/opt/ros/humble/lib/python3.10/site-packages:/opt/ros/humble/local/lib/python3.10/dist-packages'), ('COLCON', '1'), ('VTE_VERSION', '6800'), ('CMAKE_PREFIX_PATH', '/home/gong/onset_ws/install/onset_interfaces:/home/gong/onset_ws/install/odrive_botwheel_explorer:/home/gong/onset_ws/install/odrive_ros2_control:/home/gong/onset_ws/install/odrive_can:/home/gong/onset_ws/install/onsetbot:/opt/ros/humble')]), 'shell': False}
[0.832105] (-) TimerEvent: {}
[0.871200] (odrive_can) StdoutLine: {'line': b'[ 71%] Built target odrive_can__rosidl_typesupport_introspection_cpp\n'}
[0.932631] (-) TimerEvent: {}
[1.039433] (-) TimerEvent: {}
[1.086745] (onset_interfaces) StdoutLine: {'line': b'[ 10%] Built target onset_interfaces__rosidl_generator_c\n'}
[1.094344] (odrive_can) StdoutLine: {'line': b'[ 80%] Built target odrive_can_node\n'}
[1.132186] (onset_interfaces) StdoutLine: {'line': b'[ 12%] Built target onset_interfaces__cpp\n'}
[1.139988] (-) TimerEvent: {}
[1.210784] (onset_interfaces) StdoutLine: {'line': b'[ 12%] Built target ament_cmake_python_copy_onset_interfaces\n'}
[1.223732] (odrive_can) StdoutLine: {'line': b'[ 80%] Built target odrive_can\n'}
[1.242481] (-) TimerEvent: {}
[1.248734] (onset_interfaces) StdoutLine: {'line': b'[ 23%] Built target onset_interfaces__rosidl_typesupport_cpp\n'}
[1.318566] (odrive_can) StdoutLine: {'line': b'[ 81%] Built target odrive_can__py\n'}
[1.344478] (onset_interfaces) StdoutLine: {'line': b'[ 34%] Built target onset_interfaces__rosidl_typesupport_fastrtps_c\n'}
[1.344708] (-) TimerEvent: {}
[1.370448] (onset_interfaces) StdoutLine: {'line': b'[ 45%] Built target onset_interfaces__rosidl_typesupport_introspection_c\n'}
[1.433779] (odrive_can) StdoutLine: {'line': b'[ 90%] Built target odrive_can__rosidl_generator_py\n'}
[1.446485] (-) TimerEvent: {}
[1.450208] (onset_interfaces) StdoutLine: {'line': b'[ 56%] Built target onset_interfaces__rosidl_typesupport_c\n'}
[1.499093] (onset_interfaces) StdoutLine: {'line': b'[ 67%] Built target onset_interfaces__rosidl_typesupport_fastrtps_cpp\n'}
[1.537769] (odrive_can) StdoutLine: {'line': b'[ 93%] Built target odrive_can__rosidl_typesupport_fastrtps_c__pyext\n'}
[1.547862] (onset_interfaces) StdoutLine: {'line': b'[ 78%] Built target onset_interfaces__rosidl_typesupport_introspection_cpp\n'}
[1.550106] (-) TimerEvent: {}
[1.643354] (odrive_can) StdoutLine: {'line': b'[ 96%] Built target odrive_can__rosidl_typesupport_introspection_c__pyext\n'}
[1.651519] (-) TimerEvent: {}
[1.670643] (onset_interfaces) StdoutLine: {'line': b'[ 78%] Built target onset_interfaces\n'}
[1.753450] (-) TimerEvent: {}
[1.753742] (odrive_can) StdoutLine: {'line': b'[100%] Built target odrive_can__rosidl_typesupport_c__pyext\n'}
[1.786764] (onset_interfaces) StdoutLine: {'line': b'[ 80%] Built target onset_interfaces__py\n'}
[1.854180] (-) TimerEvent: {}
[1.880753] (odrive_can) StdoutLine: {'line': b'running egg_info\n'}
[1.884317] (odrive_can) StdoutLine: {'line': b'writing odrive_can.egg-info/PKG-INFO\n'}
[1.886039] (odrive_can) StdoutLine: {'line': b'writing dependency_links to odrive_can.egg-info/dependency_links.txt\n'}
[1.888323] (odrive_can) StdoutLine: {'line': b'writing top-level names to odrive_can.egg-info/top_level.txt\n'}
[1.889007] (onset_interfaces) StdoutLine: {'line': b'[ 89%] Built target onset_interfaces__rosidl_generator_py\n'}
[1.905145] (odrive_can) StdoutLine: {'line': b"reading manifest file 'odrive_can.egg-info/SOURCES.txt'\n"}
[1.908798] (odrive_can) StdoutLine: {'line': b"writing manifest file 'odrive_can.egg-info/SOURCES.txt'\n"}
[1.960755] (-) TimerEvent: {}
[1.985079] (onset_interfaces) StdoutLine: {'line': b'[ 92%] Built target onset_interfaces__rosidl_typesupport_fastrtps_c__pyext\n'}
[2.008792] (odrive_can) StdoutLine: {'line': b'[100%] Built target ament_cmake_python_build_odrive_can_egg\n'}
[2.033873] (odrive_can) CommandEnded: {'returncode': 0}
[2.034946] (odrive_can) JobProgress: {'identifier': 'odrive_can', 'progress': 'install'}
[2.039361] (odrive_can) Command: {'cmd': ['/usr/bin/cmake', '--install', '/home/gong/onset_ws/build/odrive_can'], 'cwd': '/home/gong/onset_ws/build/odrive_can', 'env': OrderedDict([('LESSOPEN', '| /usr/bin/lesspipe %s'), ('LANGUAGE', 'en_CA:en'), ('USER', 'gong'), ('XDG_SESSION_TYPE', 'wayland'), ('SHLVL', '1'), ('LD_LIBRARY_PATH', '/home/gong/onset_ws/install/onset_interfaces/lib:/home/gong/onset_ws/install/odrive_ros2_control/lib:/home/gong/onset_ws/install/odrive_can/lib:/usr/lib/x86_64-linux-gnu/gazebo-11/plugins:/opt/ros/humble/opt/rviz_ogre_vendor/lib:/opt/ros/humble/lib/x86_64-linux-gnu:/opt/ros/humble/lib'), ('HOME', '/home/gong'), ('DESKTOP_SESSION', 'ubuntu'), ('ROS_PYTHON_VERSION', '3'), ('GNOME_SHELL_SESSION_MODE', 'ubuntu'), ('GTK_MODULES', 'gail:atk-bridge'), ('SYSTEMD_EXEC_PID', '2262'), ('DBUS_SESSION_BUS_ADDRESS', 'unix:path=/run/user/1000/bus'), ('COLORTERM', 'truecolor'), ('IM_CONFIG_PHASE', '1'), ('WAYLAND_DISPLAY', 'wayland-0'), ('COLCON_PREFIX_PATH', '/home/gong/onset_ws/install'), ('ROS_DISTRO', 'humble'), ('LOGNAME', 'gong'), ('_', '/usr/bin/colcon'), ('ROS_VERSION', '2'), ('XDG_SESSION_CLASS', 'user'), ('USERNAME', 'gong'), ('TERM', 'xterm-256color'), ('GNOME_DESKTOP_SESSION_ID', 'this-is-deprecated'), ('ROS_LOCALHOST_ONLY', '0'), ('PATH', '/opt/ros/humble/bin:/home/gong/.local/bin:/usr/local/sbin:/usr/local/bin:/usr/sbin:/usr/bin:/sbin:/bin:/usr/games:/usr/local/games:/snap/bin:/snap/bin'), ('SESSION_MANAGER', 'local/gong-virtual-machine:@/tmp/.ICE-unix/1633,unix/gong-virtual-machine:/tmp/.ICE-unix/1633'), ('XDG_MENU_PREFIX', 'gnome-'), ('GNOME_TERMINAL_SCREEN', '/org/gnome/Terminal/screen/9c15f2a0_d528_40b8_bca7_89db012881b1'), ('GNOME_SETUP_DISPLAY', ':1'), ('XDG_RUNTIME_DIR', '/run/user/1000'), ('DISPLAY', ':0'), ('LANG', 'en_US.UTF-8'), ('XDG_CURRENT_DESKTOP', 'ubuntu:GNOME'), ('XMODIFIERS', '@im=ibus'), ('XDG_SESSION_DESKTOP', 'ubuntu'), ('XAUTHORITY', '/run/user/1000/.mutter-Xwaylandauth.S5U2L3'), ('LS_COLORS', 'rs=0:di=01;34:ln=01;36:mh=00:pi=40;33:so=01;35:do=01;35:bd=40;33;01:cd=40;33;01:or=40;31;01:mi=00:su=37;41:sg=30;43:ca=30;41:tw=30;42:ow=34;42:st=37;44:ex=01;32:*.tar=01;31:*.tgz=01;31:*.arc=01;31:*.arj=01;31:*.taz=01;31:*.lha=01;31:*.lz4=01;31:*.lzh=01;31:*.lzma=01;31:*.tlz=01;31:*.txz=01;31:*.tzo=01;31:*.t7z=01;31:*.zip=01;31:*.z=01;31:*.dz=01;31:*.gz=01;31:*.lrz=01;31:*.lz=01;31:*.lzo=01;31:*.xz=01;31:*.zst=01;31:*.tzst=01;31:*.bz2=01;31:*.bz=01;31:*.tbz=01;31:*.tbz2=01;31:*.tz=01;31:*.deb=01;31:*.rpm=01;31:*.jar=01;31:*.war=01;31:*.ear=01;31:*.sar=01;31:*.rar=01;31:*.alz=01;31:*.ace=01;31:*.zoo=01;31:*.cpio=01;31:*.7z=01;31:*.rz=01;31:*.cab=01;31:*.wim=01;31:*.swm=01;31:*.dwm=01;31:*.esd=01;31:*.jpg=01;35:*.jpeg=01;35:*.mjpg=01;35:*.mjpeg=01;35:*.gif=01;35:*.bmp=01;35:*.pbm=01;35:*.pgm=01;35:*.ppm=01;35:*.tga=01;35:*.xbm=01;35:*.xpm=01;35:*.tif=01;35:*.tiff=01;35:*.png=01;35:*.svg=01;35:*.svgz=01;35:*.mng=01;35:*.pcx=01;35:*.mov=01;35:*.mpg=01;35:*.mpeg=01;35:*.m2v=01;35:*.mkv=01;35:*.webm=01;35:*.webp=01;35:*.ogm=01;35:*.mp4=01;35:*.m4v=01;35:*.mp4v=01;35:*.vob=01;35:*.qt=01;35:*.nuv=01;35:*.wmv=01;35:*.asf=01;35:*.rm=01;35:*.rmvb=01;35:*.flc=01;35:*.avi=01;35:*.fli=01;35:*.flv=01;35:*.gl=01;35:*.dl=01;35:*.xcf=01;35:*.xwd=01;35:*.yuv=01;35:*.cgm=01;35:*.emf=01;35:*.ogv=01;35:*.ogx=01;35:*.aac=00;36:*.au=00;36:*.flac=00;36:*.m4a=00;36:*.mid=00;36:*.midi=00;36:*.mka=00;36:*.mp3=00;36:*.mpc=00;36:*.ogg=00;36:*.ra=00;36:*.wav=00;36:*.oga=00;36:*.opus=00;36:*.spx=00;36:*.xspf=00;36:'), ('GNOME_TERMINAL_SERVICE', ':1.105'), ('SSH_AGENT_LAUNCHER', 'gnome-keyring'), ('SSH_AUTH_SOCK', '/run/user/1000/keyring/ssh'), ('ROS_DOMAIN_ID', '0'), ('AMENT_PREFIX_PATH', '/home/gong/onset_ws/install/onsetbot:/home/gong/onset_ws/install/onset_interfaces:/home/gong/onset_ws/install/odrive_botwheel_explorer:/home/gong/onset_ws/install/odrive_ros2_control:/home/gong/onset_ws/install/odrive_can:/opt/ros/humble'), ('SHELL', '/bin/bash'), ('QT_ACCESSIBILITY', '1'), ('GDMSESSION', 'ubuntu'), ('LESSCLOSE', '/usr/bin/lesspipe %s %s'), ('QT_IM_MODULE', 'ibus'), ('PWD', '/home/gong/onset_ws/build/odrive_can'), ('LC_ALL', 'en_US.UTF-8'), ('XDG_CONFIG_DIRS', '/etc/xdg/xdg-ubuntu:/etc/xdg'), ('XDG_DATA_DIRS', '/usr/share/ubuntu:/usr/local/share/:/usr/share/:/var/lib/snapd/desktop'), ('PYTHONPATH', '/home/gong/onset_ws/install/onsetbot/lib/python3.10/site-packages:/home/gong/onset_ws/install/onset_interfaces/local/lib/python3.10/dist-packages:/home/gong/onset_ws/install/odrive_can/local/lib/python3.10/dist-packages:/opt/ros/humble/lib/python3.10/site-packages:/opt/ros/humble/local/lib/python3.10/dist-packages'), ('COLCON', '1'), ('VTE_VERSION', '6800'), ('CMAKE_PREFIX_PATH', '/home/gong/onset_ws/install/onset_interfaces:/home/gong/onset_ws/install/odrive_botwheel_explorer:/home/gong/onset_ws/install/odrive_ros2_control:/home/gong/onset_ws/install/odrive_can:/home/gong/onset_ws/install/onsetbot:/opt/ros/humble')]), 'shell': False}
[2.063149] (-) TimerEvent: {}
[2.070327] (odrive_can) StdoutLine: {'line': b'-- Install configuration: ""\n'}
[2.071360] (odrive_can) StdoutLine: {'line': b'-- Up-to-date: /home/gong/onset_ws/install/odrive_can/share/ament_index/resource_index/rosidl_interfaces/odrive_can\n'}
[2.071694] (odrive_can) StdoutLine: {'line': b'-- Up-to-date: /home/gong/onset_ws/install/odrive_can/include/odrive_can/odrive_can\n'}
[2.072226] (odrive_can) StdoutLine: {'line': b'-- Up-to-date: /home/gong/onset_ws/install/odrive_can/include/odrive_can/odrive_can/msg\n'}
[2.072466] (odrive_can) StdoutLine: {'line': b'-- Up-to-date: /home/gong/onset_ws/install/odrive_can/include/odrive_can/odrive_can/msg/controller_status.h\n'}
[2.072861] (odrive_can) StdoutLine: {'line': b'-- Up-to-date: /home/gong/onset_ws/install/odrive_can/include/odrive_can/odrive_can/msg/detail\n'}
[2.075514] (odrive_can) StdoutLine: {'line': b'-- Up-to-date: /home/gong/onset_ws/install/odrive_can/include/odrive_can/odrive_can/msg/detail/control_message__functions.h\n'}
[2.075754] (odrive_can) StdoutLine: {'line': b'-- Up-to-date: /home/gong/onset_ws/install/odrive_can/include/odrive_can/odrive_can/msg/detail/controller_status__functions.h\n'}
[2.075830] (odrive_can) StdoutLine: {'line': b'-- Up-to-date: /home/gong/onset_ws/install/odrive_can/include/odrive_can/odrive_can/msg/detail/o_drive_status__type_support.h\n'}
[2.075968] (odrive_can) StdoutLine: {'line': b'-- Up-to-date: /home/gong/onset_ws/install/odrive_can/include/odrive_can/odrive_can/msg/detail/o_drive_status__functions.c\n'}
[2.076082] (odrive_can) StdoutLine: {'line': b'-- Up-to-date: /home/gong/onset_ws/install/odrive_can/include/odrive_can/odrive_can/msg/detail/controller_status__functions.c\n'}
[2.076147] (odrive_can) StdoutLine: {'line': b'-- Up-to-date: /home/gong/onset_ws/install/odrive_can/include/odrive_can/odrive_can/msg/detail/control_message__type_support.h\n'}
[2.079122] (odrive_can) StdoutLine: {'line': b'-- Up-to-date: /home/gong/onset_ws/install/odrive_can/include/odrive_can/odrive_can/msg/detail/o_drive_status__functions.h\n'}
[2.080431] (odrive_can) StdoutLine: {'line': b'-- Up-to-date: /home/gong/onset_ws/install/odrive_can/include/odrive_can/odrive_can/msg/detail/controller_status__type_support.h\n'}
[2.081011] (odrive_can) StdoutLine: {'line': b'-- Up-to-date: /home/gong/onset_ws/install/odrive_can/include/odrive_can/odrive_can/msg/detail/control_message__struct.h\n'}
[2.082878] (odrive_can) StdoutLine: {'line': b'-- Up-to-date: /home/gong/onset_ws/install/odrive_can/include/odrive_can/odrive_can/msg/detail/o_drive_status__struct.h\n'}
[2.084545] (odrive_can) StdoutLine: {'line': b'-- Up-to-date: /home/gong/onset_ws/install/odrive_can/include/odrive_can/odrive_can/msg/detail/controller_status__struct.h\n'}
[2.084669] (odrive_can) StdoutLine: {'line': b'-- Up-to-date: /home/gong/onset_ws/install/odrive_can/include/odrive_can/odrive_can/msg/detail/control_message__functions.c\n'}
[2.084746] (odrive_can) StdoutLine: {'line': b'-- Up-to-date: /home/gong/onset_ws/install/odrive_can/include/odrive_can/odrive_can/msg/control_message.h\n'}
[2.084812] (odrive_can) StdoutLine: {'line': b'-- Up-to-date: /home/gong/onset_ws/install/odrive_can/include/odrive_can/odrive_can/msg/rosidl_generator_c__visibility_control.h\n'}
[2.084873] (odrive_can) StdoutLine: {'line': b'-- Up-to-date: /home/gong/onset_ws/install/odrive_can/include/odrive_can/odrive_can/msg/o_drive_status.h\n'}
[2.084930] (odrive_can) StdoutLine: {'line': b'-- Up-to-date: /home/gong/onset_ws/install/odrive_can/include/odrive_can/odrive_can/srv\n'}
[2.084985] (odrive_can) StdoutLine: {'line': b'-- Up-to-date: /home/gong/onset_ws/install/odrive_can/include/odrive_can/odrive_can/srv/detail\n'}
[2.085347] (odrive_can) StdoutLine: {'line': b'-- Up-to-date: /home/gong/onset_ws/install/odrive_can/include/odrive_can/odrive_can/srv/detail/axis_state__struct.h\n'}
[2.085427] (odrive_can) StdoutLine: {'line': b'-- Up-to-date: /home/gong/onset_ws/install/odrive_can/include/odrive_can/odrive_can/srv/detail/axis_state__type_support.h\n'}
[2.085488] (odrive_can) StdoutLine: {'line': b'-- Up-to-date: /home/gong/onset_ws/install/odrive_can/include/odrive_can/odrive_can/srv/detail/axis_state__functions.h\n'}
[2.085572] (odrive_can) StdoutLine: {'line': b'-- Up-to-date: /home/gong/onset_ws/install/odrive_can/include/odrive_can/odrive_can/srv/detail/axis_state__functions.c\n'}
[2.085631] (odrive_can) StdoutLine: {'line': b'-- Up-to-date: /home/gong/onset_ws/install/odrive_can/include/odrive_can/odrive_can/srv/axis_state.h\n'}
[2.085687] (odrive_can) StdoutLine: {'line': b'-- Up-to-date: /home/gong/onset_ws/install/odrive_can/share/odrive_can/environment/library_path.sh\n'}
[2.085743] (odrive_can) StdoutLine: {'line': b'-- Up-to-date: /home/gong/onset_ws/install/odrive_can/share/odrive_can/environment/library_path.dsv\n'}
[2.085801] (odrive_can) StdoutLine: {'line': b'-- Up-to-date: /home/gong/onset_ws/install/odrive_can/lib/libodrive_can__rosidl_generator_c.so\n'}
[2.085858] (odrive_can) StdoutLine: {'line': b'-- Up-to-date: /home/gong/onset_ws/install/odrive_can/include/odrive_can/odrive_can\n'}
[2.085914] (odrive_can) StdoutLine: {'line': b'-- Up-to-date: /home/gong/onset_ws/install/odrive_can/include/odrive_can/odrive_can/msg\n'}
[2.085969] (odrive_can) StdoutLine: {'line': b'-- Up-to-date: /home/gong/onset_ws/install/odrive_can/include/odrive_can/odrive_can/msg/detail\n'}
[2.086024] (odrive_can) StdoutLine: {'line': b'-- Up-to-date: /home/gong/onset_ws/install/odrive_can/include/odrive_can/odrive_can/msg/detail/controller_status__rosidl_typesupport_fastrtps_c.h\n'}
[2.086081] (odrive_can) StdoutLine: {'line': b'-- Up-to-date: /home/gong/onset_ws/install/odrive_can/include/odrive_can/odrive_can/msg/detail/control_message__rosidl_typesupport_fastrtps_c.h\n'}
[2.086135] (odrive_can) StdoutLine: {'line': b'-- Up-to-date: /home/gong/onset_ws/install/odrive_can/include/odrive_can/odrive_can/msg/detail/o_drive_status__rosidl_typesupport_fastrtps_c.h\n'}
[2.090699] (odrive_can) StdoutLine: {'line': b'-- Up-to-date: /home/gong/onset_ws/install/odrive_can/include/odrive_can/odrive_can/msg/rosidl_typesupport_fastrtps_c__visibility_control.h\n'}
[2.090816] (odrive_can) StdoutLine: {'line': b'-- Up-to-date: /home/gong/onset_ws/install/odrive_can/include/odrive_can/odrive_can/srv\n'}
[2.090882] (odrive_can) StdoutLine: {'line': b'-- Up-to-date: /home/gong/onset_ws/install/odrive_can/include/odrive_can/odrive_can/srv/detail\n'}
[2.090944] (odrive_can) StdoutLine: {'line': b'-- Up-to-date: /home/gong/onset_ws/install/odrive_can/include/odrive_can/odrive_can/srv/detail/axis_state__rosidl_typesupport_fastrtps_c.h\n'}
[2.091008] (odrive_can) StdoutLine: {'line': b'-- Up-to-date: /home/gong/onset_ws/install/odrive_can/lib/libodrive_can__rosidl_typesupport_fastrtps_c.so\n'}
[2.091066] (odrive_can) StdoutLine: {'line': b'-- Up-to-date: /home/gong/onset_ws/install/odrive_can/include/odrive_can/odrive_can\n'}
[2.091123] (odrive_can) StdoutLine: {'line': b'-- Up-to-date: /home/gong/onset_ws/install/odrive_can/include/odrive_can/odrive_can/msg\n'}
[2.091225] (odrive_can) StdoutLine: {'line': b'-- Up-to-date: /home/gong/onset_ws/install/odrive_can/include/odrive_can/odrive_can/msg/control_message.hpp\n'}
[2.091286] (odrive_can) StdoutLine: {'line': b'-- Up-to-date: /home/gong/onset_ws/install/odrive_can/include/odrive_can/odrive_can/msg/rosidl_generator_cpp__visibility_control.hpp\n'}
[2.091342] (odrive_can) StdoutLine: {'line': b'-- Up-to-date: /home/gong/onset_ws/install/odrive_can/include/odrive_can/odrive_can/msg/o_drive_status.hpp\n'}
[2.091397] (odrive_can) StdoutLine: {'line': b'-- Up-to-date: /home/gong/onset_ws/install/odrive_can/include/odrive_can/odrive_can/msg/detail\n'}
[2.091453] (onset_interfaces) StdoutLine: {'line': b'[ 96%] Built target onset_interfaces__rosidl_typesupport_introspection_c__pyext\n'}
[2.091531] (odrive_can) StdoutLine: {'line': b'-- Up-to-date: /home/gong/onset_ws/install/odrive_can/include/odrive_can/odrive_can/msg/detail/control_message__type_support.hpp\n'}
[2.094379] (odrive_can) StdoutLine: {'line': b'-- Up-to-date: /home/gong/onset_ws/install/odrive_can/include/odrive_can/odrive_can/msg/detail/controller_status__builder.hpp\n'}
[2.094481] (odrive_can) StdoutLine: {'line': b'-- Up-to-date: /home/gong/onset_ws/install/odrive_can/include/odrive_can/odrive_can/msg/detail/controller_status__struct.hpp\n'}
[2.094562] (odrive_can) StdoutLine: {'line': b'-- Up-to-date: /home/gong/onset_ws/install/odrive_can/include/odrive_can/odrive_can/msg/detail/o_drive_status__builder.hpp\n'}
[2.094625] (odrive_can) StdoutLine: {'line': b'-- Up-to-date: /home/gong/onset_ws/install/odrive_can/include/odrive_can/odrive_can/msg/detail/controller_status__type_support.hpp\n'}
[2.094683] (odrive_can) StdoutLine: {'line': b'-- Up-to-date: /home/gong/onset_ws/install/odrive_can/include/odrive_can/odrive_can/msg/detail/o_drive_status__traits.hpp\n'}
[2.094739] (odrive_can) StdoutLine: {'line': b'-- Up-to-date: /home/gong/onset_ws/install/odrive_can/include/odrive_can/odrive_can/msg/detail/control_message__builder.hpp\n'}
[2.094795] (odrive_can) StdoutLine: {'line': b'-- Up-to-date: /home/gong/onset_ws/install/odrive_can/include/odrive_can/odrive_can/msg/detail/controller_status__traits.hpp\n'}
[2.094849] (odrive_can) StdoutLine: {'line': b'-- Up-to-date: /home/gong/onset_ws/install/odrive_can/include/odrive_can/odrive_can/msg/detail/o_drive_status__struct.hpp\n'}
[2.094903] (odrive_can) StdoutLine: {'line': b'-- Up-to-date: /home/gong/onset_ws/install/odrive_can/include/odrive_can/odrive_can/msg/detail/control_message__struct.hpp\n'}
[2.094956] (odrive_can) StdoutLine: {'line': b'-- Up-to-date: /home/gong/onset_ws/install/odrive_can/include/odrive_can/odrive_can/msg/detail/control_message__traits.hpp\n'}
[2.095009] (odrive_can) StdoutLine: {'line': b'-- Up-to-date: /home/gong/onset_ws/install/odrive_can/include/odrive_can/odrive_can/msg/detail/o_drive_status__type_support.hpp\n'}
[2.095061] (odrive_can) StdoutLine: {'line': b'-- Up-to-date: /home/gong/onset_ws/install/odrive_can/include/odrive_can/odrive_can/msg/controller_status.hpp\n'}
[2.095124] (odrive_can) StdoutLine: {'line': b'-- Up-to-date: /home/gong/onset_ws/install/odrive_can/include/odrive_can/odrive_can/srv\n'}
[2.095233] (odrive_can) StdoutLine: {'line': b'-- Up-to-date: /home/gong/onset_ws/install/odrive_can/include/odrive_can/odrive_can/srv/detail\n'}
[2.095298] (odrive_can) StdoutLine: {'line': b'-- Up-to-date: /home/gong/onset_ws/install/odrive_can/include/odrive_can/odrive_can/srv/detail/axis_state__builder.hpp\n'}
[2.095355] (odrive_can) StdoutLine: {'line': b'-- Up-to-date: /home/gong/onset_ws/install/odrive_can/include/odrive_can/odrive_can/srv/detail/axis_state__struct.hpp\n'}
[2.095410] (odrive_can) StdoutLine: {'line': b'-- Up-to-date: /home/gong/onset_ws/install/odrive_can/include/odrive_can/odrive_can/srv/detail/axis_state__traits.hpp\n'}
[2.095464] (odrive_can) StdoutLine: {'line': b'-- Up-to-date: /home/gong/onset_ws/install/odrive_can/include/odrive_can/odrive_can/srv/detail/axis_state__type_support.hpp\n'}
[2.095517] (odrive_can) StdoutLine: {'line': b'-- Up-to-date: /home/gong/onset_ws/install/odrive_can/include/odrive_can/odrive_can/srv/axis_state.hpp\n'}
[2.095570] (odrive_can) StdoutLine: {'line': b'-- Up-to-date: /home/gong/onset_ws/install/odrive_can/include/odrive_can/odrive_can\n'}
[2.095624] (odrive_can) StdoutLine: {'line': b'-- Up-to-date: /home/gong/onset_ws/install/odrive_can/include/odrive_can/odrive_can/msg\n'}
[2.095678] (odrive_can) StdoutLine: {'line': b'-- Up-to-date: /home/gong/onset_ws/install/odrive_can/include/odrive_can/odrive_can/msg/detail\n'}
[2.100232] (odrive_can) StdoutLine: {'line': b'-- Up-to-date: /home/gong/onset_ws/install/odrive_can/include/odrive_can/odrive_can/msg/detail/o_drive_status__rosidl_typesupport_fastrtps_cpp.hpp\n'}
[2.101345] (odrive_can) StdoutLine: {'line': b'-- Up-to-date: /home/gong/onset_ws/install/odrive_can/include/odrive_can/odrive_can/msg/detail/controller_status__rosidl_typesupport_fastrtps_cpp.hpp\n'}
[2.101442] (odrive_can) StdoutLine: {'line': b'-- Up-to-date: /home/gong/onset_ws/install/odrive_can/include/odrive_can/odrive_can/msg/detail/dds_fastrtps\n'}
[2.101510] (odrive_can) StdoutLine: {'line': b'-- Up-to-date: /home/gong/onset_ws/install/odrive_can/include/odrive_can/odrive_can/msg/detail/control_message__rosidl_typesupport_fastrtps_cpp.hpp\n'}
[2.101571] (odrive_can) StdoutLine: {'line': b'-- Up-to-date: /home/gong/onset_ws/install/odrive_can/include/odrive_can/odrive_can/msg/rosidl_typesupport_fastrtps_cpp__visibility_control.h\n'}
[2.101632] (odrive_can) StdoutLine: {'line': b'-- Up-to-date: /home/gong/onset_ws/install/odrive_can/include/odrive_can/odrive_can/srv\n'}
[2.101690] (odrive_can) StdoutLine: {'line': b'-- Up-to-date: /home/gong/onset_ws/install/odrive_can/include/odrive_can/odrive_can/srv/detail\n'}
[2.101746] (odrive_can) StdoutLine: {'line': b'-- Up-to-date: /home/gong/onset_ws/install/odrive_can/include/odrive_can/odrive_can/srv/detail/axis_state__rosidl_typesupport_fastrtps_cpp.hpp\n'}
[2.101801] (odrive_can) StdoutLine: {'line': b'-- Up-to-date: /home/gong/onset_ws/install/odrive_can/include/odrive_can/odrive_can/srv/detail/dds_fastrtps\n'}
[2.104632] (odrive_can) StdoutLine: {'line': b'-- Up-to-date: /home/gong/onset_ws/install/odrive_can/lib/libodrive_can__rosidl_typesupport_fastrtps_cpp.so\n'}
[2.104917] (odrive_can) StdoutLine: {'line': b'-- Up-to-date: /home/gong/onset_ws/install/odrive_can/include/odrive_can/odrive_can\n'}
[2.105024] (odrive_can) StdoutLine: {'line': b'-- Up-to-date: /home/gong/onset_ws/install/odrive_can/include/odrive_can/odrive_can/msg\n'}
[2.105097] (odrive_can) StdoutLine: {'line': b'-- Up-to-date: /home/gong/onset_ws/install/odrive_can/include/odrive_can/odrive_can/msg/detail\n'}
[2.105184] (odrive_can) StdoutLine: {'line': b'-- Up-to-date: /home/gong/onset_ws/install/odrive_can/include/odrive_can/odrive_can/msg/detail/o_drive_status__rosidl_typesupport_introspection_c.h\n'}
[2.105250] (odrive_can) StdoutLine: {'line': b'-- Up-to-date: /home/gong/onset_ws/install/odrive_can/include/odrive_can/odrive_can/msg/detail/controller_status__type_support.c\n'}
[2.109327] (odrive_can) StdoutLine: {'line': b'-- Up-to-date: /home/gong/onset_ws/install/odrive_can/include/odrive_can/odrive_can/msg/detail/controller_status__rosidl_typesupport_introspection_c.h\n'}
[2.109451] (odrive_can) StdoutLine: {'line': b'-- Up-to-date: /home/gong/onset_ws/install/odrive_can/include/odrive_can/odrive_can/msg/detail/control_message__type_support.c\n'}
[2.109522] (odrive_can) StdoutLine: {'line': b'-- Up-to-date: /home/gong/onset_ws/install/odrive_can/include/odrive_can/odrive_can/msg/detail/control_message__rosidl_typesupport_introspection_c.h\n'}
[2.109585] (odrive_can) StdoutLine: {'line': b'-- Up-to-date: /home/gong/onset_ws/install/odrive_can/include/odrive_can/odrive_can/msg/detail/o_drive_status__type_support.c\n'}
[2.110668] (odrive_can) StdoutLine: {'line': b'-- Up-to-date: /home/gong/onset_ws/install/odrive_can/include/odrive_can/odrive_can/msg/rosidl_typesupport_introspection_c__visibility_control.h\n'}
[2.110816] (odrive_can) StdoutLine: {'line': b'-- Up-to-date: /home/gong/onset_ws/install/odrive_can/include/odrive_can/odrive_can/srv\n'}
[2.111005] (odrive_can) StdoutLine: {'line': b'-- Up-to-date: /home/gong/onset_ws/install/odrive_can/include/odrive_can/odrive_can/srv/detail\n'}
[2.111109] (odrive_can) StdoutLine: {'line': b'-- Up-to-date: /home/gong/onset_ws/install/odrive_can/include/odrive_can/odrive_can/srv/detail/axis_state__rosidl_typesupport_introspection_c.h\n'}
[2.111178] (odrive_can) StdoutLine: {'line': b'-- Up-to-date: /home/gong/onset_ws/install/odrive_can/include/odrive_can/odrive_can/srv/detail/axis_state__type_support.c\n'}
[2.111240] (odrive_can) StdoutLine: {'line': b'-- Up-to-date: /home/gong/onset_ws/install/odrive_can/lib/libodrive_can__rosidl_typesupport_introspection_c.so\n'}
[2.111299] (odrive_can) StdoutLine: {'line': b'-- Up-to-date: /home/gong/onset_ws/install/odrive_can/lib/libodrive_can__rosidl_typesupport_c.so\n'}
[2.111382] (odrive_can) StdoutLine: {'line': b'-- Up-to-date: /home/gong/onset_ws/install/odrive_can/include/odrive_can/odrive_can\n'}
[2.111443] (odrive_can) StdoutLine: {'line': b'-- Up-to-date: /home/gong/onset_ws/install/odrive_can/include/odrive_can/odrive_can/msg\n'}
[2.111500] (odrive_can) StdoutLine: {'line': b'-- Up-to-date: /home/gong/onset_ws/install/odrive_can/include/odrive_can/odrive_can/msg/detail\n'}
[2.111557] (odrive_can) StdoutLine: {'line': b'-- Up-to-date: /home/gong/onset_ws/install/odrive_can/include/odrive_can/odrive_can/msg/detail/o_drive_status__rosidl_typesupport_introspection_cpp.hpp\n'}
[2.111616] (odrive_can) StdoutLine: {'line': b'-- Up-to-date: /home/gong/onset_ws/install/odrive_can/include/odrive_can/odrive_can/msg/detail/controller_status__rosidl_typesupport_introspection_cpp.hpp\n'}
[2.111675] (odrive_can) StdoutLine: {'line': b'-- Up-to-date: /home/gong/onset_ws/install/odrive_can/include/odrive_can/odrive_can/msg/detail/o_drive_status__type_support.cpp\n'}
[2.111731] (odrive_can) StdoutLine: {'line': b'-- Up-to-date: /home/gong/onset_ws/install/odrive_can/include/odrive_can/odrive_can/msg/detail/control_message__rosidl_typesupport_introspection_cpp.hpp\n'}
[2.114427] (odrive_can) StdoutLine: {'line': b'-- Up-to-date: /home/gong/onset_ws/install/odrive_can/include/odrive_can/odrive_can/msg/detail/control_message__type_support.cpp\n'}
[2.114522] (odrive_can) StdoutLine: {'line': b'-- Up-to-date: /home/gong/onset_ws/install/odrive_can/include/odrive_can/odrive_can/msg/detail/controller_status__type_support.cpp\n'}
[2.114591] (odrive_can) StdoutLine: {'line': b'-- Up-to-date: /home/gong/onset_ws/install/odrive_can/include/odrive_can/odrive_can/srv\n'}
[2.114653] (odrive_can) StdoutLine: {'line': b'-- Up-to-date: /home/gong/onset_ws/install/odrive_can/include/odrive_can/odrive_can/srv/detail\n'}
[2.114715] (odrive_can) StdoutLine: {'line': b'-- Up-to-date: /home/gong/onset_ws/install/odrive_can/include/odrive_can/odrive_can/srv/detail/axis_state__type_support.cpp\n'}
[2.114810] (odrive_can) StdoutLine: {'line': b'-- Up-to-date: /home/gong/onset_ws/install/odrive_can/include/odrive_can/odrive_can/srv/detail/axis_state__rosidl_typesupport_introspection_cpp.hpp\n'}
[2.114898] (odrive_can) StdoutLine: {'line': b'-- Up-to-date: /home/gong/onset_ws/install/odrive_can/lib/libodrive_can__rosidl_typesupport_introspection_cpp.so\n'}
[2.114963] (odrive_can) StdoutLine: {'line': b'-- Up-to-date: /home/gong/onset_ws/install/odrive_can/lib/libodrive_can__rosidl_typesupport_cpp.so\n'}
[2.115024] (odrive_can) StdoutLine: {'line': b'-- Up-to-date: /home/gong/onset_ws/install/odrive_can/share/odrive_can/environment/pythonpath.sh\n'}
[2.115083] (odrive_can) StdoutLine: {'line': b'-- Up-to-date: /home/gong/onset_ws/install/odrive_can/share/odrive_can/environment/pythonpath.dsv\n'}
[2.115142] (odrive_can) StdoutLine: {'line': b'-- Up-to-date: /home/gong/onset_ws/install/odrive_can/local/lib/python3.10/dist-packages/odrive_can-0.0.1-py3.10.egg-info\n'}
[2.115202] (odrive_can) StdoutLine: {'line': b'-- Installing: /home/gong/onset_ws/install/odrive_can/local/lib/python3.10/dist-packages/odrive_can-0.0.1-py3.10.egg-info/SOURCES.txt\n'}
[2.115389] (odrive_can) StdoutLine: {'line': b'-- Installing: /home/gong/onset_ws/install/odrive_can/local/lib/python3.10/dist-packages/odrive_can-0.0.1-py3.10.egg-info/top_level.txt\n'}
[2.115475] (odrive_can) StdoutLine: {'line': b'-- Installing: /home/gong/onset_ws/install/odrive_can/local/lib/python3.10/dist-packages/odrive_can-0.0.1-py3.10.egg-info/dependency_links.txt\n'}
[2.115539] (odrive_can) StdoutLine: {'line': b'-- Installing: /home/gong/onset_ws/install/odrive_can/local/lib/python3.10/dist-packages/odrive_can-0.0.1-py3.10.egg-info/PKG-INFO\n'}
[2.115597] (odrive_can) StdoutLine: {'line': b'-- Up-to-date: /home/gong/onset_ws/install/odrive_can/local/lib/python3.10/dist-packages/odrive_can\n'}
[2.115654] (odrive_can) StdoutLine: {'line': b'-- Up-to-date: /home/gong/onset_ws/install/odrive_can/local/lib/python3.10/dist-packages/odrive_can/odrive_can_s__rosidl_typesupport_fastrtps_c.cpython-310-x86_64-linux-gnu.so\n'}
[2.115710] (odrive_can) StdoutLine: {'line': b'-- Up-to-date: /home/gong/onset_ws/install/odrive_can/local/lib/python3.10/dist-packages/odrive_can/_odrive_can_s.ep.rosidl_typesupport_introspection_c.c\n'}
[2.115768] (odrive_can) StdoutLine: {'line': b'-- Up-to-date: /home/gong/onset_ws/install/odrive_can/local/lib/python3.10/dist-packages/odrive_can/__init__.py\n'}
[2.117610] (odrive_can) StdoutLine: {'line': b'-- Up-to-date: /home/gong/onset_ws/install/odrive_can/local/lib/python3.10/dist-packages/odrive_can/odrive_can_s__rosidl_typesupport_introspection_c.cpython-310-x86_64-linux-gnu.so\n'}
[2.118955] (odrive_can) StdoutLine: {'line': b'-- Up-to-date: /home/gong/onset_ws/install/odrive_can/local/lib/python3.10/dist-packages/odrive_can/libodrive_can__rosidl_generator_py.so\n'}
[2.119034] (odrive_can) StdoutLine: {'line': b'-- Up-to-date: /home/gong/onset_ws/install/odrive_can/local/lib/python3.10/dist-packages/odrive_can/msg\n'}
[2.119099] (odrive_can) StdoutLine: {'line': b'-- Up-to-date: /home/gong/onset_ws/install/odrive_can/local/lib/python3.10/dist-packages/odrive_can/msg/_control_message_s.c\n'}
[2.119161] (odrive_can) StdoutLine: {'line': b'-- Up-to-date: /home/gong/onset_ws/install/odrive_can/local/lib/python3.10/dist-packages/odrive_can/msg/_controller_status.py\n'}
[2.119219] (odrive_can) StdoutLine: {'line': b'-- Up-to-date: /home/gong/onset_ws/install/odrive_can/local/lib/python3.10/dist-packages/odrive_can/msg/__init__.py\n'}
[2.119274] (odrive_can) StdoutLine: {'line': b'-- Up-to-date: /home/gong/onset_ws/install/odrive_can/local/lib/python3.10/dist-packages/odrive_can/msg/_o_drive_status.py\n'}
[2.119354] (odrive_can) StdoutLine: {'line': b'-- Up-to-date: /home/gong/onset_ws/install/odrive_can/local/lib/python3.10/dist-packages/odrive_can/msg/_controller_status_s.c\n'}
[2.119411] (odrive_can) StdoutLine: {'line': b'-- Up-to-date: /home/gong/onset_ws/install/odrive_can/local/lib/python3.10/dist-packages/odrive_can/msg/_control_message.py\n'}
[2.119465] (odrive_can) StdoutLine: {'line': b'-- Up-to-date: /home/gong/onset_ws/install/odrive_can/local/lib/python3.10/dist-packages/odrive_can/msg/_o_drive_status_s.c\n'}
[2.119529] (odrive_can) StdoutLine: {'line': b'-- Up-to-date: /home/gong/onset_ws/install/odrive_can/local/lib/python3.10/dist-packages/odrive_can/_odrive_can_s.ep.rosidl_typesupport_fastrtps_c.c\n'}
[2.124685] (odrive_can) StdoutLine: {'line': b'-- Up-to-date: /home/gong/onset_ws/install/odrive_can/local/lib/python3.10/dist-packages/odrive_can/odrive_can_s__rosidl_typesupport_c.cpython-310-x86_64-linux-gnu.so\n'}
[2.124835] (odrive_can) StdoutLine: {'line': b'-- Up-to-date: /home/gong/onset_ws/install/odrive_can/local/lib/python3.10/dist-packages/odrive_can/_odrive_can_s.ep.rosidl_typesupport_c.c\n'}
[2.124913] (odrive_can) StdoutLine: {'line': b'-- Up-to-date: /home/gong/onset_ws/install/odrive_can/local/lib/python3.10/dist-packages/odrive_can/srv\n'}
[2.124975] (odrive_can) StdoutLine: {'line': b'-- Up-to-date: /home/gong/onset_ws/install/odrive_can/local/lib/python3.10/dist-packages/odrive_can/srv/_axis_state_s.c\n'}
[2.125032] (odrive_can) StdoutLine: {'line': b'-- Up-to-date: /home/gong/onset_ws/install/odrive_can/local/lib/python3.10/dist-packages/odrive_can/srv/_axis_state.py\n'}
[2.125087] (odrive_can) StdoutLine: {'line': b'-- Up-to-date: /home/gong/onset_ws/install/odrive_can/local/lib/python3.10/dist-packages/odrive_can/srv/__init__.py\n'}
[2.165017] (-) TimerEvent: {}
[2.215464] (odrive_can) StdoutLine: {'line': b"Listing '/home/gong/onset_ws/install/odrive_can/local/lib/python3.10/dist-packages/odrive_can'...\n"}
[2.215661] (odrive_can) StdoutLine: {'line': b"Listing '/home/gong/onset_ws/install/odrive_can/local/lib/python3.10/dist-packages/odrive_can/msg'...\n"}
[2.215725] (odrive_can) StdoutLine: {'line': b"Listing '/home/gong/onset_ws/install/odrive_can/local/lib/python3.10/dist-packages/odrive_can/srv'...\n"}
[2.216835] (onset_interfaces) StdoutLine: {'line': b'[100%] Built target onset_interfaces__rosidl_typesupport_c__pyext\n'}
[2.224411] (odrive_can) StdoutLine: {'line': b'-- Up-to-date: /home/gong/onset_ws/install/odrive_can/local/lib/python3.10/dist-packages/odrive_can/odrive_can_s__rosidl_typesupport_fastrtps_c.cpython-310-x86_64-linux-gnu.so\n'}
[2.224770] (odrive_can) StdoutLine: {'line': b'-- Up-to-date: /home/gong/onset_ws/install/odrive_can/local/lib/python3.10/dist-packages/odrive_can/odrive_can_s__rosidl_typesupport_introspection_c.cpython-310-x86_64-linux-gnu.so\n'}
[2.225156] (odrive_can) StdoutLine: {'line': b'-- Up-to-date: /home/gong/onset_ws/install/odrive_can/local/lib/python3.10/dist-packages/odrive_can/odrive_can_s__rosidl_typesupport_c.cpython-310-x86_64-linux-gnu.so\n'}
[2.227997] (odrive_can) StdoutLine: {'line': b'-- Up-to-date: /home/gong/onset_ws/install/odrive_can/lib/libodrive_can__rosidl_generator_py.so\n'}
[2.228197] (odrive_can) StdoutLine: {'line': b'-- Up-to-date: /home/gong/onset_ws/install/odrive_can/share/odrive_can/msg/ControlMessage.idl\n'}
[2.228256] (odrive_can) StdoutLine: {'line': b'-- Up-to-date: /home/gong/onset_ws/install/odrive_can/share/odrive_can/msg/ControllerStatus.idl\n'}
[2.228389] (odrive_can) StdoutLine: {'line': b'-- Up-to-date: /home/gong/onset_ws/install/odrive_can/share/odrive_can/msg/ODriveStatus.idl\n'}
[2.228447] (odrive_can) StdoutLine: {'line': b'-- Up-to-date: /home/gong/onset_ws/install/odrive_can/share/odrive_can/srv/AxisState.idl\n'}
[2.228495] (odrive_can) StdoutLine: {'line': b'-- Up-to-date: /home/gong/onset_ws/install/odrive_can/share/odrive_can/msg/ControlMessage.msg\n'}
[2.228538] (odrive_can) StdoutLine: {'line': b'-- Up-to-date: /home/gong/onset_ws/install/odrive_can/share/odrive_can/msg/ControllerStatus.msg\n'}
[2.228581] (odrive_can) StdoutLine: {'line': b'-- Up-to-date: /home/gong/onset_ws/install/odrive_can/share/odrive_can/msg/ODriveStatus.msg\n'}
[2.228624] (odrive_can) StdoutLine: {'line': b'-- Up-to-date: /home/gong/onset_ws/install/odrive_can/share/odrive_can/srv/AxisState.srv\n'}
[2.228670] (odrive_can) StdoutLine: {'line': b'-- Up-to-date: /home/gong/onset_ws/install/odrive_can/share/odrive_can/srv/AxisState_Request.msg\n'}
[2.228714] (odrive_can) StdoutLine: {'line': b'-- Up-to-date: /home/gong/onset_ws/install/odrive_can/share/odrive_can/srv/AxisState_Response.msg\n'}
[2.228771] (odrive_can) StdoutLine: {'line': b'-- Up-to-date: /home/gong/onset_ws/install/odrive_can/lib/odrive_can/odrive_can_node\n'}
[2.228815] (odrive_can) StdoutLine: {'line': b'-- Up-to-date: /home/gong/onset_ws/install/odrive_can/share/odrive_can/launch\n'}
[2.228977] (odrive_can) StdoutLine: {'line': b'-- Up-to-date: /home/gong/onset_ws/install/odrive_can/share/odrive_can/launch/example_launch.yaml\n'}
[2.229042] (odrive_can) StdoutLine: {'line': b'-- Up-to-date: /home/gong/onset_ws/install/odrive_can/share/ament_index/resource_index/package_run_dependencies/odrive_can\n'}
[2.229092] (odrive_can) StdoutLine: {'line': b'-- Up-to-date: /home/gong/onset_ws/install/odrive_can/share/ament_index/resource_index/parent_prefix_path/odrive_can\n'}
[2.229136] (odrive_can) StdoutLine: {'line': b'-- Up-to-date: /home/gong/onset_ws/install/odrive_can/share/odrive_can/environment/ament_prefix_path.sh\n'}
[2.229180] (odrive_can) StdoutLine: {'line': b'-- Up-to-date: /home/gong/onset_ws/install/odrive_can/share/odrive_can/environment/ament_prefix_path.dsv\n'}
[2.229222] (odrive_can) StdoutLine: {'line': b'-- Up-to-date: /home/gong/onset_ws/install/odrive_can/share/odrive_can/environment/path.sh\n'}
[2.229265] (odrive_can) StdoutLine: {'line': b'-- Up-to-date: /home/gong/onset_ws/install/odrive_can/share/odrive_can/environment/path.dsv\n'}
[2.229308] (odrive_can) StdoutLine: {'line': b'-- Up-to-date: /home/gong/onset_ws/install/odrive_can/share/odrive_can/local_setup.bash\n'}
[2.229365] (odrive_can) StdoutLine: {'line': b'-- Up-to-date: /home/gong/onset_ws/install/odrive_can/share/odrive_can/local_setup.sh\n'}
[2.229409] (odrive_can) StdoutLine: {'line': b'-- Up-to-date: /home/gong/onset_ws/install/odrive_can/share/odrive_can/local_setup.zsh\n'}
[2.229450] (odrive_can) StdoutLine: {'line': b'-- Up-to-date: /home/gong/onset_ws/install/odrive_can/share/odrive_can/local_setup.dsv\n'}
[2.229491] (odrive_can) StdoutLine: {'line': b'-- Installing: /home/gong/onset_ws/install/odrive_can/share/odrive_can/package.dsv\n'}
[2.229604] (odrive_can) StdoutLine: {'line': b'-- Up-to-date: /home/gong/onset_ws/install/odrive_can/share/ament_index/resource_index/packages/odrive_can\n'}
[2.229659] (odrive_can) StdoutLine: {'line': b'-- Up-to-date: /home/gong/onset_ws/install/odrive_can/share/odrive_can/cmake/export_odrive_can__rosidl_generator_cExport.cmake\n'}
[2.229704] (odrive_can) StdoutLine: {'line': b'-- Up-to-date: /home/gong/onset_ws/install/odrive_can/share/odrive_can/cmake/export_odrive_can__rosidl_generator_cExport-noconfig.cmake\n'}
[2.229748] (odrive_can) StdoutLine: {'line': b'-- Up-to-date: /home/gong/onset_ws/install/odrive_can/share/odrive_can/cmake/export_odrive_can__rosidl_typesupport_fastrtps_cExport.cmake\n'}
[2.229791] (odrive_can) StdoutLine: {'line': b'-- Up-to-date: /home/gong/onset_ws/install/odrive_can/share/odrive_can/cmake/export_odrive_can__rosidl_typesupport_fastrtps_cExport-noconfig.cmake\n'}
[2.229835] (odrive_can) StdoutLine: {'line': b'-- Up-to-date: /home/gong/onset_ws/install/odrive_can/share/odrive_can/cmake/export_odrive_can__rosidl_generator_cppExport.cmake\n'}
[2.229877] (odrive_can) StdoutLine: {'line': b'-- Up-to-date: /home/gong/onset_ws/install/odrive_can/share/odrive_can/cmake/export_odrive_can__rosidl_typesupport_fastrtps_cppExport.cmake\n'}
[2.229918] (odrive_can) StdoutLine: {'line': b'-- Up-to-date: /home/gong/onset_ws/install/odrive_can/share/odrive_can/cmake/export_odrive_can__rosidl_typesupport_fastrtps_cppExport-noconfig.cmake\n'}
[2.229958] (odrive_can) StdoutLine: {'line': b'-- Up-to-date: /home/gong/onset_ws/install/odrive_can/share/odrive_can/cmake/odrive_can__rosidl_typesupport_introspection_cExport.cmake\n'}
[2.230092] (odrive_can) StdoutLine: {'line': b'-- Up-to-date: /home/gong/onset_ws/install/odrive_can/share/odrive_can/cmake/odrive_can__rosidl_typesupport_introspection_cExport-noconfig.cmake\n'}
[2.230166] (odrive_can) StdoutLine: {'line': b'-- Up-to-date: /home/gong/onset_ws/install/odrive_can/share/odrive_can/cmake/odrive_can__rosidl_typesupport_cExport.cmake\n'}
[2.230224] (odrive_can) StdoutLine: {'line': b'-- Up-to-date: /home/gong/onset_ws/install/odrive_can/share/odrive_can/cmake/odrive_can__rosidl_typesupport_cExport-noconfig.cmake\n'}
[2.230268] (odrive_can) StdoutLine: {'line': b'-- Up-to-date: /home/gong/onset_ws/install/odrive_can/share/odrive_can/cmake/odrive_can__rosidl_typesupport_introspection_cppExport.cmake\n'}
[2.230820] (odrive_can) StdoutLine: {'line': b'-- Up-to-date: /home/gong/onset_ws/install/odrive_can/share/odrive_can/cmake/odrive_can__rosidl_typesupport_introspection_cppExport-noconfig.cmake\n'}
[2.233208] (odrive_can) StdoutLine: {'line': b'-- Up-to-date: /home/gong/onset_ws/install/odrive_can/share/odrive_can/cmake/odrive_can__rosidl_typesupport_cppExport.cmake\n'}
[2.233446] (odrive_can) StdoutLine: {'line': b'-- Up-to-date: /home/gong/onset_ws/install/odrive_can/share/odrive_can/cmake/odrive_can__rosidl_typesupport_cppExport-noconfig.cmake\n'}
[2.233507] (odrive_can) StdoutLine: {'line': b'-- Up-to-date: /home/gong/onset_ws/install/odrive_can/share/odrive_can/cmake/export_odrive_can__rosidl_generator_pyExport.cmake\n'}
[2.233556] (odrive_can) StdoutLine: {'line': b'-- Up-to-date: /home/gong/onset_ws/install/odrive_can/share/odrive_can/cmake/export_odrive_can__rosidl_generator_pyExport-noconfig.cmake\n'}
[2.233602] (odrive_can) StdoutLine: {'line': b'-- Up-to-date: /home/gong/onset_ws/install/odrive_can/share/odrive_can/cmake/rosidl_cmake-extras.cmake\n'}
[2.233646] (odrive_can) StdoutLine: {'line': b'-- Up-to-date: /home/gong/onset_ws/install/odrive_can/share/odrive_can/cmake/ament_cmake_export_include_directories-extras.cmake\n'}
[2.233689] (odrive_can) StdoutLine: {'line': b'-- Up-to-date: /home/gong/onset_ws/install/odrive_can/share/odrive_can/cmake/ament_cmake_export_libraries-extras.cmake\n'}
[2.233735] (odrive_can) StdoutLine: {'line': b'-- Up-to-date: /home/gong/onset_ws/install/odrive_can/share/odrive_can/cmake/ament_cmake_export_targets-extras.cmake\n'}
[2.233782] (odrive_can) StdoutLine: {'line': b'-- Up-to-date: /home/gong/onset_ws/install/odrive_can/share/odrive_can/cmake/rosidl_cmake_export_typesupport_targets-extras.cmake\n'}
[2.235016] (odrive_can) StdoutLine: {'line': b'-- Up-to-date: /home/gong/onset_ws/install/odrive_can/share/odrive_can/cmake/ament_cmake_export_dependencies-extras.cmake\n'}
[2.235093] (odrive_can) StdoutLine: {'line': b'-- Up-to-date: /home/gong/onset_ws/install/odrive_can/share/odrive_can/cmake/rosidl_cmake_export_typesupport_libraries-extras.cmake\n'}
[2.235148] (odrive_can) StdoutLine: {'line': b'-- Up-to-date: /home/gong/onset_ws/install/odrive_can/share/odrive_can/cmake/odrive_canConfig.cmake\n'}
[2.235197] (odrive_can) StdoutLine: {'line': b'-- Up-to-date: /home/gong/onset_ws/install/odrive_can/share/odrive_can/cmake/odrive_canConfig-version.cmake\n'}
[2.235246] (odrive_can) StdoutLine: {'line': b'-- Up-to-date: /home/gong/onset_ws/install/odrive_can/share/odrive_can/package.xml\n'}
[2.236723] (odrive_can) CommandEnded: {'returncode': 0}
[2.266102] (-) TimerEvent: {}
[2.275533] (odrive_can) JobEnded: {'identifier': 'odrive_can', 'rc': 0}
[2.281031] (odrive_botwheel_explorer) JobStarted: {'identifier': 'odrive_botwheel_explorer'}
[2.281732] (onset_interfaces) StdoutLine: {'line': b'running egg_info\n'}
[2.284854] (onset_interfaces) StdoutLine: {'line': b'writing onset_interfaces.egg-info/PKG-INFO\n'}
[2.285860] (onset_interfaces) StdoutLine: {'line': b'writing dependency_links to onset_interfaces.egg-info/dependency_links.txt\n'}
[2.286747] (onset_interfaces) StdoutLine: {'line': b'writing top-level names to onset_interfaces.egg-info/top_level.txt\n'}
[2.292169] (onset_interfaces) StdoutLine: {'line': b"reading manifest file 'onset_interfaces.egg-info/SOURCES.txt'\n"}
[2.294899] (onset_interfaces) StdoutLine: {'line': b"writing manifest file 'onset_interfaces.egg-info/SOURCES.txt'\n"}
[2.303152] (odrive_botwheel_explorer) JobProgress: {'identifier': 'odrive_botwheel_explorer', 'progress': 'cmake'}
[2.303323] (odrive_botwheel_explorer) JobProgress: {'identifier': 'odrive_botwheel_explorer', 'progress': 'build'}
[2.303558] (odrive_botwheel_explorer) Command: {'cmd': ['/usr/bin/cmake', '--build', '/home/gong/onset_ws/build/odrive_botwheel_explorer', '--', '-j2', '-l2'], 'cwd': '/home/gong/onset_ws/build/odrive_botwheel_explorer', 'env': OrderedDict([('LESSOPEN', '| /usr/bin/lesspipe %s'), ('LANGUAGE', 'en_CA:en'), ('USER', 'gong'), ('XDG_SESSION_TYPE', 'wayland'), ('SHLVL', '1'), ('LD_LIBRARY_PATH', '/home/gong/onset_ws/install/odrive_ros2_control/lib:/home/gong/onset_ws/install/onset_interfaces/lib:/home/gong/onset_ws/install/odrive_can/lib:/usr/lib/x86_64-linux-gnu/gazebo-11/plugins:/opt/ros/humble/opt/rviz_ogre_vendor/lib:/opt/ros/humble/lib/x86_64-linux-gnu:/opt/ros/humble/lib'), ('HOME', '/home/gong'), ('DESKTOP_SESSION', 'ubuntu'), ('ROS_PYTHON_VERSION', '3'), ('GNOME_SHELL_SESSION_MODE', 'ubuntu'), ('GTK_MODULES', 'gail:atk-bridge'), ('SYSTEMD_EXEC_PID', '2262'), ('DBUS_SESSION_BUS_ADDRESS', 'unix:path=/run/user/1000/bus'), ('COLORTERM', 'truecolor'), ('IM_CONFIG_PHASE', '1'), ('WAYLAND_DISPLAY', 'wayland-0'), ('COLCON_PREFIX_PATH', '/home/gong/onset_ws/install'), ('ROS_DISTRO', 'humble'), ('LOGNAME', 'gong'), ('_', '/usr/bin/colcon'), ('ROS_VERSION', '2'), ('XDG_SESSION_CLASS', 'user'), ('USERNAME', 'gong'), ('TERM', 'xterm-256color'), ('GNOME_DESKTOP_SESSION_ID', 'this-is-deprecated'), ('ROS_LOCALHOST_ONLY', '0'), ('PATH', '/opt/ros/humble/bin:/home/gong/.local/bin:/usr/local/sbin:/usr/local/bin:/usr/sbin:/usr/bin:/sbin:/bin:/usr/games:/usr/local/games:/snap/bin:/snap/bin'), ('SESSION_MANAGER', 'local/gong-virtual-machine:@/tmp/.ICE-unix/1633,unix/gong-virtual-machine:/tmp/.ICE-unix/1633'), ('XDG_MENU_PREFIX', 'gnome-'), ('GNOME_TERMINAL_SCREEN', '/org/gnome/Terminal/screen/9c15f2a0_d528_40b8_bca7_89db012881b1'), ('GNOME_SETUP_DISPLAY', ':1'), ('XDG_RUNTIME_DIR', '/run/user/1000'), ('DISPLAY', ':0'), ('LANG', 'en_US.UTF-8'), ('XDG_CURRENT_DESKTOP', 'ubuntu:GNOME'), ('XMODIFIERS', '@im=ibus'), ('XDG_SESSION_DESKTOP', 'ubuntu'), ('XAUTHORITY', '/run/user/1000/.mutter-Xwaylandauth.S5U2L3'), ('LS_COLORS', 'rs=0:di=01;34:ln=01;36:mh=00:pi=40;33:so=01;35:do=01;35:bd=40;33;01:cd=40;33;01:or=40;31;01:mi=00:su=37;41:sg=30;43:ca=30;41:tw=30;42:ow=34;42:st=37;44:ex=01;32:*.tar=01;31:*.tgz=01;31:*.arc=01;31:*.arj=01;31:*.taz=01;31:*.lha=01;31:*.lz4=01;31:*.lzh=01;31:*.lzma=01;31:*.tlz=01;31:*.txz=01;31:*.tzo=01;31:*.t7z=01;31:*.zip=01;31:*.z=01;31:*.dz=01;31:*.gz=01;31:*.lrz=01;31:*.lz=01;31:*.lzo=01;31:*.xz=01;31:*.zst=01;31:*.tzst=01;31:*.bz2=01;31:*.bz=01;31:*.tbz=01;31:*.tbz2=01;31:*.tz=01;31:*.deb=01;31:*.rpm=01;31:*.jar=01;31:*.war=01;31:*.ear=01;31:*.sar=01;31:*.rar=01;31:*.alz=01;31:*.ace=01;31:*.zoo=01;31:*.cpio=01;31:*.7z=01;31:*.rz=01;31:*.cab=01;31:*.wim=01;31:*.swm=01;31:*.dwm=01;31:*.esd=01;31:*.jpg=01;35:*.jpeg=01;35:*.mjpg=01;35:*.mjpeg=01;35:*.gif=01;35:*.bmp=01;35:*.pbm=01;35:*.pgm=01;35:*.ppm=01;35:*.tga=01;35:*.xbm=01;35:*.xpm=01;35:*.tif=01;35:*.tiff=01;35:*.png=01;35:*.svg=01;35:*.svgz=01;35:*.mng=01;35:*.pcx=01;35:*.mov=01;35:*.mpg=01;35:*.mpeg=01;35:*.m2v=01;35:*.mkv=01;35:*.webm=01;35:*.webp=01;35:*.ogm=01;35:*.mp4=01;35:*.m4v=01;35:*.mp4v=01;35:*.vob=01;35:*.qt=01;35:*.nuv=01;35:*.wmv=01;35:*.asf=01;35:*.rm=01;35:*.rmvb=01;35:*.flc=01;35:*.avi=01;35:*.fli=01;35:*.flv=01;35:*.gl=01;35:*.dl=01;35:*.xcf=01;35:*.xwd=01;35:*.yuv=01;35:*.cgm=01;35:*.emf=01;35:*.ogv=01;35:*.ogx=01;35:*.aac=00;36:*.au=00;36:*.flac=00;36:*.m4a=00;36:*.mid=00;36:*.midi=00;36:*.mka=00;36:*.mp3=00;36:*.mpc=00;36:*.ogg=00;36:*.ra=00;36:*.wav=00;36:*.oga=00;36:*.opus=00;36:*.spx=00;36:*.xspf=00;36:'), ('GNOME_TERMINAL_SERVICE', ':1.105'), ('SSH_AGENT_LAUNCHER', 'gnome-keyring'), ('SSH_AUTH_SOCK', '/run/user/1000/keyring/ssh'), ('ROS_DOMAIN_ID', '0'), ('AMENT_PREFIX_PATH', '/home/gong/onset_ws/install/onsetbot:/home/gong/onset_ws/install/onset_interfaces:/home/gong/onset_ws/install/odrive_botwheel_explorer:/home/gong/onset_ws/install/odrive_ros2_control:/home/gong/onset_ws/install/odrive_can:/opt/ros/humble'), ('SHELL', '/bin/bash'), ('QT_ACCESSIBILITY', '1'), ('GDMSESSION', 'ubuntu'), ('LESSCLOSE', '/usr/bin/lesspipe %s %s'), ('QT_IM_MODULE', 'ibus'), ('PWD', '/home/gong/onset_ws/build/odrive_botwheel_explorer'), ('LC_ALL', 'en_US.UTF-8'), ('XDG_CONFIG_DIRS', '/etc/xdg/xdg-ubuntu:/etc/xdg'), ('XDG_DATA_DIRS', '/usr/share/ubuntu:/usr/local/share/:/usr/share/:/var/lib/snapd/desktop'), ('PYTHONPATH', '/home/gong/onset_ws/install/onsetbot/lib/python3.10/site-packages:/home/gong/onset_ws/install/onset_interfaces/local/lib/python3.10/dist-packages:/home/gong/onset_ws/install/odrive_can/local/lib/python3.10/dist-packages:/opt/ros/humble/lib/python3.10/site-packages:/opt/ros/humble/local/lib/python3.10/dist-packages'), ('COLCON', '1'), ('VTE_VERSION', '6800'), ('CMAKE_PREFIX_PATH', '/home/gong/onset_ws/install/odrive_ros2_control:/home/gong/onset_ws/install/onset_interfaces:/home/gong/onset_ws/install/odrive_botwheel_explorer:/home/gong/onset_ws/install/odrive_can:/home/gong/onset_ws/install/onsetbot:/opt/ros/humble')]), 'shell': False}
[2.355906] (onset_interfaces) StdoutLine: {'line': b'[100%] Built target ament_cmake_python_build_onset_interfaces_egg\n'}
[2.366261] (-) TimerEvent: {}
[2.374928] (odrive_botwheel_explorer) CommandEnded: {'returncode': 0}
[2.375420] (odrive_botwheel_explorer) JobProgress: {'identifier': 'odrive_botwheel_explorer', 'progress': 'install'}
[2.375444] (odrive_botwheel_explorer) Command: {'cmd': ['/usr/bin/cmake', '--install', '/home/gong/onset_ws/build/odrive_botwheel_explorer'], 'cwd': '/home/gong/onset_ws/build/odrive_botwheel_explorer', 'env': OrderedDict([('LESSOPEN', '| /usr/bin/lesspipe %s'), ('LANGUAGE', 'en_CA:en'), ('USER', 'gong'), ('XDG_SESSION_TYPE', 'wayland'), ('SHLVL', '1'), ('LD_LIBRARY_PATH', '/home/gong/onset_ws/install/odrive_ros2_control/lib:/home/gong/onset_ws/install/onset_interfaces/lib:/home/gong/onset_ws/install/odrive_can/lib:/usr/lib/x86_64-linux-gnu/gazebo-11/plugins:/opt/ros/humble/opt/rviz_ogre_vendor/lib:/opt/ros/humble/lib/x86_64-linux-gnu:/opt/ros/humble/lib'), ('HOME', '/home/gong'), ('DESKTOP_SESSION', 'ubuntu'), ('ROS_PYTHON_VERSION', '3'), ('GNOME_SHELL_SESSION_MODE', 'ubuntu'), ('GTK_MODULES', 'gail:atk-bridge'), ('SYSTEMD_EXEC_PID', '2262'), ('DBUS_SESSION_BUS_ADDRESS', 'unix:path=/run/user/1000/bus'), ('COLORTERM', 'truecolor'), ('IM_CONFIG_PHASE', '1'), ('WAYLAND_DISPLAY', 'wayland-0'), ('COLCON_PREFIX_PATH', '/home/gong/onset_ws/install'), ('ROS_DISTRO', 'humble'), ('LOGNAME', 'gong'), ('_', '/usr/bin/colcon'), ('ROS_VERSION', '2'), ('XDG_SESSION_CLASS', 'user'), ('USERNAME', 'gong'), ('TERM', 'xterm-256color'), ('GNOME_DESKTOP_SESSION_ID', 'this-is-deprecated'), ('ROS_LOCALHOST_ONLY', '0'), ('PATH', '/opt/ros/humble/bin:/home/gong/.local/bin:/usr/local/sbin:/usr/local/bin:/usr/sbin:/usr/bin:/sbin:/bin:/usr/games:/usr/local/games:/snap/bin:/snap/bin'), ('SESSION_MANAGER', 'local/gong-virtual-machine:@/tmp/.ICE-unix/1633,unix/gong-virtual-machine:/tmp/.ICE-unix/1633'), ('XDG_MENU_PREFIX', 'gnome-'), ('GNOME_TERMINAL_SCREEN', '/org/gnome/Terminal/screen/9c15f2a0_d528_40b8_bca7_89db012881b1'), ('GNOME_SETUP_DISPLAY', ':1'), ('XDG_RUNTIME_DIR', '/run/user/1000'), ('DISPLAY', ':0'), ('LANG', 'en_US.UTF-8'), ('XDG_CURRENT_DESKTOP', 'ubuntu:GNOME'), ('XMODIFIERS', '@im=ibus'), ('XDG_SESSION_DESKTOP', 'ubuntu'), ('XAUTHORITY', '/run/user/1000/.mutter-Xwaylandauth.S5U2L3'), ('LS_COLORS', 'rs=0:di=01;34:ln=01;36:mh=00:pi=40;33:so=01;35:do=01;35:bd=40;33;01:cd=40;33;01:or=40;31;01:mi=00:su=37;41:sg=30;43:ca=30;41:tw=30;42:ow=34;42:st=37;44:ex=01;32:*.tar=01;31:*.tgz=01;31:*.arc=01;31:*.arj=01;31:*.taz=01;31:*.lha=01;31:*.lz4=01;31:*.lzh=01;31:*.lzma=01;31:*.tlz=01;31:*.txz=01;31:*.tzo=01;31:*.t7z=01;31:*.zip=01;31:*.z=01;31:*.dz=01;31:*.gz=01;31:*.lrz=01;31:*.lz=01;31:*.lzo=01;31:*.xz=01;31:*.zst=01;31:*.tzst=01;31:*.bz2=01;31:*.bz=01;31:*.tbz=01;31:*.tbz2=01;31:*.tz=01;31:*.deb=01;31:*.rpm=01;31:*.jar=01;31:*.war=01;31:*.ear=01;31:*.sar=01;31:*.rar=01;31:*.alz=01;31:*.ace=01;31:*.zoo=01;31:*.cpio=01;31:*.7z=01;31:*.rz=01;31:*.cab=01;31:*.wim=01;31:*.swm=01;31:*.dwm=01;31:*.esd=01;31:*.jpg=01;35:*.jpeg=01;35:*.mjpg=01;35:*.mjpeg=01;35:*.gif=01;35:*.bmp=01;35:*.pbm=01;35:*.pgm=01;35:*.ppm=01;35:*.tga=01;35:*.xbm=01;35:*.xpm=01;35:*.tif=01;35:*.tiff=01;35:*.png=01;35:*.svg=01;35:*.svgz=01;35:*.mng=01;35:*.pcx=01;35:*.mov=01;35:*.mpg=01;35:*.mpeg=01;35:*.m2v=01;35:*.mkv=01;35:*.webm=01;35:*.webp=01;35:*.ogm=01;35:*.mp4=01;35:*.m4v=01;35:*.mp4v=01;35:*.vob=01;35:*.qt=01;35:*.nuv=01;35:*.wmv=01;35:*.asf=01;35:*.rm=01;35:*.rmvb=01;35:*.flc=01;35:*.avi=01;35:*.fli=01;35:*.flv=01;35:*.gl=01;35:*.dl=01;35:*.xcf=01;35:*.xwd=01;35:*.yuv=01;35:*.cgm=01;35:*.emf=01;35:*.ogv=01;35:*.ogx=01;35:*.aac=00;36:*.au=00;36:*.flac=00;36:*.m4a=00;36:*.mid=00;36:*.midi=00;36:*.mka=00;36:*.mp3=00;36:*.mpc=00;36:*.ogg=00;36:*.ra=00;36:*.wav=00;36:*.oga=00;36:*.opus=00;36:*.spx=00;36:*.xspf=00;36:'), ('GNOME_TERMINAL_SERVICE', ':1.105'), ('SSH_AGENT_LAUNCHER', 'gnome-keyring'), ('SSH_AUTH_SOCK', '/run/user/1000/keyring/ssh'), ('ROS_DOMAIN_ID', '0'), ('AMENT_PREFIX_PATH', '/home/gong/onset_ws/install/onsetbot:/home/gong/onset_ws/install/onset_interfaces:/home/gong/onset_ws/install/odrive_botwheel_explorer:/home/gong/onset_ws/install/odrive_ros2_control:/home/gong/onset_ws/install/odrive_can:/opt/ros/humble'), ('SHELL', '/bin/bash'), ('QT_ACCESSIBILITY', '1'), ('GDMSESSION', 'ubuntu'), ('LESSCLOSE', '/usr/bin/lesspipe %s %s'), ('QT_IM_MODULE', 'ibus'), ('PWD', '/home/gong/onset_ws/build/odrive_botwheel_explorer'), ('LC_ALL', 'en_US.UTF-8'), ('XDG_CONFIG_DIRS', '/etc/xdg/xdg-ubuntu:/etc/xdg'), ('XDG_DATA_DIRS', '/usr/share/ubuntu:/usr/local/share/:/usr/share/:/var/lib/snapd/desktop'), ('PYTHONPATH', '/home/gong/onset_ws/install/onsetbot/lib/python3.10/site-packages:/home/gong/onset_ws/install/onset_interfaces/local/lib/python3.10/dist-packages:/home/gong/onset_ws/install/odrive_can/local/lib/python3.10/dist-packages:/opt/ros/humble/lib/python3.10/site-packages:/opt/ros/humble/local/lib/python3.10/dist-packages'), ('COLCON', '1'), ('VTE_VERSION', '6800'), ('CMAKE_PREFIX_PATH', '/home/gong/onset_ws/install/odrive_ros2_control:/home/gong/onset_ws/install/onset_interfaces:/home/gong/onset_ws/install/odrive_botwheel_explorer:/home/gong/onset_ws/install/odrive_can:/home/gong/onset_ws/install/onsetbot:/opt/ros/humble')]), 'shell': False}
[2.384149] (onset_interfaces) CommandEnded: {'returncode': 0}
[2.384505] (onset_interfaces) JobProgress: {'identifier': 'onset_interfaces', 'progress': 'install'}
[2.384528] (onset_interfaces) Command: {'cmd': ['/usr/bin/cmake', '--install', '/home/gong/onset_ws/build/onset_interfaces'], 'cwd': '/home/gong/onset_ws/build/onset_interfaces', 'env': OrderedDict([('LESSOPEN', '| /usr/bin/lesspipe %s'), ('LANGUAGE', 'en_CA:en'), ('USER', 'gong'), ('XDG_SESSION_TYPE', 'wayland'), ('SHLVL', '1'), ('LD_LIBRARY_PATH', '/home/gong/onset_ws/install/onset_interfaces/lib:/home/gong/onset_ws/install/odrive_ros2_control/lib:/home/gong/onset_ws/install/odrive_can/lib:/usr/lib/x86_64-linux-gnu/gazebo-11/plugins:/opt/ros/humble/opt/rviz_ogre_vendor/lib:/opt/ros/humble/lib/x86_64-linux-gnu:/opt/ros/humble/lib'), ('HOME', '/home/gong'), ('DESKTOP_SESSION', 'ubuntu'), ('ROS_PYTHON_VERSION', '3'), ('GNOME_SHELL_SESSION_MODE', 'ubuntu'), ('GTK_MODULES', 'gail:atk-bridge'), ('SYSTEMD_EXEC_PID', '2262'), ('DBUS_SESSION_BUS_ADDRESS', 'unix:path=/run/user/1000/bus'), ('COLORTERM', 'truecolor'), ('IM_CONFIG_PHASE', '1'), ('WAYLAND_DISPLAY', 'wayland-0'), ('COLCON_PREFIX_PATH', '/home/gong/onset_ws/install'), ('ROS_DISTRO', 'humble'), ('LOGNAME', 'gong'), ('_', '/usr/bin/colcon'), ('ROS_VERSION', '2'), ('XDG_SESSION_CLASS', 'user'), ('USERNAME', 'gong'), ('TERM', 'xterm-256color'), ('GNOME_DESKTOP_SESSION_ID', 'this-is-deprecated'), ('ROS_LOCALHOST_ONLY', '0'), ('PATH', '/opt/ros/humble/bin:/home/gong/.local/bin:/usr/local/sbin:/usr/local/bin:/usr/sbin:/usr/bin:/sbin:/bin:/usr/games:/usr/local/games:/snap/bin:/snap/bin'), ('SESSION_MANAGER', 'local/gong-virtual-machine:@/tmp/.ICE-unix/1633,unix/gong-virtual-machine:/tmp/.ICE-unix/1633'), ('XDG_MENU_PREFIX', 'gnome-'), ('GNOME_TERMINAL_SCREEN', '/org/gnome/Terminal/screen/9c15f2a0_d528_40b8_bca7_89db012881b1'), ('GNOME_SETUP_DISPLAY', ':1'), ('XDG_RUNTIME_DIR', '/run/user/1000'), ('DISPLAY', ':0'), ('LANG', 'en_US.UTF-8'), ('XDG_CURRENT_DESKTOP', 'ubuntu:GNOME'), ('XMODIFIERS', '@im=ibus'), ('XDG_SESSION_DESKTOP', 'ubuntu'), ('XAUTHORITY', '/run/user/1000/.mutter-Xwaylandauth.S5U2L3'), ('LS_COLORS', 'rs=0:di=01;34:ln=01;36:mh=00:pi=40;33:so=01;35:do=01;35:bd=40;33;01:cd=40;33;01:or=40;31;01:mi=00:su=37;41:sg=30;43:ca=30;41:tw=30;42:ow=34;42:st=37;44:ex=01;32:*.tar=01;31:*.tgz=01;31:*.arc=01;31:*.arj=01;31:*.taz=01;31:*.lha=01;31:*.lz4=01;31:*.lzh=01;31:*.lzma=01;31:*.tlz=01;31:*.txz=01;31:*.tzo=01;31:*.t7z=01;31:*.zip=01;31:*.z=01;31:*.dz=01;31:*.gz=01;31:*.lrz=01;31:*.lz=01;31:*.lzo=01;31:*.xz=01;31:*.zst=01;31:*.tzst=01;31:*.bz2=01;31:*.bz=01;31:*.tbz=01;31:*.tbz2=01;31:*.tz=01;31:*.deb=01;31:*.rpm=01;31:*.jar=01;31:*.war=01;31:*.ear=01;31:*.sar=01;31:*.rar=01;31:*.alz=01;31:*.ace=01;31:*.zoo=01;31:*.cpio=01;31:*.7z=01;31:*.rz=01;31:*.cab=01;31:*.wim=01;31:*.swm=01;31:*.dwm=01;31:*.esd=01;31:*.jpg=01;35:*.jpeg=01;35:*.mjpg=01;35:*.mjpeg=01;35:*.gif=01;35:*.bmp=01;35:*.pbm=01;35:*.pgm=01;35:*.ppm=01;35:*.tga=01;35:*.xbm=01;35:*.xpm=01;35:*.tif=01;35:*.tiff=01;35:*.png=01;35:*.svg=01;35:*.svgz=01;35:*.mng=01;35:*.pcx=01;35:*.mov=01;35:*.mpg=01;35:*.mpeg=01;35:*.m2v=01;35:*.mkv=01;35:*.webm=01;35:*.webp=01;35:*.ogm=01;35:*.mp4=01;35:*.m4v=01;35:*.mp4v=01;35:*.vob=01;35:*.qt=01;35:*.nuv=01;35:*.wmv=01;35:*.asf=01;35:*.rm=01;35:*.rmvb=01;35:*.flc=01;35:*.avi=01;35:*.fli=01;35:*.flv=01;35:*.gl=01;35:*.dl=01;35:*.xcf=01;35:*.xwd=01;35:*.yuv=01;35:*.cgm=01;35:*.emf=01;35:*.ogv=01;35:*.ogx=01;35:*.aac=00;36:*.au=00;36:*.flac=00;36:*.m4a=00;36:*.mid=00;36:*.midi=00;36:*.mka=00;36:*.mp3=00;36:*.mpc=00;36:*.ogg=00;36:*.ra=00;36:*.wav=00;36:*.oga=00;36:*.opus=00;36:*.spx=00;36:*.xspf=00;36:'), ('GNOME_TERMINAL_SERVICE', ':1.105'), ('SSH_AGENT_LAUNCHER', 'gnome-keyring'), ('SSH_AUTH_SOCK', '/run/user/1000/keyring/ssh'), ('ROS_DOMAIN_ID', '0'), ('AMENT_PREFIX_PATH', '/home/gong/onset_ws/install/onsetbot:/home/gong/onset_ws/install/onset_interfaces:/home/gong/onset_ws/install/odrive_botwheel_explorer:/home/gong/onset_ws/install/odrive_ros2_control:/home/gong/onset_ws/install/odrive_can:/opt/ros/humble'), ('SHELL', '/bin/bash'), ('QT_ACCESSIBILITY', '1'), ('GDMSESSION', 'ubuntu'), ('LESSCLOSE', '/usr/bin/lesspipe %s %s'), ('QT_IM_MODULE', 'ibus'), ('PWD', '/home/gong/onset_ws/build/onset_interfaces'), ('LC_ALL', 'en_US.UTF-8'), ('XDG_CONFIG_DIRS', '/etc/xdg/xdg-ubuntu:/etc/xdg'), ('XDG_DATA_DIRS', '/usr/share/ubuntu:/usr/local/share/:/usr/share/:/var/lib/snapd/desktop'), ('PYTHONPATH', '/home/gong/onset_ws/install/onsetbot/lib/python3.10/site-packages:/home/gong/onset_ws/install/onset_interfaces/local/lib/python3.10/dist-packages:/home/gong/onset_ws/install/odrive_can/local/lib/python3.10/dist-packages:/opt/ros/humble/lib/python3.10/site-packages:/opt/ros/humble/local/lib/python3.10/dist-packages'), ('COLCON', '1'), ('VTE_VERSION', '6800'), ('CMAKE_PREFIX_PATH', '/home/gong/onset_ws/install/onset_interfaces:/home/gong/onset_ws/install/odrive_botwheel_explorer:/home/gong/onset_ws/install/odrive_ros2_control:/home/gong/onset_ws/install/odrive_can:/home/gong/onset_ws/install/onsetbot:/opt/ros/humble')]), 'shell': False}
[2.394287] (odrive_botwheel_explorer) StdoutLine: {'line': b'-- Install configuration: ""\n'}
[2.394589] (odrive_botwheel_explorer) StdoutLine: {'line': b'-- Up-to-date: /home/gong/onset_ws/install/odrive_botwheel_explorer/share/odrive_botwheel_explorer/urdf\n'}
[2.394813] (odrive_botwheel_explorer) StdoutLine: {'line': b'-- Up-to-date: /home/gong/onset_ws/install/odrive_botwheel_explorer/share/odrive_botwheel_explorer/urdf/diffbot_description.urdf.xacro\n'}
[2.394869] (odrive_botwheel_explorer) StdoutLine: {'line': b'-- Up-to-date: /home/gong/onset_ws/install/odrive_botwheel_explorer/share/odrive_botwheel_explorer/urdf/diffbot.ros2_control.xacro\n'}
[2.394919] (odrive_botwheel_explorer) StdoutLine: {'line': b'-- Up-to-date: /home/gong/onset_ws/install/odrive_botwheel_explorer/share/odrive_botwheel_explorer/urdf/diffbot.urdf.xacro\n'}
[2.394982] (odrive_botwheel_explorer) StdoutLine: {'line': b'-- Up-to-date: /home/gong/onset_ws/install/odrive_botwheel_explorer/share/odrive_botwheel_explorer/config\n'}
[2.395031] (odrive_botwheel_explorer) StdoutLine: {'line': b'-- Up-to-date: /home/gong/onset_ws/install/odrive_botwheel_explorer/share/odrive_botwheel_explorer/config/diffbot_controllers.yaml\n'}
[2.395080] (odrive_botwheel_explorer) StdoutLine: {'line': b'-- Up-to-date: /home/gong/onset_ws/install/odrive_botwheel_explorer/share/odrive_botwheel_explorer/launch\n'}
[2.395126] (odrive_botwheel_explorer) StdoutLine: {'line': b'-- Up-to-date: /home/gong/onset_ws/install/odrive_botwheel_explorer/share/odrive_botwheel_explorer/launch/botwheel_explorer.launch.py\n'}
[2.395172] (odrive_botwheel_explorer) StdoutLine: {'line': b'-- Up-to-date: /home/gong/onset_ws/install/odrive_botwheel_explorer/share/ament_index/resource_index/package_run_dependencies/odrive_botwheel_explorer\n'}
[2.395218] (odrive_botwheel_explorer) StdoutLine: {'line': b'-- Up-to-date: /home/gong/onset_ws/install/odrive_botwheel_explorer/share/ament_index/resource_index/parent_prefix_path/odrive_botwheel_explorer\n'}
[2.395263] (odrive_botwheel_explorer) StdoutLine: {'line': b'-- Up-to-date: /home/gong/onset_ws/install/odrive_botwheel_explorer/share/odrive_botwheel_explorer/environment/ament_prefix_path.sh\n'}
[2.395360] (odrive_botwheel_explorer) StdoutLine: {'line': b'-- Up-to-date: /home/gong/onset_ws/install/odrive_botwheel_explorer/share/odrive_botwheel_explorer/environment/ament_prefix_path.dsv\n'}
[2.396069] (odrive_botwheel_explorer) StdoutLine: {'line': b'-- Up-to-date: /home/gong/onset_ws/install/odrive_botwheel_explorer/share/odrive_botwheel_explorer/environment/path.sh\n'}
[2.396146] (odrive_botwheel_explorer) StdoutLine: {'line': b'-- Up-to-date: /home/gong/onset_ws/install/odrive_botwheel_explorer/share/odrive_botwheel_explorer/environment/path.dsv\n'}
[2.396342] (odrive_botwheel_explorer) StdoutLine: {'line': b'-- Up-to-date: /home/gong/onset_ws/install/odrive_botwheel_explorer/share/odrive_botwheel_explorer/local_setup.bash\n'}
[2.396472] (odrive_botwheel_explorer) StdoutLine: {'line': b'-- Up-to-date: /home/gong/onset_ws/install/odrive_botwheel_explorer/share/odrive_botwheel_explorer/local_setup.sh\n'}
[2.396531] (odrive_botwheel_explorer) StdoutLine: {'line': b'-- Up-to-date: /home/gong/onset_ws/install/odrive_botwheel_explorer/share/odrive_botwheel_explorer/local_setup.zsh\n'}
[2.396581] (odrive_botwheel_explorer) StdoutLine: {'line': b'-- Up-to-date: /home/gong/onset_ws/install/odrive_botwheel_explorer/share/odrive_botwheel_explorer/local_setup.dsv\n'}
[2.396628] (odrive_botwheel_explorer) StdoutLine: {'line': b'-- Installing: /home/gong/onset_ws/install/odrive_botwheel_explorer/share/odrive_botwheel_explorer/package.dsv\n'}
[2.396680] (odrive_botwheel_explorer) StdoutLine: {'line': b'-- Up-to-date: /home/gong/onset_ws/install/odrive_botwheel_explorer/share/ament_index/resource_index/packages/odrive_botwheel_explorer\n'}
[2.396730] (odrive_botwheel_explorer) StdoutLine: {'line': b'-- Up-to-date: /home/gong/onset_ws/install/odrive_botwheel_explorer/share/odrive_botwheel_explorer/cmake/odrive_botwheel_explorerConfig.cmake\n'}
[2.396780] (odrive_botwheel_explorer) StdoutLine: {'line': b'-- Up-to-date: /home/gong/onset_ws/install/odrive_botwheel_explorer/share/odrive_botwheel_explorer/cmake/odrive_botwheel_explorerConfig-version.cmake\n'}
[2.396834] (odrive_botwheel_explorer) StdoutLine: {'line': b'-- Up-to-date: /home/gong/onset_ws/install/odrive_botwheel_explorer/share/odrive_botwheel_explorer/package.xml\n'}
[2.399251] (odrive_botwheel_explorer) CommandEnded: {'returncode': 0}
[2.411620] (onset_interfaces) StdoutLine: {'line': b'-- Install configuration: ""\n'}
[2.411794] (onset_interfaces) StdoutLine: {'line': b'-- Up-to-date: /home/gong/onset_ws/install/onset_interfaces/share/ament_index/resource_index/rosidl_interfaces/onset_interfaces\n'}
[2.411978] (onset_interfaces) StdoutLine: {'line': b'-- Up-to-date: /home/gong/onset_ws/install/onset_interfaces/include/onset_interfaces/onset_interfaces\n'}
[2.414354] (onset_interfaces) StdoutLine: {'line': b'-- Up-to-date: /home/gong/onset_ws/install/onset_interfaces/include/onset_interfaces/onset_interfaces/msg\n'}
[2.414511] (onset_interfaces) StdoutLine: {'line': b'-- Up-to-date: /home/gong/onset_ws/install/onset_interfaces/include/onset_interfaces/onset_interfaces/msg/launch_command.h\n'}
[2.414689] (onset_interfaces) StdoutLine: {'line': b'-- Up-to-date: /home/gong/onset_ws/install/onset_interfaces/include/onset_interfaces/onset_interfaces/msg/detail\n'}
[2.416197] (onset_interfaces) StdoutLine: {'line': b'-- Up-to-date: /home/gong/onset_ws/install/onset_interfaces/include/onset_interfaces/onset_interfaces/msg/detail/onset_status__functions.h\n'}
[2.416277] (onset_interfaces) StdoutLine: {'line': b'-- Up-to-date: /home/gong/onset_ws/install/onset_interfaces/include/onset_interfaces/onset_interfaces/msg/detail/stm32_message__struct.h\n'}
[2.416334] (onset_interfaces) StdoutLine: {'line': b'-- Up-to-date: /home/gong/onset_ws/install/onset_interfaces/include/onset_interfaces/onset_interfaces/msg/detail/stm32_message__functions.h\n'}
[2.416388] (onset_interfaces) StdoutLine: {'line': b'-- Up-to-date: /home/gong/onset_ws/install/onset_interfaces/include/onset_interfaces/onset_interfaces/msg/detail/onset_status__functions.c\n'}
[2.416436] (onset_interfaces) StdoutLine: {'line': b'-- Up-to-date: /home/gong/onset_ws/install/onset_interfaces/include/onset_interfaces/onset_interfaces/msg/detail/onset_status__struct.h\n'}
[2.416483] (onset_interfaces) StdoutLine: {'line': b'-- Up-to-date: /home/gong/onset_ws/install/onset_interfaces/include/onset_interfaces/onset_interfaces/msg/detail/onset_status__type_support.h\n'}
[2.416529] (onset_interfaces) StdoutLine: {'line': b'-- Up-to-date: /home/gong/onset_ws/install/onset_interfaces/include/onset_interfaces/onset_interfaces/msg/detail/stm32_state__functions.c\n'}
[2.416574] (onset_interfaces) StdoutLine: {'line': b'-- Up-to-date: /home/gong/onset_ws/install/onset_interfaces/include/onset_interfaces/onset_interfaces/msg/detail/launch_command__struct.h\n'}
[2.416618] (onset_interfaces) StdoutLine: {'line': b'-- Up-to-date: /home/gong/onset_ws/install/onset_interfaces/include/onset_interfaces/onset_interfaces/msg/detail/stm32_state__struct.h\n'}
[2.416674] (onset_interfaces) StdoutLine: {'line': b'-- Up-to-date: /home/gong/onset_ws/install/onset_interfaces/include/onset_interfaces/onset_interfaces/msg/detail/launch_command__type_support.h\n'}
[2.416724] (onset_interfaces) StdoutLine: {'line': b'-- Up-to-date: /home/gong/onset_ws/install/onset_interfaces/include/onset_interfaces/onset_interfaces/msg/detail/stm32_message__functions.c\n'}
[2.416805] (onset_interfaces) StdoutLine: {'line': b'-- Up-to-date: /home/gong/onset_ws/install/onset_interfaces/include/onset_interfaces/onset_interfaces/msg/detail/launch_command__functions.c\n'}
[2.416944] (onset_interfaces) StdoutLine: {'line': b'-- Up-to-date: /home/gong/onset_ws/install/onset_interfaces/include/onset_interfaces/onset_interfaces/msg/detail/stm32_state__functions.h\n'}
[2.417011] (onset_interfaces) StdoutLine: {'line': b'-- Up-to-date: /home/gong/onset_ws/install/onset_interfaces/include/onset_interfaces/onset_interfaces/msg/detail/launch_command__functions.h\n'}
[2.417062] (onset_interfaces) StdoutLine: {'line': b'-- Up-to-date: /home/gong/onset_ws/install/onset_interfaces/include/onset_interfaces/onset_interfaces/msg/detail/stm32_state__type_support.h\n'}
[2.417109] (onset_interfaces) StdoutLine: {'line': b'-- Up-to-date: /home/gong/onset_ws/install/onset_interfaces/include/onset_interfaces/onset_interfaces/msg/detail/stm32_message__type_support.h\n'}
[2.417170] (onset_interfaces) StdoutLine: {'line': b'-- Up-to-date: /home/gong/onset_ws/install/onset_interfaces/include/onset_interfaces/onset_interfaces/msg/rosidl_generator_c__visibility_control.h\n'}
[2.417215] (onset_interfaces) StdoutLine: {'line': b'-- Up-to-date: /home/gong/onset_ws/install/onset_interfaces/include/onset_interfaces/onset_interfaces/msg/stm32_state.h\n'}
[2.417270] (onset_interfaces) StdoutLine: {'line': b'-- Up-to-date: /home/gong/onset_ws/install/onset_interfaces/include/onset_interfaces/onset_interfaces/msg/stm32_message.h\n'}
[2.417314] (onset_interfaces) StdoutLine: {'line': b'-- Up-to-date: /home/gong/onset_ws/install/onset_interfaces/include/onset_interfaces/onset_interfaces/msg/onset_status.h\n'}
[2.417358] (onset_interfaces) StdoutLine: {'line': b'-- Up-to-date: /home/gong/onset_ws/install/onset_interfaces/share/onset_interfaces/environment/library_path.sh\n'}
[2.417403] (onset_interfaces) StdoutLine: {'line': b'-- Up-to-date: /home/gong/onset_ws/install/onset_interfaces/share/onset_interfaces/environment/library_path.dsv\n'}
[2.417448] (onset_interfaces) StdoutLine: {'line': b'-- Up-to-date: /home/gong/onset_ws/install/onset_interfaces/lib/libonset_interfaces__rosidl_generator_c.so\n'}
[2.417495] (onset_interfaces) StdoutLine: {'line': b'-- Up-to-date: /home/gong/onset_ws/install/onset_interfaces/include/onset_interfaces/onset_interfaces\n'}
[2.417541] (onset_interfaces) StdoutLine: {'line': b'-- Up-to-date: /home/gong/onset_ws/install/onset_interfaces/include/onset_interfaces/onset_interfaces/msg\n'}
[2.417586] (onset_interfaces) StdoutLine: {'line': b'-- Up-to-date: /home/gong/onset_ws/install/onset_interfaces/include/onset_interfaces/onset_interfaces/msg/detail\n'}
[2.419655] (onset_interfaces) StdoutLine: {'line': b'-- Up-to-date: /home/gong/onset_ws/install/onset_interfaces/include/onset_interfaces/onset_interfaces/msg/detail/onset_status__rosidl_typesupport_fastrtps_c.h\n'}
[2.419776] (onset_interfaces) StdoutLine: {'line': b'-- Up-to-date: /home/gong/onset_ws/install/onset_interfaces/include/onset_interfaces/onset_interfaces/msg/detail/launch_command__rosidl_typesupport_fastrtps_c.h\n'}
[2.419836] (onset_interfaces) StdoutLine: {'line': b'-- Up-to-date: /home/gong/onset_ws/install/onset_interfaces/include/onset_interfaces/onset_interfaces/msg/detail/stm32_message__rosidl_typesupport_fastrtps_c.h\n'}
[2.419889] (onset_interfaces) StdoutLine: {'line': b'-- Up-to-date: /home/gong/onset_ws/install/onset_interfaces/include/onset_interfaces/onset_interfaces/msg/detail/stm32_state__rosidl_typesupport_fastrtps_c.h\n'}
[2.419938] (onset_interfaces) StdoutLine: {'line': b'-- Up-to-date: /home/gong/onset_ws/install/onset_interfaces/include/onset_interfaces/onset_interfaces/msg/rosidl_typesupport_fastrtps_c__visibility_control.h\n'}
[2.419986] (onset_interfaces) StdoutLine: {'line': b'-- Up-to-date: /home/gong/onset_ws/install/onset_interfaces/lib/libonset_interfaces__rosidl_typesupport_fastrtps_c.so\n'}
[2.420032] (onset_interfaces) StdoutLine: {'line': b'-- Up-to-date: /home/gong/onset_ws/install/onset_interfaces/include/onset_interfaces/onset_interfaces\n'}
[2.420077] (onset_interfaces) StdoutLine: {'line': b'-- Up-to-date: /home/gong/onset_ws/install/onset_interfaces/include/onset_interfaces/onset_interfaces/msg\n'}
[2.420121] (onset_interfaces) StdoutLine: {'line': b'-- Up-to-date: /home/gong/onset_ws/install/onset_interfaces/include/onset_interfaces/onset_interfaces/msg/detail\n'}
[2.420166] (onset_interfaces) StdoutLine: {'line': b'-- Up-to-date: /home/gong/onset_ws/install/onset_interfaces/include/onset_interfaces/onset_interfaces/msg/detail/launch_command__type_support.c\n'}
[2.420307] (onset_interfaces) StdoutLine: {'line': b'-- Up-to-date: /home/gong/onset_ws/install/onset_interfaces/include/onset_interfaces/onset_interfaces/msg/detail/stm32_message__type_support.c\n'}
[2.420365] (onset_interfaces) StdoutLine: {'line': b'-- Up-to-date: /home/gong/onset_ws/install/onset_interfaces/include/onset_interfaces/onset_interfaces/msg/detail/launch_command__rosidl_typesupport_introspection_c.h\n'}
[2.420466] (onset_interfaces) StdoutLine: {'line': b'-- Up-to-date: /home/gong/onset_ws/install/onset_interfaces/include/onset_interfaces/onset_interfaces/msg/detail/onset_status__rosidl_typesupport_introspection_c.h\n'}
[2.421558] (onset_interfaces) StdoutLine: {'line': b'-- Up-to-date: /home/gong/onset_ws/install/onset_interfaces/include/onset_interfaces/onset_interfaces/msg/detail/stm32_message__rosidl_typesupport_introspection_c.h\n'}
[2.421682] (onset_interfaces) StdoutLine: {'line': b'-- Up-to-date: /home/gong/onset_ws/install/onset_interfaces/include/onset_interfaces/onset_interfaces/msg/detail/stm32_state__type_support.c\n'}
[2.422124] (onset_interfaces) StdoutLine: {'line': b'-- Up-to-date: /home/gong/onset_ws/install/onset_interfaces/include/onset_interfaces/onset_interfaces/msg/detail/stm32_state__rosidl_typesupport_introspection_c.h\n'}
[2.422194] (onset_interfaces) StdoutLine: {'line': b'-- Up-to-date: /home/gong/onset_ws/install/onset_interfaces/include/onset_interfaces/onset_interfaces/msg/detail/onset_status__type_support.c\n'}
[2.422244] (onset_interfaces) StdoutLine: {'line': b'-- Up-to-date: /home/gong/onset_ws/install/onset_interfaces/include/onset_interfaces/onset_interfaces/msg/rosidl_typesupport_introspection_c__visibility_control.h\n'}
[2.422290] (onset_interfaces) StdoutLine: {'line': b'-- Up-to-date: /home/gong/onset_ws/install/onset_interfaces/lib/libonset_interfaces__rosidl_typesupport_introspection_c.so\n'}
[2.422333] (onset_interfaces) StdoutLine: {'line': b'-- Up-to-date: /home/gong/onset_ws/install/onset_interfaces/lib/libonset_interfaces__rosidl_typesupport_c.so\n'}
[2.423259] (onset_interfaces) StdoutLine: {'line': b'-- Up-to-date: /home/gong/onset_ws/install/onset_interfaces/include/onset_interfaces/onset_interfaces\n'}
[2.423605] (onset_interfaces) StdoutLine: {'line': b'-- Up-to-date: /home/gong/onset_ws/install/onset_interfaces/include/onset_interfaces/onset_interfaces/msg\n'}
[2.423671] (onset_interfaces) StdoutLine: {'line': b'-- Up-to-date: /home/gong/onset_ws/install/onset_interfaces/include/onset_interfaces/onset_interfaces/msg/launch_command.hpp\n'}
[2.423760] (onset_interfaces) StdoutLine: {'line': b'-- Up-to-date: /home/gong/onset_ws/install/onset_interfaces/include/onset_interfaces/onset_interfaces/msg/stm32_message.hpp\n'}
[2.424470] (onset_interfaces) StdoutLine: {'line': b'-- Up-to-date: /home/gong/onset_ws/install/onset_interfaces/include/onset_interfaces/onset_interfaces/msg/rosidl_generator_cpp__visibility_control.hpp\n'}
[2.425409] (onset_interfaces) StdoutLine: {'line': b'-- Up-to-date: /home/gong/onset_ws/install/onset_interfaces/include/onset_interfaces/onset_interfaces/msg/detail\n'}
[2.425470] (onset_interfaces) StdoutLine: {'line': b'-- Up-to-date: /home/gong/onset_ws/install/onset_interfaces/include/onset_interfaces/onset_interfaces/msg/detail/launch_command__traits.hpp\n'}
[2.427761] (onset_interfaces) StdoutLine: {'line': b'-- Up-to-date: /home/gong/onset_ws/install/onset_interfaces/include/onset_interfaces/onset_interfaces/msg/detail/stm32_message__type_support.hpp\n'}
[2.428444] (onset_interfaces) StdoutLine: {'line': b'-- Up-to-date: /home/gong/onset_ws/install/onset_interfaces/include/onset_interfaces/onset_interfaces/msg/detail/stm32_state__struct.hpp\n'}
[2.428549] (onset_interfaces) StdoutLine: {'line': b'-- Up-to-date: /home/gong/onset_ws/install/onset_interfaces/include/onset_interfaces/onset_interfaces/msg/detail/stm32_state__builder.hpp\n'}
[2.428600] (onset_interfaces) StdoutLine: {'line': b'-- Up-to-date: /home/gong/onset_ws/install/onset_interfaces/include/onset_interfaces/onset_interfaces/msg/detail/stm32_message__builder.hpp\n'}
[2.428665] (onset_interfaces) StdoutLine: {'line': b'-- Up-to-date: /home/gong/onset_ws/install/onset_interfaces/include/onset_interfaces/onset_interfaces/msg/detail/stm32_state__type_support.hpp\n'}
[2.428714] (onset_interfaces) StdoutLine: {'line': b'-- Up-to-date: /home/gong/onset_ws/install/onset_interfaces/include/onset_interfaces/onset_interfaces/msg/detail/onset_status__struct.hpp\n'}
[2.429513] (onset_interfaces) StdoutLine: {'line': b'-- Up-to-date: /home/gong/onset_ws/install/onset_interfaces/include/onset_interfaces/onset_interfaces/msg/detail/launch_command__builder.hpp\n'}
[2.429586] (onset_interfaces) StdoutLine: {'line': b'-- Up-to-date: /home/gong/onset_ws/install/onset_interfaces/include/onset_interfaces/onset_interfaces/msg/detail/onset_status__builder.hpp\n'}
[2.429637] (onset_interfaces) StdoutLine: {'line': b'-- Up-to-date: /home/gong/onset_ws/install/onset_interfaces/include/onset_interfaces/onset_interfaces/msg/detail/stm32_state__traits.hpp\n'}
[2.430917] (onset_interfaces) StdoutLine: {'line': b'-- Up-to-date: /home/gong/onset_ws/install/onset_interfaces/include/onset_interfaces/onset_interfaces/msg/detail/launch_command__struct.hpp\n'}
[2.431286] (onset_interfaces) StdoutLine: {'line': b'-- Up-to-date: /home/gong/onset_ws/install/onset_interfaces/include/onset_interfaces/onset_interfaces/msg/detail/onset_status__traits.hpp\n'}
[2.431340] (onset_interfaces) StdoutLine: {'line': b'-- Up-to-date: /home/gong/onset_ws/install/onset_interfaces/include/onset_interfaces/onset_interfaces/msg/detail/stm32_message__traits.hpp\n'}
[2.431420] (onset_interfaces) StdoutLine: {'line': b'-- Up-to-date: /home/gong/onset_ws/install/onset_interfaces/include/onset_interfaces/onset_interfaces/msg/detail/stm32_message__struct.hpp\n'}
[2.432523] (onset_interfaces) StdoutLine: {'line': b'-- Up-to-date: /home/gong/onset_ws/install/onset_interfaces/include/onset_interfaces/onset_interfaces/msg/detail/onset_status__type_support.hpp\n'}
[2.432589] (onset_interfaces) StdoutLine: {'line': b'-- Up-to-date: /home/gong/onset_ws/install/onset_interfaces/include/onset_interfaces/onset_interfaces/msg/detail/launch_command__type_support.hpp\n'}
[2.432637] (onset_interfaces) StdoutLine: {'line': b'-- Up-to-date: /home/gong/onset_ws/install/onset_interfaces/include/onset_interfaces/onset_interfaces/msg/onset_status.hpp\n'}
[2.432682] (onset_interfaces) StdoutLine: {'line': b'-- Up-to-date: /home/gong/onset_ws/install/onset_interfaces/include/onset_interfaces/onset_interfaces/msg/stm32_state.hpp\n'}
[2.432724] (onset_interfaces) StdoutLine: {'line': b'-- Up-to-date: /home/gong/onset_ws/install/onset_interfaces/include/onset_interfaces/onset_interfaces\n'}
[2.432765] (onset_interfaces) StdoutLine: {'line': b'-- Up-to-date: /home/gong/onset_ws/install/onset_interfaces/include/onset_interfaces/onset_interfaces/msg\n'}
[2.432807] (onset_interfaces) StdoutLine: {'line': b'-- Up-to-date: /home/gong/onset_ws/install/onset_interfaces/include/onset_interfaces/onset_interfaces/msg/detail\n'}
[2.433369] (onset_interfaces) StdoutLine: {'line': b'-- Up-to-date: /home/gong/onset_ws/install/onset_interfaces/include/onset_interfaces/onset_interfaces/msg/detail/onset_status__rosidl_typesupport_fastrtps_cpp.hpp\n'}
[2.433444] (onset_interfaces) StdoutLine: {'line': b'-- Up-to-date: /home/gong/onset_ws/install/onset_interfaces/include/onset_interfaces/onset_interfaces/msg/detail/stm32_state__rosidl_typesupport_fastrtps_cpp.hpp\n'}
[2.433745] (onset_interfaces) StdoutLine: {'line': b'-- Up-to-date: /home/gong/onset_ws/install/onset_interfaces/include/onset_interfaces/onset_interfaces/msg/detail/launch_command__rosidl_typesupport_fastrtps_cpp.hpp\n'}
[2.438887] (onset_interfaces) StdoutLine: {'line': b'-- Up-to-date: /home/gong/onset_ws/install/onset_interfaces/include/onset_interfaces/onset_interfaces/msg/detail/dds_fastrtps\n'}
[2.439063] (onset_interfaces) StdoutLine: {'line': b'-- Up-to-date: /home/gong/onset_ws/install/onset_interfaces/include/onset_interfaces/onset_interfaces/msg/detail/stm32_message__rosidl_typesupport_fastrtps_cpp.hpp\n'}
[2.439174] (onset_interfaces) StdoutLine: {'line': b'-- Up-to-date: /home/gong/onset_ws/install/onset_interfaces/include/onset_interfaces/onset_interfaces/msg/rosidl_typesupport_fastrtps_cpp__visibility_control.h\n'}
[2.439263] (onset_interfaces) StdoutLine: {'line': b'-- Up-to-date: /home/gong/onset_ws/install/onset_interfaces/lib/libonset_interfaces__rosidl_typesupport_fastrtps_cpp.so\n'}
[2.439349] (onset_interfaces) StdoutLine: {'line': b'-- Up-to-date: /home/gong/onset_ws/install/onset_interfaces/include/onset_interfaces/onset_interfaces\n'}
[2.439401] (onset_interfaces) StdoutLine: {'line': b'-- Up-to-date: /home/gong/onset_ws/install/onset_interfaces/include/onset_interfaces/onset_interfaces/msg\n'}
[2.439449] (onset_interfaces) StdoutLine: {'line': b'-- Up-to-date: /home/gong/onset_ws/install/onset_interfaces/include/onset_interfaces/onset_interfaces/msg/detail\n'}
[2.439666] (onset_interfaces) StdoutLine: {'line': b'-- Up-to-date: /home/gong/onset_ws/install/onset_interfaces/include/onset_interfaces/onset_interfaces/msg/detail/stm32_message__rosidl_typesupport_introspection_cpp.hpp\n'}
[2.439727] (onset_interfaces) StdoutLine: {'line': b'-- Up-to-date: /home/gong/onset_ws/install/onset_interfaces/include/onset_interfaces/onset_interfaces/msg/detail/launch_command__type_support.cpp\n'}
[2.439777] (onset_interfaces) StdoutLine: {'line': b'-- Up-to-date: /home/gong/onset_ws/install/onset_interfaces/include/onset_interfaces/onset_interfaces/msg/detail/stm32_state__rosidl_typesupport_introspection_cpp.hpp\n'}
[2.439821] (onset_interfaces) StdoutLine: {'line': b'-- Up-to-date: /home/gong/onset_ws/install/onset_interfaces/include/onset_interfaces/onset_interfaces/msg/detail/onset_status__type_support.cpp\n'}
[2.439864] (onset_interfaces) StdoutLine: {'line': b'-- Up-to-date: /home/gong/onset_ws/install/onset_interfaces/include/onset_interfaces/onset_interfaces/msg/detail/launch_command__rosidl_typesupport_introspection_cpp.hpp\n'}
[2.439907] (onset_interfaces) StdoutLine: {'line': b'-- Up-to-date: /home/gong/onset_ws/install/onset_interfaces/include/onset_interfaces/onset_interfaces/msg/detail/stm32_state__type_support.cpp\n'}
[2.439950] (onset_interfaces) StdoutLine: {'line': b'-- Up-to-date: /home/gong/onset_ws/install/onset_interfaces/include/onset_interfaces/onset_interfaces/msg/detail/onset_status__rosidl_typesupport_introspection_cpp.hpp\n'}
[2.439994] (onset_interfaces) StdoutLine: {'line': b'-- Up-to-date: /home/gong/onset_ws/install/onset_interfaces/include/onset_interfaces/onset_interfaces/msg/detail/stm32_message__type_support.cpp\n'}
[2.440041] (onset_interfaces) StdoutLine: {'line': b'-- Up-to-date: /home/gong/onset_ws/install/onset_interfaces/lib/libonset_interfaces__rosidl_typesupport_introspection_cpp.so\n'}
[2.440692] (onset_interfaces) StdoutLine: {'line': b'-- Up-to-date: /home/gong/onset_ws/install/onset_interfaces/lib/libonset_interfaces__rosidl_typesupport_cpp.so\n'}
[2.440763] (onset_interfaces) StdoutLine: {'line': b'-- Up-to-date: /home/gong/onset_ws/install/onset_interfaces/share/onset_interfaces/environment/pythonpath.sh\n'}
[2.440817] (onset_interfaces) StdoutLine: {'line': b'-- Up-to-date: /home/gong/onset_ws/install/onset_interfaces/share/onset_interfaces/environment/pythonpath.dsv\n'}
[2.440864] (onset_interfaces) StdoutLine: {'line': b'-- Up-to-date: /home/gong/onset_ws/install/onset_interfaces/local/lib/python3.10/dist-packages/onset_interfaces-0.0.0-py3.10.egg-info\n'}
[2.440910] (onset_interfaces) StdoutLine: {'line': b'-- Installing: /home/gong/onset_ws/install/onset_interfaces/local/lib/python3.10/dist-packages/onset_interfaces-0.0.0-py3.10.egg-info/SOURCES.txt\n'}
[2.440957] (onset_interfaces) StdoutLine: {'line': b'-- Installing: /home/gong/onset_ws/install/onset_interfaces/local/lib/python3.10/dist-packages/onset_interfaces-0.0.0-py3.10.egg-info/top_level.txt\n'}
[2.441067] (onset_interfaces) StdoutLine: {'line': b'-- Installing: /home/gong/onset_ws/install/onset_interfaces/local/lib/python3.10/dist-packages/onset_interfaces-0.0.0-py3.10.egg-info/dependency_links.txt\n'}
[2.441144] (onset_interfaces) StdoutLine: {'line': b'-- Installing: /home/gong/onset_ws/install/onset_interfaces/local/lib/python3.10/dist-packages/onset_interfaces-0.0.0-py3.10.egg-info/PKG-INFO\n'}
[2.441196] (onset_interfaces) StdoutLine: {'line': b'-- Up-to-date: /home/gong/onset_ws/install/onset_interfaces/local/lib/python3.10/dist-packages/onset_interfaces\n'}
[2.441262] (onset_interfaces) StdoutLine: {'line': b'-- Up-to-date: /home/gong/onset_ws/install/onset_interfaces/local/lib/python3.10/dist-packages/onset_interfaces/onset_interfaces_s__rosidl_typesupport_c.cpython-310-x86_64-linux-gnu.so\n'}
[2.441308] (onset_interfaces) StdoutLine: {'line': b'-- Up-to-date: /home/gong/onset_ws/install/onset_interfaces/local/lib/python3.10/dist-packages/onset_interfaces/__init__.py\n'}
[2.441353] (onset_interfaces) StdoutLine: {'line': b'-- Up-to-date: /home/gong/onset_ws/install/onset_interfaces/local/lib/python3.10/dist-packages/onset_interfaces/onset_interfaces_s__rosidl_typesupport_introspection_c.cpython-310-x86_64-linux-gnu.so\n'}
[2.441405] (onset_interfaces) StdoutLine: {'line': b'-- Up-to-date: /home/gong/onset_ws/install/onset_interfaces/local/lib/python3.10/dist-packages/onset_interfaces/msg\n'}
[2.441449] (onset_interfaces) StdoutLine: {'line': b'-- Up-to-date: /home/gong/onset_ws/install/onset_interfaces/local/lib/python3.10/dist-packages/onset_interfaces/msg/_stm32_state_s.c\n'}
[2.441491] (onset_interfaces) StdoutLine: {'line': b'-- Up-to-date: /home/gong/onset_ws/install/onset_interfaces/local/lib/python3.10/dist-packages/onset_interfaces/msg/_launch_command_s.c\n'}
[2.441543] (onset_interfaces) StdoutLine: {'line': b'-- Up-to-date: /home/gong/onset_ws/install/onset_interfaces/local/lib/python3.10/dist-packages/onset_interfaces/msg/__init__.py\n'}
[2.441586] (onset_interfaces) StdoutLine: {'line': b'-- Up-to-date: /home/gong/onset_ws/install/onset_interfaces/local/lib/python3.10/dist-packages/onset_interfaces/msg/_launch_command.py\n'}
[2.441627] (onset_interfaces) StdoutLine: {'line': b'-- Up-to-date: /home/gong/onset_ws/install/onset_interfaces/local/lib/python3.10/dist-packages/onset_interfaces/msg/_stm32_state.py\n'}
[2.441669] (onset_interfaces) StdoutLine: {'line': b'-- Up-to-date: /home/gong/onset_ws/install/onset_interfaces/local/lib/python3.10/dist-packages/onset_interfaces/msg/_onset_status_s.c\n'}
[2.441721] (onset_interfaces) StdoutLine: {'line': b'-- Up-to-date: /home/gong/onset_ws/install/onset_interfaces/local/lib/python3.10/dist-packages/onset_interfaces/msg/_stm32_message.py\n'}
[2.441780] (onset_interfaces) StdoutLine: {'line': b'-- Up-to-date: /home/gong/onset_ws/install/onset_interfaces/local/lib/python3.10/dist-packages/onset_interfaces/msg/_stm32_message_s.c\n'}
[2.442074] (onset_interfaces) StdoutLine: {'line': b'-- Up-to-date: /home/gong/onset_ws/install/onset_interfaces/local/lib/python3.10/dist-packages/onset_interfaces/msg/_onset_status.py\n'}
[2.442151] (onset_interfaces) StdoutLine: {'line': b'-- Up-to-date: /home/gong/onset_ws/install/onset_interfaces/local/lib/python3.10/dist-packages/onset_interfaces/onset_interfaces_s__rosidl_typesupport_fastrtps_c.cpython-310-x86_64-linux-gnu.so\n'}
[2.442270] (onset_interfaces) StdoutLine: {'line': b'-- Up-to-date: /home/gong/onset_ws/install/onset_interfaces/local/lib/python3.10/dist-packages/onset_interfaces/_onset_interfaces_s.ep.rosidl_typesupport_c.c\n'}
[2.442407] (onset_interfaces) StdoutLine: {'line': b'-- Up-to-date: /home/gong/onset_ws/install/onset_interfaces/local/lib/python3.10/dist-packages/onset_interfaces/libonset_interfaces__rosidl_generator_py.so\n'}
[2.442539] (onset_interfaces) StdoutLine: {'line': b'-- Up-to-date: /home/gong/onset_ws/install/onset_interfaces/local/lib/python3.10/dist-packages/onset_interfaces/_onset_interfaces_s.ep.rosidl_typesupport_introspection_c.c\n'}
[2.442693] (onset_interfaces) StdoutLine: {'line': b'-- Up-to-date: /home/gong/onset_ws/install/onset_interfaces/local/lib/python3.10/dist-packages/onset_interfaces/_onset_interfaces_s.ep.rosidl_typesupport_fastrtps_c.c\n'}
[2.448386] (odrive_botwheel_explorer) JobEnded: {'identifier': 'odrive_botwheel_explorer', 'rc': 0}
[2.466763] (-) TimerEvent: {}
[2.489297] (onset_interfaces) StdoutLine: {'line': b"Listing '/home/gong/onset_ws/install/onset_interfaces/local/lib/python3.10/dist-packages/onset_interfaces'...\n"}
[2.489809] (onset_interfaces) StdoutLine: {'line': b"Listing '/home/gong/onset_ws/install/onset_interfaces/local/lib/python3.10/dist-packages/onset_interfaces/msg'...\n"}
[2.495415] (onset_interfaces) StdoutLine: {'line': b'-- Up-to-date: /home/gong/onset_ws/install/onset_interfaces/local/lib/python3.10/dist-packages/onset_interfaces/onset_interfaces_s__rosidl_typesupport_fastrtps_c.cpython-310-x86_64-linux-gnu.so\n'}
[2.495838] (onset_interfaces) StdoutLine: {'line': b'-- Up-to-date: /home/gong/onset_ws/install/onset_interfaces/local/lib/python3.10/dist-packages/onset_interfaces/onset_interfaces_s__rosidl_typesupport_introspection_c.cpython-310-x86_64-linux-gnu.so\n'}
[2.496986] (onset_interfaces) StdoutLine: {'line': b'-- Up-to-date: /home/gong/onset_ws/install/onset_interfaces/local/lib/python3.10/dist-packages/onset_interfaces/onset_interfaces_s__rosidl_typesupport_c.cpython-310-x86_64-linux-gnu.so\n'}
[2.497910] (onset_interfaces) StdoutLine: {'line': b'-- Up-to-date: /home/gong/onset_ws/install/onset_interfaces/lib/libonset_interfaces__rosidl_generator_py.so\n'}
[2.498428] (onset_interfaces) StdoutLine: {'line': b'-- Up-to-date: /home/gong/onset_ws/install/onset_interfaces/share/onset_interfaces/msg/LaunchCommand.idl\n'}
[2.498847] (onset_interfaces) StdoutLine: {'line': b'-- Up-to-date: /home/gong/onset_ws/install/onset_interfaces/share/onset_interfaces/msg/OnsetStatus.idl\n'}
[2.498959] (onset_interfaces) StdoutLine: {'line': b'-- Up-to-date: /home/gong/onset_ws/install/onset_interfaces/share/onset_interfaces/msg/STM32Message.idl\n'}
[2.499054] (onset_interfaces) StdoutLine: {'line': b'-- Up-to-date: /home/gong/onset_ws/install/onset_interfaces/share/onset_interfaces/msg/STM32State.idl\n'}
[2.499145] (onset_interfaces) StdoutLine: {'line': b'-- Up-to-date: /home/gong/onset_ws/install/onset_interfaces/share/onset_interfaces/msg/LaunchCommand.msg\n'}
[2.499910] (onset_interfaces) StdoutLine: {'line': b'-- Up-to-date: /home/gong/onset_ws/install/onset_interfaces/share/onset_interfaces/msg/OnsetStatus.msg\n'}
[2.500282] (onset_interfaces) StdoutLine: {'line': b'-- Up-to-date: /home/gong/onset_ws/install/onset_interfaces/share/onset_interfaces/msg/STM32Message.msg\n'}
[2.500776] (onset_interfaces) StdoutLine: {'line': b'-- Up-to-date: /home/gong/onset_ws/install/onset_interfaces/share/onset_interfaces/msg/STM32State.msg\n'}
[2.500986] (onset_interfaces) StdoutLine: {'line': b'-- Up-to-date: /home/gong/onset_ws/install/onset_interfaces/share/ament_index/resource_index/package_run_dependencies/onset_interfaces\n'}
[2.501057] (onset_interfaces) StdoutLine: {'line': b'-- Up-to-date: /home/gong/onset_ws/install/onset_interfaces/share/ament_index/resource_index/parent_prefix_path/onset_interfaces\n'}
[2.501116] (onset_interfaces) StdoutLine: {'line': b'-- Up-to-date: /home/gong/onset_ws/install/onset_interfaces/share/onset_interfaces/environment/ament_prefix_path.sh\n'}
[2.501174] (onset_interfaces) StdoutLine: {'line': b'-- Up-to-date: /home/gong/onset_ws/install/onset_interfaces/share/onset_interfaces/environment/ament_prefix_path.dsv\n'}
[2.501309] (onset_interfaces) StdoutLine: {'line': b'-- Up-to-date: /home/gong/onset_ws/install/onset_interfaces/share/onset_interfaces/environment/path.sh\n'}
[2.501369] (onset_interfaces) StdoutLine: {'line': b'-- Up-to-date: /home/gong/onset_ws/install/onset_interfaces/share/onset_interfaces/environment/path.dsv\n'}
[2.502292] (onset_interfaces) StdoutLine: {'line': b'-- Up-to-date: /home/gong/onset_ws/install/onset_interfaces/share/onset_interfaces/local_setup.bash\n'}
[2.502630] (onset_interfaces) StdoutLine: {'line': b'-- Up-to-date: /home/gong/onset_ws/install/onset_interfaces/share/onset_interfaces/local_setup.sh\n'}
[2.502726] (onset_interfaces) StdoutLine: {'line': b'-- Up-to-date: /home/gong/onset_ws/install/onset_interfaces/share/onset_interfaces/local_setup.zsh\n'}
[2.502815] (onset_interfaces) StdoutLine: {'line': b'-- Up-to-date: /home/gong/onset_ws/install/onset_interfaces/share/onset_interfaces/local_setup.dsv\n'}
[2.502916] (onset_interfaces) StdoutLine: {'line': b'-- Installing: /home/gong/onset_ws/install/onset_interfaces/share/onset_interfaces/package.dsv\n'}
[2.503005] (onset_interfaces) StdoutLine: {'line': b'-- Up-to-date: /home/gong/onset_ws/install/onset_interfaces/share/ament_index/resource_index/packages/onset_interfaces\n'}
[2.503199] (onset_interfaces) StdoutLine: {'line': b'-- Up-to-date: /home/gong/onset_ws/install/onset_interfaces/share/onset_interfaces/cmake/export_onset_interfaces__rosidl_generator_cExport.cmake\n'}
[2.503302] (onset_interfaces) StdoutLine: {'line': b'-- Up-to-date: /home/gong/onset_ws/install/onset_interfaces/share/onset_interfaces/cmake/export_onset_interfaces__rosidl_generator_cExport-noconfig.cmake\n'}
[2.506079] (onset_interfaces) StdoutLine: {'line': b'-- Up-to-date: /home/gong/onset_ws/install/onset_interfaces/share/onset_interfaces/cmake/export_onset_interfaces__rosidl_typesupport_fastrtps_cExport.cmake\n'}
[2.506150] (onset_interfaces) StdoutLine: {'line': b'-- Up-to-date: /home/gong/onset_ws/install/onset_interfaces/share/onset_interfaces/cmake/export_onset_interfaces__rosidl_typesupport_fastrtps_cExport-noconfig.cmake\n'}
[2.506239] (onset_interfaces) StdoutLine: {'line': b'-- Up-to-date: /home/gong/onset_ws/install/onset_interfaces/share/onset_interfaces/cmake/onset_interfaces__rosidl_typesupport_introspection_cExport.cmake\n'}
[2.506298] (onset_interfaces) StdoutLine: {'line': b'-- Up-to-date: /home/gong/onset_ws/install/onset_interfaces/share/onset_interfaces/cmake/onset_interfaces__rosidl_typesupport_introspection_cExport-noconfig.cmake\n'}
[2.506365] (onset_interfaces) StdoutLine: {'line': b'-- Up-to-date: /home/gong/onset_ws/install/onset_interfaces/share/onset_interfaces/cmake/onset_interfaces__rosidl_typesupport_cExport.cmake\n'}
[2.506424] (onset_interfaces) StdoutLine: {'line': b'-- Up-to-date: /home/gong/onset_ws/install/onset_interfaces/share/onset_interfaces/cmake/onset_interfaces__rosidl_typesupport_cExport-noconfig.cmake\n'}
[2.506479] (onset_interfaces) StdoutLine: {'line': b'-- Up-to-date: /home/gong/onset_ws/install/onset_interfaces/share/onset_interfaces/cmake/export_onset_interfaces__rosidl_generator_cppExport.cmake\n'}
[2.506531] (onset_interfaces) StdoutLine: {'line': b'-- Up-to-date: /home/gong/onset_ws/install/onset_interfaces/share/onset_interfaces/cmake/export_onset_interfaces__rosidl_typesupport_fastrtps_cppExport.cmake\n'}
[2.506579] (onset_interfaces) StdoutLine: {'line': b'-- Up-to-date: /home/gong/onset_ws/install/onset_interfaces/share/onset_interfaces/cmake/export_onset_interfaces__rosidl_typesupport_fastrtps_cppExport-noconfig.cmake\n'}
[2.506630] (onset_interfaces) StdoutLine: {'line': b'-- Up-to-date: /home/gong/onset_ws/install/onset_interfaces/share/onset_interfaces/cmake/onset_interfaces__rosidl_typesupport_introspection_cppExport.cmake\n'}
[2.506679] (onset_interfaces) StdoutLine: {'line': b'-- Up-to-date: /home/gong/onset_ws/install/onset_interfaces/share/onset_interfaces/cmake/onset_interfaces__rosidl_typesupport_introspection_cppExport-noconfig.cmake\n'}
[2.506728] (onset_interfaces) StdoutLine: {'line': b'-- Up-to-date: /home/gong/onset_ws/install/onset_interfaces/share/onset_interfaces/cmake/onset_interfaces__rosidl_typesupport_cppExport.cmake\n'}
[2.506777] (onset_interfaces) StdoutLine: {'line': b'-- Up-to-date: /home/gong/onset_ws/install/onset_interfaces/share/onset_interfaces/cmake/onset_interfaces__rosidl_typesupport_cppExport-noconfig.cmake\n'}
[2.506827] (onset_interfaces) StdoutLine: {'line': b'-- Up-to-date: /home/gong/onset_ws/install/onset_interfaces/share/onset_interfaces/cmake/export_onset_interfaces__rosidl_generator_pyExport.cmake\n'}
[2.506877] (onset_interfaces) StdoutLine: {'line': b'-- Up-to-date: /home/gong/onset_ws/install/onset_interfaces/share/onset_interfaces/cmake/export_onset_interfaces__rosidl_generator_pyExport-noconfig.cmake\n'}
[2.507043] (onset_interfaces) StdoutLine: {'line': b'-- Up-to-date: /home/gong/onset_ws/install/onset_interfaces/share/onset_interfaces/cmake/rosidl_cmake-extras.cmake\n'}
[2.507104] (onset_interfaces) StdoutLine: {'line': b'-- Up-to-date: /home/gong/onset_ws/install/onset_interfaces/share/onset_interfaces/cmake/ament_cmake_export_include_directories-extras.cmake\n'}
[2.507160] (onset_interfaces) StdoutLine: {'line': b'-- Up-to-date: /home/gong/onset_ws/install/onset_interfaces/share/onset_interfaces/cmake/ament_cmake_export_libraries-extras.cmake\n'}
[2.507213] (onset_interfaces) StdoutLine: {'line': b'-- Up-to-date: /home/gong/onset_ws/install/onset_interfaces/share/onset_interfaces/cmake/ament_cmake_export_targets-extras.cmake\n'}
[2.507264] (onset_interfaces) StdoutLine: {'line': b'-- Up-to-date: /home/gong/onset_ws/install/onset_interfaces/share/onset_interfaces/cmake/rosidl_cmake_export_typesupport_targets-extras.cmake\n'}
[2.507338] (onset_interfaces) StdoutLine: {'line': b'-- Up-to-date: /home/gong/onset_ws/install/onset_interfaces/share/onset_interfaces/cmake/ament_cmake_export_dependencies-extras.cmake\n'}
[2.507391] (onset_interfaces) StdoutLine: {'line': b'-- Up-to-date: /home/gong/onset_ws/install/onset_interfaces/share/onset_interfaces/cmake/rosidl_cmake_export_typesupport_libraries-extras.cmake\n'}
[2.507440] (onset_interfaces) StdoutLine: {'line': b'-- Up-to-date: /home/gong/onset_ws/install/onset_interfaces/share/onset_interfaces/cmake/onset_interfacesConfig.cmake\n'}
[2.507488] (onset_interfaces) StdoutLine: {'line': b'-- Up-to-date: /home/gong/onset_ws/install/onset_interfaces/share/onset_interfaces/cmake/onset_interfacesConfig-version.cmake\n'}
[2.507537] (onset_interfaces) StdoutLine: {'line': b'-- Up-to-date: /home/gong/onset_ws/install/onset_interfaces/share/onset_interfaces/package.xml\n'}
[2.513508] (onset_interfaces) CommandEnded: {'returncode': 0}
[2.535143] (onset_interfaces) JobEnded: {'identifier': 'onset_interfaces', 'rc': 0}
[2.538901] (onsetbot) JobStarted: {'identifier': 'onsetbot'}
[2.567136] (-) TimerEvent: {}
[2.670015] (-) TimerEvent: {}
[2.770759] (-) TimerEvent: {}
[2.871298] (-) TimerEvent: {}
[2.971766] (-) TimerEvent: {}
[3.072464] (-) TimerEvent: {}
[3.173119] (-) TimerEvent: {}
[3.273812] (-) TimerEvent: {}
[3.315224] (onsetbot) Command: {'cmd': ['/usr/bin/python3', '-W', 'ignore:setup.py install is deprecated', '-W', 'ignore:easy_install command is deprecated', 'setup.py', 'egg_info', '--egg-base', '../../build/onsetbot', 'build', '--build-base', '/home/gong/onset_ws/build/onsetbot/build', 'install', '--record', '/home/gong/onset_ws/build/onsetbot/install.log', '--single-version-externally-managed', 'install_data'], 'cwd': '/home/gong/onset_ws/src/onsetbot', 'env': {'LESSOPEN': '| /usr/bin/lesspipe %s', 'LANGUAGE': 'en_CA:en', 'USER': 'gong', 'XDG_SESSION_TYPE': 'wayland', 'SHLVL': '1', 'LD_LIBRARY_PATH': '/home/gong/onset_ws/install/onset_interfaces/lib:/home/gong/onset_ws/install/odrive_can/lib:/home/gong/onset_ws/install/odrive_ros2_control/lib:/usr/lib/x86_64-linux-gnu/gazebo-11/plugins:/opt/ros/humble/opt/rviz_ogre_vendor/lib:/opt/ros/humble/lib/x86_64-linux-gnu:/opt/ros/humble/lib', 'HOME': '/home/gong', 'DESKTOP_SESSION': 'ubuntu', 'ROS_PYTHON_VERSION': '3', 'GNOME_SHELL_SESSION_MODE': 'ubuntu', 'GTK_MODULES': 'gail:atk-bridge', 'SYSTEMD_EXEC_PID': '2262', 'DBUS_SESSION_BUS_ADDRESS': 'unix:path=/run/user/1000/bus', 'COLORTERM': 'truecolor', 'IM_CONFIG_PHASE': '1', 'WAYLAND_DISPLAY': 'wayland-0', 'COLCON_PREFIX_PATH': '/home/gong/onset_ws/install', 'ROS_DISTRO': 'humble', 'LOGNAME': 'gong', '_': '/usr/bin/colcon', 'ROS_VERSION': '2', 'XDG_SESSION_CLASS': 'user', 'USERNAME': 'gong', 'TERM': 'xterm-256color', 'GNOME_DESKTOP_SESSION_ID': 'this-is-deprecated', 'ROS_LOCALHOST_ONLY': '0', 'PATH': '/opt/ros/humble/bin:/home/gong/.local/bin:/usr/local/sbin:/usr/local/bin:/usr/sbin:/usr/bin:/sbin:/bin:/usr/games:/usr/local/games:/snap/bin:/snap/bin', 'SESSION_MANAGER': 'local/gong-virtual-machine:@/tmp/.ICE-unix/1633,unix/gong-virtual-machine:/tmp/.ICE-unix/1633', 'XDG_MENU_PREFIX': 'gnome-', 'GNOME_TERMINAL_SCREEN': '/org/gnome/Terminal/screen/9c15f2a0_d528_40b8_bca7_89db012881b1', 'GNOME_SETUP_DISPLAY': ':1', 'XDG_RUNTIME_DIR': '/run/user/1000', 'DISPLAY': ':0', 'LANG': 'en_US.UTF-8', 'XDG_CURRENT_DESKTOP': 'ubuntu:GNOME', 'XMODIFIERS': '@im=ibus', 'XDG_SESSION_DESKTOP': 'ubuntu', 'XAUTHORITY': '/run/user/1000/.mutter-Xwaylandauth.S5U2L3', 'LS_COLORS': 'rs=0:di=01;34:ln=01;36:mh=00:pi=40;33:so=01;35:do=01;35:bd=40;33;01:cd=40;33;01:or=40;31;01:mi=00:su=37;41:sg=30;43:ca=30;41:tw=30;42:ow=34;42:st=37;44:ex=01;32:*.tar=01;31:*.tgz=01;31:*.arc=01;31:*.arj=01;31:*.taz=01;31:*.lha=01;31:*.lz4=01;31:*.lzh=01;31:*.lzma=01;31:*.tlz=01;31:*.txz=01;31:*.tzo=01;31:*.t7z=01;31:*.zip=01;31:*.z=01;31:*.dz=01;31:*.gz=01;31:*.lrz=01;31:*.lz=01;31:*.lzo=01;31:*.xz=01;31:*.zst=01;31:*.tzst=01;31:*.bz2=01;31:*.bz=01;31:*.tbz=01;31:*.tbz2=01;31:*.tz=01;31:*.deb=01;31:*.rpm=01;31:*.jar=01;31:*.war=01;31:*.ear=01;31:*.sar=01;31:*.rar=01;31:*.alz=01;31:*.ace=01;31:*.zoo=01;31:*.cpio=01;31:*.7z=01;31:*.rz=01;31:*.cab=01;31:*.wim=01;31:*.swm=01;31:*.dwm=01;31:*.esd=01;31:*.jpg=01;35:*.jpeg=01;35:*.mjpg=01;35:*.mjpeg=01;35:*.gif=01;35:*.bmp=01;35:*.pbm=01;35:*.pgm=01;35:*.ppm=01;35:*.tga=01;35:*.xbm=01;35:*.xpm=01;35:*.tif=01;35:*.tiff=01;35:*.png=01;35:*.svg=01;35:*.svgz=01;35:*.mng=01;35:*.pcx=01;35:*.mov=01;35:*.mpg=01;35:*.mpeg=01;35:*.m2v=01;35:*.mkv=01;35:*.webm=01;35:*.webp=01;35:*.ogm=01;35:*.mp4=01;35:*.m4v=01;35:*.mp4v=01;35:*.vob=01;35:*.qt=01;35:*.nuv=01;35:*.wmv=01;35:*.asf=01;35:*.rm=01;35:*.rmvb=01;35:*.flc=01;35:*.avi=01;35:*.fli=01;35:*.flv=01;35:*.gl=01;35:*.dl=01;35:*.xcf=01;35:*.xwd=01;35:*.yuv=01;35:*.cgm=01;35:*.emf=01;35:*.ogv=01;35:*.ogx=01;35:*.aac=00;36:*.au=00;36:*.flac=00;36:*.m4a=00;36:*.mid=00;36:*.midi=00;36:*.mka=00;36:*.mp3=00;36:*.mpc=00;36:*.ogg=00;36:*.ra=00;36:*.wav=00;36:*.oga=00;36:*.opus=00;36:*.spx=00;36:*.xspf=00;36:', 'GNOME_TERMINAL_SERVICE': ':1.105', 'SSH_AGENT_LAUNCHER': 'gnome-keyring', 'SSH_AUTH_SOCK': '/run/user/1000/keyring/ssh', 'ROS_DOMAIN_ID': '0', 'AMENT_PREFIX_PATH': '/home/gong/onset_ws/install/onsetbot:/home/gong/onset_ws/install/onset_interfaces:/home/gong/onset_ws/install/odrive_botwheel_explorer:/home/gong/onset_ws/install/odrive_ros2_control:/home/gong/onset_ws/install/odrive_can:/opt/ros/humble', 'SHELL': '/bin/bash', 'QT_ACCESSIBILITY': '1', 'GDMSESSION': 'ubuntu', 'LESSCLOSE': '/usr/bin/lesspipe %s %s', 'QT_IM_MODULE': 'ibus', 'PWD': '/home/gong/onset_ws/build/onsetbot', 'LC_ALL': 'en_US.UTF-8', 'XDG_CONFIG_DIRS': '/etc/xdg/xdg-ubuntu:/etc/xdg', 'XDG_DATA_DIRS': '/usr/share/ubuntu:/usr/local/share/:/usr/share/:/var/lib/snapd/desktop', 'PYTHONPATH': '/home/gong/onset_ws/build/onsetbot/prefix_override:/usr/lib/python3/dist-packages/colcon_core/task/python/colcon_distutils_commands:/home/gong/onset_ws/install/onsetbot/lib/python3.10/site-packages:/home/gong/onset_ws/install/onsetbot/lib/python3.10/site-packages:/home/gong/onset_ws/install/onset_interfaces/local/lib/python3.10/dist-packages:/home/gong/onset_ws/install/odrive_can/local/lib/python3.10/dist-packages:/opt/ros/humble/lib/python3.10/site-packages:/opt/ros/humble/local/lib/python3.10/dist-packages', 'COLCON': '1', 'VTE_VERSION': '6800', 'CMAKE_PREFIX_PATH': '/home/gong/onset_ws/install/onset_interfaces:/home/gong/onset_ws/install/odrive_can:/home/gong/onset_ws/install/odrive_botwheel_explorer:/home/gong/onset_ws/install/odrive_ros2_control'}, 'shell': False}
[3.374114] (-) TimerEvent: {}
[3.474730] (-) TimerEvent: {}
[3.576281] (-) TimerEvent: {}
[3.591428] (onsetbot) StdoutLine: {'line': b'running egg_info\n'}
[3.592227] (onsetbot) StdoutLine: {'line': b'writing ../../build/onsetbot/onsetbot.egg-info/PKG-INFO\n'}
[3.592327] (onsetbot) StdoutLine: {'line': b'writing dependency_links to ../../build/onsetbot/onsetbot.egg-info/dependency_links.txt\n'}
[3.592525] (onsetbot) StdoutLine: {'line': b'writing entry points to ../../build/onsetbot/onsetbot.egg-info/entry_points.txt\n'}
[3.592832] (onsetbot) StdoutLine: {'line': b'writing requirements to ../../build/onsetbot/onsetbot.egg-info/requires.txt\n'}
[3.593214] (onsetbot) StdoutLine: {'line': b'writing top-level names to ../../build/onsetbot/onsetbot.egg-info/top_level.txt\n'}
[3.595770] (onsetbot) StdoutLine: {'line': b"reading manifest file '../../build/onsetbot/onsetbot.egg-info/SOURCES.txt'\n"}
[3.597139] (onsetbot) StdoutLine: {'line': b"writing manifest file '../../build/onsetbot/onsetbot.egg-info/SOURCES.txt'\n"}
[3.597236] (onsetbot) StdoutLine: {'line': b'running build\n'}
[3.597296] (onsetbot) StdoutLine: {'line': b'running build_py\n'}
[3.597420] (onsetbot) StdoutLine: {'line': b'copying onsetbot/actuator_command.py -> /home/gong/onset_ws/build/onsetbot/build/lib/onsetbot\n'}
[3.598233] (onsetbot) StdoutLine: {'line': b'running install\n'}
[3.598322] (onsetbot) StdoutLine: {'line': b'running install_lib\n'}
[3.600677] (onsetbot) StdoutLine: {'line': b'copying /home/gong/onset_ws/build/onsetbot/build/lib/onsetbot/actuator_command.py -> /home/gong/onset_ws/install/onsetbot/lib/python3.10/site-packages/onsetbot\n'}
[3.601428] (onsetbot) StdoutLine: {'line': b'byte-compiling /home/gong/onset_ws/install/onsetbot/lib/python3.10/site-packages/onsetbot/actuator_command.py to actuator_command.cpython-310.pyc\n'}
[3.607812] (onsetbot) StdoutLine: {'line': b'running install_data\n'}
[3.607983] (onsetbot) StdoutLine: {'line': b'running install_egg_info\n'}
[3.608043] (onsetbot) StdoutLine: {'line': b"removing '/home/gong/onset_ws/install/onsetbot/lib/python3.10/site-packages/onsetbot-0.0.0-py3.10.egg-info' (and everything under it)\n"}
[3.608098] (onsetbot) StdoutLine: {'line': b'Copying ../../build/onsetbot/onsetbot.egg-info to /home/gong/onset_ws/install/onsetbot/lib/python3.10/site-packages/onsetbot-0.0.0-py3.10.egg-info\n'}
[3.610628] (onsetbot) StdoutLine: {'line': b'running install_scripts\n'}
[3.632432] (onsetbot) StdoutLine: {'line': b'Installing actuator_command script to /home/gong/onset_ws/install/onsetbot/lib/onsetbot\n'}
[3.632669] (onsetbot) StdoutLine: {'line': b'Installing odrive_can_bridge script to /home/gong/onset_ws/install/onsetbot/lib/onsetbot\n'}
[3.632880] (onsetbot) StdoutLine: {'line': b'Installing onset_gui script to /home/gong/onset_ws/install/onsetbot/lib/onsetbot\n'}
[3.632955] (onsetbot) StdoutLine: {'line': b'Installing stm32_bridge script to /home/gong/onset_ws/install/onsetbot/lib/onsetbot\n'}
[3.633641] (onsetbot) StdoutLine: {'line': b"writing list of installed files to '/home/gong/onset_ws/build/onsetbot/install.log'\n"}
[3.662398] (onsetbot) CommandEnded: {'returncode': 0}
[3.671102] (onsetbot) JobEnded: {'identifier': 'onsetbot', 'rc': 0}
[3.673152] (-) EventReactorShutdown: {}
