[0.000000] (-) TimerEvent: {}
[0.005130] (odrive_can) JobQueued: {'identifier': 'odrive_can', 'dependencies': OrderedDict()}
[0.005217] (odrive_ros2_control) JobQueued: {'identifier': 'odrive_ros2_control', 'dependencies': OrderedDict()}
[0.005254] (onset_interfaces) JobQueued: {'identifier': 'onset_interfaces', 'dependencies': OrderedDict()}
[0.005283] (odrive_botwheel_explorer) JobQueued: {'identifier': 'odrive_botwheel_explorer', 'dependencies': OrderedDict([('odrive_ros2_control', '/home/gong/onset_ws/install/odrive_ros2_control')])}
[0.005315] (onsetbot) JobQueued: {'identifier': 'onsetbot', 'dependencies': OrderedDict([('odrive_can', '/home/gong/onset_ws/install/odrive_can'), ('onset_interfaces', '/home/gong/onset_ws/install/onset_interfaces')])}
[0.005349] (odrive_can) JobStarted: {'identifier': 'odrive_can'}
[0.031525] (odrive_ros2_control) JobStarted: {'identifier': 'odrive_ros2_control'}
[0.080503] (odrive_can) JobProgress: {'identifier': 'odrive_can', 'progress': 'cmake'}
[0.081412] (odrive_can) JobProgress: {'identifier': 'odrive_can', 'progress': 'build'}
[0.089307] (odrive_can) Command: {'cmd': ['/usr/bin/cmake', '--build', '/home/gong/onset_ws/build/odrive_can', '--', '-j2', '-l2'], 'cwd': '/home/gong/onset_ws/build/odrive_can', 'env': OrderedDict([('LESSOPEN', '| /usr/bin/lesspipe %s'), ('LANGUAGE', 'en_CA:en'), ('USER', 'gong'), ('XDG_SESSION_TYPE', 'wayland'), ('SHLVL', '1'), ('LD_LIBRARY_PATH', '/home/gong/onset_ws/install/onset_interfaces/lib:/home/gong/onset_ws/install/odrive_ros2_control/lib:/home/gong/onset_ws/install/odrive_can/lib:/usr/lib/x86_64-linux-gnu/gazebo-11/plugins:/opt/ros/humble/opt/rviz_ogre_vendor/lib:/opt/ros/humble/lib/x86_64-linux-gnu:/opt/ros/humble/lib'), ('HOME', '/home/gong'), ('OLDPWD', '/home/gong/onset_ws/src/onsetbot'), ('DESKTOP_SESSION', 'ubuntu'), ('ROS_PYTHON_VERSION', '3'), ('GNOME_SHELL_SESSION_MODE', 'ubuntu'), ('GTK_MODULES', 'gail:atk-bridge'), ('SYSTEMD_EXEC_PID', '1644'), ('DBUS_SESSION_BUS_ADDRESS', 'unix:path=/run/user/1000/bus'), ('COLORTERM', 'truecolor'), ('IM_CONFIG_PHASE', '1'), ('WAYLAND_DISPLAY', 'wayland-0'), ('COLCON_PREFIX_PATH', '/home/gong/onset_ws/install'), ('ROS_DISTRO', 'humble'), ('LOGNAME', 'gong'), ('_', '/usr/bin/colcon'), ('ROS_VERSION', '2'), ('XDG_SESSION_CLASS', 'user'), ('USERNAME', 'gong'), ('TERM', 'xterm-256color'), ('GNOME_DESKTOP_SESSION_ID', 'this-is-deprecated'), ('ROS_LOCALHOST_ONLY', '0'), ('PATH', '/opt/ros/humble/bin:/home/gong/.local/bin:/usr/local/sbin:/usr/local/bin:/usr/sbin:/usr/bin:/sbin:/bin:/usr/games:/usr/local/games:/snap/bin:/snap/bin'), ('SESSION_MANAGER', 'local/gong-virtual-machine:@/tmp/.ICE-unix/1616,unix/gong-virtual-machine:/tmp/.ICE-unix/1616'), ('XDG_MENU_PREFIX', 'gnome-'), ('GNOME_TERMINAL_SCREEN', '/org/gnome/Terminal/screen/2cde5a3f_3fdf_455d_bd0b_d8fef2e66a9f'), ('GNOME_SETUP_DISPLAY', ':1'), ('XDG_RUNTIME_DIR', '/run/user/1000'), ('DISPLAY', ':0'), ('LANG', 'en_US.UTF-8'), ('XDG_CURRENT_DESKTOP', 'ubuntu:GNOME'), ('XMODIFIERS', '@im=ibus'), ('XDG_SESSION_DESKTOP', 'ubuntu'), ('XAUTHORITY', '/run/user/1000/.mutter-Xwaylandauth.SDR7L3'), ('LS_COLORS', 'rs=0:di=01;34:ln=01;36:mh=00:pi=40;33:so=01;35:do=01;35:bd=40;33;01:cd=40;33;01:or=40;31;01:mi=00:su=37;41:sg=30;43:ca=30;41:tw=30;42:ow=34;42:st=37;44:ex=01;32:*.tar=01;31:*.tgz=01;31:*.arc=01;31:*.arj=01;31:*.taz=01;31:*.lha=01;31:*.lz4=01;31:*.lzh=01;31:*.lzma=01;31:*.tlz=01;31:*.txz=01;31:*.tzo=01;31:*.t7z=01;31:*.zip=01;31:*.z=01;31:*.dz=01;31:*.gz=01;31:*.lrz=01;31:*.lz=01;31:*.lzo=01;31:*.xz=01;31:*.zst=01;31:*.tzst=01;31:*.bz2=01;31:*.bz=01;31:*.tbz=01;31:*.tbz2=01;31:*.tz=01;31:*.deb=01;31:*.rpm=01;31:*.jar=01;31:*.war=01;31:*.ear=01;31:*.sar=01;31:*.rar=01;31:*.alz=01;31:*.ace=01;31:*.zoo=01;31:*.cpio=01;31:*.7z=01;31:*.rz=01;31:*.cab=01;31:*.wim=01;31:*.swm=01;31:*.dwm=01;31:*.esd=01;31:*.jpg=01;35:*.jpeg=01;35:*.mjpg=01;35:*.mjpeg=01;35:*.gif=01;35:*.bmp=01;35:*.pbm=01;35:*.pgm=01;35:*.ppm=01;35:*.tga=01;35:*.xbm=01;35:*.xpm=01;35:*.tif=01;35:*.tiff=01;35:*.png=01;35:*.svg=01;35:*.svgz=01;35:*.mng=01;35:*.pcx=01;35:*.mov=01;35:*.mpg=01;35:*.mpeg=01;35:*.m2v=01;35:*.mkv=01;35:*.webm=01;35:*.webp=01;35:*.ogm=01;35:*.mp4=01;35:*.m4v=01;35:*.mp4v=01;35:*.vob=01;35:*.qt=01;35:*.nuv=01;35:*.wmv=01;35:*.asf=01;35:*.rm=01;35:*.rmvb=01;35:*.flc=01;35:*.avi=01;35:*.fli=01;35:*.flv=01;35:*.gl=01;35:*.dl=01;35:*.xcf=01;35:*.xwd=01;35:*.yuv=01;35:*.cgm=01;35:*.emf=01;35:*.ogv=01;35:*.ogx=01;35:*.aac=00;36:*.au=00;36:*.flac=00;36:*.m4a=00;36:*.mid=00;36:*.midi=00;36:*.mka=00;36:*.mp3=00;36:*.mpc=00;36:*.ogg=00;36:*.ra=00;36:*.wav=00;36:*.oga=00;36:*.opus=00;36:*.spx=00;36:*.xspf=00;36:'), ('GNOME_TERMINAL_SERVICE', ':1.99'), ('SSH_AGENT_LAUNCHER', 'gnome-keyring'), ('SSH_AUTH_SOCK', '/run/user/1000/keyring/ssh'), ('ROS_DOMAIN_ID', '0'), ('AMENT_PREFIX_PATH', '/home/gong/onset_ws/install/onsetbot:/home/gong/onset_ws/install/onset_interfaces:/home/gong/onset_ws/install/odrive_botwheel_explorer:/home/gong/onset_ws/install/odrive_ros2_control:/home/gong/onset_ws/install/odrive_can:/opt/ros/humble'), ('SHELL', '/bin/bash'), ('QT_ACCESSIBILITY', '1'), ('GDMSESSION', 'ubuntu'), ('LESSCLOSE', '/usr/bin/lesspipe %s %s'), ('QT_IM_MODULE', 'ibus'), ('PWD', '/home/gong/onset_ws/build/odrive_can'), ('LC_ALL', 'en_US.UTF-8'), ('XDG_CONFIG_DIRS', '/etc/xdg/xdg-ubuntu:/etc/xdg'), ('XDG_DATA_DIRS', '/usr/share/ubuntu:/usr/local/share/:/usr/share/:/var/lib/snapd/desktop'), ('PYTHONPATH', '/home/gong/onset_ws/install/onsetbot/lib/python3.10/site-packages:/home/gong/onset_ws/install/onset_interfaces/local/lib/python3.10/dist-packages:/home/gong/onset_ws/install/odrive_can/local/lib/python3.10/dist-packages:/opt/ros/humble/lib/python3.10/site-packages:/opt/ros/humble/local/lib/python3.10/dist-packages'), ('COLCON', '1'), ('VTE_VERSION', '6800'), ('CMAKE_PREFIX_PATH', '/home/gong/onset_ws/install/onset_interfaces:/home/gong/onset_ws/install/odrive_botwheel_explorer:/home/gong/onset_ws/install/odrive_ros2_control:/home/gong/onset_ws/install/odrive_can:/home/gong/onset_ws/install/onsetbot:/opt/ros/humble')]), 'shell': False}
[0.103691] (-) TimerEvent: {}
[0.130583] (odrive_ros2_control) JobProgress: {'identifier': 'odrive_ros2_control', 'progress': 'cmake'}
[0.130696] (odrive_ros2_control) JobProgress: {'identifier': 'odrive_ros2_control', 'progress': 'build'}
[0.130739] (odrive_ros2_control) Command: {'cmd': ['/usr/bin/cmake', '--build', '/home/gong/onset_ws/build/odrive_ros2_control', '--', '-j2', '-l2'], 'cwd': '/home/gong/onset_ws/build/odrive_ros2_control', 'env': OrderedDict([('LESSOPEN', '| /usr/bin/lesspipe %s'), ('LANGUAGE', 'en_CA:en'), ('USER', 'gong'), ('XDG_SESSION_TYPE', 'wayland'), ('SHLVL', '1'), ('LD_LIBRARY_PATH', '/home/gong/onset_ws/install/onset_interfaces/lib:/home/gong/onset_ws/install/odrive_ros2_control/lib:/home/gong/onset_ws/install/odrive_can/lib:/usr/lib/x86_64-linux-gnu/gazebo-11/plugins:/opt/ros/humble/opt/rviz_ogre_vendor/lib:/opt/ros/humble/lib/x86_64-linux-gnu:/opt/ros/humble/lib'), ('HOME', '/home/gong'), ('OLDPWD', '/home/gong/onset_ws/src/onsetbot'), ('DESKTOP_SESSION', 'ubuntu'), ('ROS_PYTHON_VERSION', '3'), ('GNOME_SHELL_SESSION_MODE', 'ubuntu'), ('GTK_MODULES', 'gail:atk-bridge'), ('SYSTEMD_EXEC_PID', '1644'), ('DBUS_SESSION_BUS_ADDRESS', 'unix:path=/run/user/1000/bus'), ('COLORTERM', 'truecolor'), ('IM_CONFIG_PHASE', '1'), ('WAYLAND_DISPLAY', 'wayland-0'), ('COLCON_PREFIX_PATH', '/home/gong/onset_ws/install'), ('ROS_DISTRO', 'humble'), ('LOGNAME', 'gong'), ('_', '/usr/bin/colcon'), ('ROS_VERSION', '2'), ('XDG_SESSION_CLASS', 'user'), ('USERNAME', 'gong'), ('TERM', 'xterm-256color'), ('GNOME_DESKTOP_SESSION_ID', 'this-is-deprecated'), ('ROS_LOCALHOST_ONLY', '0'), ('PATH', '/opt/ros/humble/bin:/home/gong/.local/bin:/usr/local/sbin:/usr/local/bin:/usr/sbin:/usr/bin:/sbin:/bin:/usr/games:/usr/local/games:/snap/bin:/snap/bin'), ('SESSION_MANAGER', 'local/gong-virtual-machine:@/tmp/.ICE-unix/1616,unix/gong-virtual-machine:/tmp/.ICE-unix/1616'), ('XDG_MENU_PREFIX', 'gnome-'), ('GNOME_TERMINAL_SCREEN', '/org/gnome/Terminal/screen/2cde5a3f_3fdf_455d_bd0b_d8fef2e66a9f'), ('GNOME_SETUP_DISPLAY', ':1'), ('XDG_RUNTIME_DIR', '/run/user/1000'), ('DISPLAY', ':0'), ('LANG', 'en_US.UTF-8'), ('XDG_CURRENT_DESKTOP', 'ubuntu:GNOME'), ('XMODIFIERS', '@im=ibus'), ('XDG_SESSION_DESKTOP', 'ubuntu'), ('XAUTHORITY', '/run/user/1000/.mutter-Xwaylandauth.SDR7L3'), ('LS_COLORS', 'rs=0:di=01;34:ln=01;36:mh=00:pi=40;33:so=01;35:do=01;35:bd=40;33;01:cd=40;33;01:or=40;31;01:mi=00:su=37;41:sg=30;43:ca=30;41:tw=30;42:ow=34;42:st=37;44:ex=01;32:*.tar=01;31:*.tgz=01;31:*.arc=01;31:*.arj=01;31:*.taz=01;31:*.lha=01;31:*.lz4=01;31:*.lzh=01;31:*.lzma=01;31:*.tlz=01;31:*.txz=01;31:*.tzo=01;31:*.t7z=01;31:*.zip=01;31:*.z=01;31:*.dz=01;31:*.gz=01;31:*.lrz=01;31:*.lz=01;31:*.lzo=01;31:*.xz=01;31:*.zst=01;31:*.tzst=01;31:*.bz2=01;31:*.bz=01;31:*.tbz=01;31:*.tbz2=01;31:*.tz=01;31:*.deb=01;31:*.rpm=01;31:*.jar=01;31:*.war=01;31:*.ear=01;31:*.sar=01;31:*.rar=01;31:*.alz=01;31:*.ace=01;31:*.zoo=01;31:*.cpio=01;31:*.7z=01;31:*.rz=01;31:*.cab=01;31:*.wim=01;31:*.swm=01;31:*.dwm=01;31:*.esd=01;31:*.jpg=01;35:*.jpeg=01;35:*.mjpg=01;35:*.mjpeg=01;35:*.gif=01;35:*.bmp=01;35:*.pbm=01;35:*.pgm=01;35:*.ppm=01;35:*.tga=01;35:*.xbm=01;35:*.xpm=01;35:*.tif=01;35:*.tiff=01;35:*.png=01;35:*.svg=01;35:*.svgz=01;35:*.mng=01;35:*.pcx=01;35:*.mov=01;35:*.mpg=01;35:*.mpeg=01;35:*.m2v=01;35:*.mkv=01;35:*.webm=01;35:*.webp=01;35:*.ogm=01;35:*.mp4=01;35:*.m4v=01;35:*.mp4v=01;35:*.vob=01;35:*.qt=01;35:*.nuv=01;35:*.wmv=01;35:*.asf=01;35:*.rm=01;35:*.rmvb=01;35:*.flc=01;35:*.avi=01;35:*.fli=01;35:*.flv=01;35:*.gl=01;35:*.dl=01;35:*.xcf=01;35:*.xwd=01;35:*.yuv=01;35:*.cgm=01;35:*.emf=01;35:*.ogv=01;35:*.ogx=01;35:*.aac=00;36:*.au=00;36:*.flac=00;36:*.m4a=00;36:*.mid=00;36:*.midi=00;36:*.mka=00;36:*.mp3=00;36:*.mpc=00;36:*.ogg=00;36:*.ra=00;36:*.wav=00;36:*.oga=00;36:*.opus=00;36:*.spx=00;36:*.xspf=00;36:'), ('GNOME_TERMINAL_SERVICE', ':1.99'), ('SSH_AGENT_LAUNCHER', 'gnome-keyring'), ('SSH_AUTH_SOCK', '/run/user/1000/keyring/ssh'), ('ROS_DOMAIN_ID', '0'), ('AMENT_PREFIX_PATH', '/home/gong/onset_ws/install/onsetbot:/home/gong/onset_ws/install/onset_interfaces:/home/gong/onset_ws/install/odrive_botwheel_explorer:/home/gong/onset_ws/install/odrive_ros2_control:/home/gong/onset_ws/install/odrive_can:/opt/ros/humble'), ('SHELL', '/bin/bash'), ('QT_ACCESSIBILITY', '1'), ('GDMSESSION', 'ubuntu'), ('LESSCLOSE', '/usr/bin/lesspipe %s %s'), ('QT_IM_MODULE', 'ibus'), ('PWD', '/home/gong/onset_ws/build/odrive_ros2_control'), ('LC_ALL', 'en_US.UTF-8'), ('XDG_CONFIG_DIRS', '/etc/xdg/xdg-ubuntu:/etc/xdg'), ('XDG_DATA_DIRS', '/usr/share/ubuntu:/usr/local/share/:/usr/share/:/var/lib/snapd/desktop'), ('PYTHONPATH', '/home/gong/onset_ws/install/onsetbot/lib/python3.10/site-packages:/home/gong/onset_ws/install/onset_interfaces/local/lib/python3.10/dist-packages:/home/gong/onset_ws/install/odrive_can/local/lib/python3.10/dist-packages:/opt/ros/humble/lib/python3.10/site-packages:/opt/ros/humble/local/lib/python3.10/dist-packages'), ('COLCON', '1'), ('VTE_VERSION', '6800'), ('CMAKE_PREFIX_PATH', '/home/gong/onset_ws/install/onset_interfaces:/home/gong/onset_ws/install/odrive_botwheel_explorer:/home/gong/onset_ws/install/odrive_ros2_control:/home/gong/onset_ws/install/odrive_can:/home/gong/onset_ws/install/onsetbot:/opt/ros/humble')]), 'shell': False}
[0.209275] (-) TimerEvent: {}
[0.313750] (-) TimerEvent: {}
[0.420289] (-) TimerEvent: {}
[0.522738] (-) TimerEvent: {}
[0.590038] (odrive_can) StdoutLine: {'line': b'[  1%] Built target odrive_can__cpp\n'}
[0.623131] (-) TimerEvent: {}
[0.766231] (-) TimerEvent: {}
[0.771738] (odrive_can) StdoutLine: {'line': b'[ 11%] Built target odrive_can__rosidl_generator_c\n'}
[0.870796] (-) TimerEvent: {}
[0.971873] (-) TimerEvent: {}
[1.078235] (-) TimerEvent: {}
[1.161237] (odrive_ros2_control) StdoutLine: {'line': b'[100%] Built target odrive_ros2_control_plugin\n'}
[1.182069] (-) TimerEvent: {}
[1.208087] (odrive_can) StdoutLine: {'line': b'[ 11%] Built target ament_cmake_python_copy_odrive_can\n'}
[1.283927] (-) TimerEvent: {}
[1.391766] (-) TimerEvent: {}
[1.396920] (odrive_can) StdoutLine: {'line': b'[ 21%] Built target odrive_can__rosidl_typesupport_cpp\n'}
[1.404745] (odrive_ros2_control) CommandEnded: {'returncode': 0}
[1.420651] (odrive_ros2_control) JobProgress: {'identifier': 'odrive_ros2_control', 'progress': 'install'}
[1.495210] (odrive_can) StdoutLine: {'line': b'[ 31%] Built target odrive_can__rosidl_typesupport_fastrtps_c\n'}
[1.495685] (-) TimerEvent: {}
[1.601786] (-) TimerEvent: {}
[1.686312] (odrive_ros2_control) Command: {'cmd': ['/usr/bin/cmake', '--install', '/home/gong/onset_ws/build/odrive_ros2_control'], 'cwd': '/home/gong/onset_ws/build/odrive_ros2_control', 'env': OrderedDict([('LESSOPEN', '| /usr/bin/lesspipe %s'), ('LANGUAGE', 'en_CA:en'), ('USER', 'gong'), ('XDG_SESSION_TYPE', 'wayland'), ('SHLVL', '1'), ('LD_LIBRARY_PATH', '/home/gong/onset_ws/install/onset_interfaces/lib:/home/gong/onset_ws/install/odrive_ros2_control/lib:/home/gong/onset_ws/install/odrive_can/lib:/usr/lib/x86_64-linux-gnu/gazebo-11/plugins:/opt/ros/humble/opt/rviz_ogre_vendor/lib:/opt/ros/humble/lib/x86_64-linux-gnu:/opt/ros/humble/lib'), ('HOME', '/home/gong'), ('OLDPWD', '/home/gong/onset_ws/src/onsetbot'), ('DESKTOP_SESSION', 'ubuntu'), ('ROS_PYTHON_VERSION', '3'), ('GNOME_SHELL_SESSION_MODE', 'ubuntu'), ('GTK_MODULES', 'gail:atk-bridge'), ('SYSTEMD_EXEC_PID', '1644'), ('DBUS_SESSION_BUS_ADDRESS', 'unix:path=/run/user/1000/bus'), ('COLORTERM', 'truecolor'), ('IM_CONFIG_PHASE', '1'), ('WAYLAND_DISPLAY', 'wayland-0'), ('COLCON_PREFIX_PATH', '/home/gong/onset_ws/install'), ('ROS_DISTRO', 'humble'), ('LOGNAME', 'gong'), ('_', '/usr/bin/colcon'), ('ROS_VERSION', '2'), ('XDG_SESSION_CLASS', 'user'), ('USERNAME', 'gong'), ('TERM', 'xterm-256color'), ('GNOME_DESKTOP_SESSION_ID', 'this-is-deprecated'), ('ROS_LOCALHOST_ONLY', '0'), ('PATH', '/opt/ros/humble/bin:/home/gong/.local/bin:/usr/local/sbin:/usr/local/bin:/usr/sbin:/usr/bin:/sbin:/bin:/usr/games:/usr/local/games:/snap/bin:/snap/bin'), ('SESSION_MANAGER', 'local/gong-virtual-machine:@/tmp/.ICE-unix/1616,unix/gong-virtual-machine:/tmp/.ICE-unix/1616'), ('XDG_MENU_PREFIX', 'gnome-'), ('GNOME_TERMINAL_SCREEN', '/org/gnome/Terminal/screen/2cde5a3f_3fdf_455d_bd0b_d8fef2e66a9f'), ('GNOME_SETUP_DISPLAY', ':1'), ('XDG_RUNTIME_DIR', '/run/user/1000'), ('DISPLAY', ':0'), ('LANG', 'en_US.UTF-8'), ('XDG_CURRENT_DESKTOP', 'ubuntu:GNOME'), ('XMODIFIERS', '@im=ibus'), ('XDG_SESSION_DESKTOP', 'ubuntu'), ('XAUTHORITY', '/run/user/1000/.mutter-Xwaylandauth.SDR7L3'), ('LS_COLORS', 'rs=0:di=01;34:ln=01;36:mh=00:pi=40;33:so=01;35:do=01;35:bd=40;33;01:cd=40;33;01:or=40;31;01:mi=00:su=37;41:sg=30;43:ca=30;41:tw=30;42:ow=34;42:st=37;44:ex=01;32:*.tar=01;31:*.tgz=01;31:*.arc=01;31:*.arj=01;31:*.taz=01;31:*.lha=01;31:*.lz4=01;31:*.lzh=01;31:*.lzma=01;31:*.tlz=01;31:*.txz=01;31:*.tzo=01;31:*.t7z=01;31:*.zip=01;31:*.z=01;31:*.dz=01;31:*.gz=01;31:*.lrz=01;31:*.lz=01;31:*.lzo=01;31:*.xz=01;31:*.zst=01;31:*.tzst=01;31:*.bz2=01;31:*.bz=01;31:*.tbz=01;31:*.tbz2=01;31:*.tz=01;31:*.deb=01;31:*.rpm=01;31:*.jar=01;31:*.war=01;31:*.ear=01;31:*.sar=01;31:*.rar=01;31:*.alz=01;31:*.ace=01;31:*.zoo=01;31:*.cpio=01;31:*.7z=01;31:*.rz=01;31:*.cab=01;31:*.wim=01;31:*.swm=01;31:*.dwm=01;31:*.esd=01;31:*.jpg=01;35:*.jpeg=01;35:*.mjpg=01;35:*.mjpeg=01;35:*.gif=01;35:*.bmp=01;35:*.pbm=01;35:*.pgm=01;35:*.ppm=01;35:*.tga=01;35:*.xbm=01;35:*.xpm=01;35:*.tif=01;35:*.tiff=01;35:*.png=01;35:*.svg=01;35:*.svgz=01;35:*.mng=01;35:*.pcx=01;35:*.mov=01;35:*.mpg=01;35:*.mpeg=01;35:*.m2v=01;35:*.mkv=01;35:*.webm=01;35:*.webp=01;35:*.ogm=01;35:*.mp4=01;35:*.m4v=01;35:*.mp4v=01;35:*.vob=01;35:*.qt=01;35:*.nuv=01;35:*.wmv=01;35:*.asf=01;35:*.rm=01;35:*.rmvb=01;35:*.flc=01;35:*.avi=01;35:*.fli=01;35:*.flv=01;35:*.gl=01;35:*.dl=01;35:*.xcf=01;35:*.xwd=01;35:*.yuv=01;35:*.cgm=01;35:*.emf=01;35:*.ogv=01;35:*.ogx=01;35:*.aac=00;36:*.au=00;36:*.flac=00;36:*.m4a=00;36:*.mid=00;36:*.midi=00;36:*.mka=00;36:*.mp3=00;36:*.mpc=00;36:*.ogg=00;36:*.ra=00;36:*.wav=00;36:*.oga=00;36:*.opus=00;36:*.spx=00;36:*.xspf=00;36:'), ('GNOME_TERMINAL_SERVICE', ':1.99'), ('SSH_AGENT_LAUNCHER', 'gnome-keyring'), ('SSH_AUTH_SOCK', '/run/user/1000/keyring/ssh'), ('ROS_DOMAIN_ID', '0'), ('AMENT_PREFIX_PATH', '/home/gong/onset_ws/install/onsetbot:/home/gong/onset_ws/install/onset_interfaces:/home/gong/onset_ws/install/odrive_botwheel_explorer:/home/gong/onset_ws/install/odrive_ros2_control:/home/gong/onset_ws/install/odrive_can:/opt/ros/humble'), ('SHELL', '/bin/bash'), ('QT_ACCESSIBILITY', '1'), ('GDMSESSION', 'ubuntu'), ('LESSCLOSE', '/usr/bin/lesspipe %s %s'), ('QT_IM_MODULE', 'ibus'), ('PWD', '/home/gong/onset_ws/build/odrive_ros2_control'), ('LC_ALL', 'en_US.UTF-8'), ('XDG_CONFIG_DIRS', '/etc/xdg/xdg-ubuntu:/etc/xdg'), ('XDG_DATA_DIRS', '/usr/share/ubuntu:/usr/local/share/:/usr/share/:/var/lib/snapd/desktop'), ('PYTHONPATH', '/home/gong/onset_ws/install/onsetbot/lib/python3.10/site-packages:/home/gong/onset_ws/install/onset_interfaces/local/lib/python3.10/dist-packages:/home/gong/onset_ws/install/odrive_can/local/lib/python3.10/dist-packages:/opt/ros/humble/lib/python3.10/site-packages:/opt/ros/humble/local/lib/python3.10/dist-packages'), ('COLCON', '1'), ('VTE_VERSION', '6800'), ('CMAKE_PREFIX_PATH', '/home/gong/onset_ws/install/onset_interfaces:/home/gong/onset_ws/install/odrive_botwheel_explorer:/home/gong/onset_ws/install/odrive_ros2_control:/home/gong/onset_ws/install/odrive_can:/home/gong/onset_ws/install/onsetbot:/opt/ros/humble')]), 'shell': False}
[1.720378] (-) TimerEvent: {}
[1.723957] (odrive_can) StdoutLine: {'line': b'[ 41%] Built target odrive_can__rosidl_typesupport_introspection_c\n'}
[1.826116] (odrive_ros2_control) StdoutLine: {'line': b'-- Install configuration: ""\n'}
[1.826419] (-) TimerEvent: {}
[1.828796] (odrive_ros2_control) StdoutLine: {'line': b'-- Up-to-date: /home/gong/onset_ws/install/odrive_ros2_control/share/odrive_ros2_control/odrive_hardware_interface.xml\n'}
[1.842164] (odrive_ros2_control) StdoutLine: {'line': b'-- Up-to-date: /home/gong/onset_ws/install/odrive_ros2_control/lib/libodrive_ros2_control_plugin.so\n'}
[1.847412] (odrive_ros2_control) StdoutLine: {'line': b'-- Up-to-date: /home/gong/onset_ws/install/odrive_ros2_control/share/ament_index/resource_index/package_run_dependencies/odrive_ros2_control\n'}
[1.847735] (odrive_ros2_control) StdoutLine: {'line': b'-- Up-to-date: /home/gong/onset_ws/install/odrive_ros2_control/share/ament_index/resource_index/parent_prefix_path/odrive_ros2_control\n'}
[1.847864] (odrive_ros2_control) StdoutLine: {'line': b'-- Up-to-date: /home/gong/onset_ws/install/odrive_ros2_control/share/odrive_ros2_control/environment/ament_prefix_path.sh\n'}
[1.849454] (odrive_ros2_control) StdoutLine: {'line': b'-- Up-to-date: /home/gong/onset_ws/install/odrive_ros2_control/share/odrive_ros2_control/environment/ament_prefix_path.dsv\n'}
[1.849612] (odrive_ros2_control) StdoutLine: {'line': b'-- Up-to-date: /home/gong/onset_ws/install/odrive_ros2_control/share/odrive_ros2_control/environment/path.sh\n'}
[1.849722] (odrive_ros2_control) StdoutLine: {'line': b'-- Up-to-date: /home/gong/onset_ws/install/odrive_ros2_control/share/odrive_ros2_control/environment/path.dsv\n'}
[1.849826] (odrive_ros2_control) StdoutLine: {'line': b'-- Up-to-date: /home/gong/onset_ws/install/odrive_ros2_control/share/odrive_ros2_control/local_setup.bash\n'}
[1.849932] (odrive_ros2_control) StdoutLine: {'line': b'-- Up-to-date: /home/gong/onset_ws/install/odrive_ros2_control/share/odrive_ros2_control/local_setup.sh\n'}
[1.850128] (odrive_ros2_control) StdoutLine: {'line': b'-- Up-to-date: /home/gong/onset_ws/install/odrive_ros2_control/share/odrive_ros2_control/local_setup.zsh\n'}
[1.850664] (odrive_ros2_control) StdoutLine: {'line': b'-- Up-to-date: /home/gong/onset_ws/install/odrive_ros2_control/share/odrive_ros2_control/local_setup.dsv\n'}
[1.856401] (odrive_ros2_control) StdoutLine: {'line': b'-- Installing: /home/gong/onset_ws/install/odrive_ros2_control/share/odrive_ros2_control/package.dsv\n'}
[1.863631] (odrive_ros2_control) StdoutLine: {'line': b'-- Up-to-date: /home/gong/onset_ws/install/odrive_ros2_control/share/ament_index/resource_index/packages/odrive_ros2_control\n'}
[1.863964] (odrive_ros2_control) StdoutLine: {'line': b'-- Up-to-date: /home/gong/onset_ws/install/odrive_ros2_control/share/ament_index/resource_index/hardware_interface__pluginlib__plugin/odrive_ros2_control\n'}
[1.864171] (odrive_ros2_control) StdoutLine: {'line': b'-- Up-to-date: /home/gong/onset_ws/install/odrive_ros2_control/share/odrive_ros2_control/cmake/ament_cmake_export_dependencies-extras.cmake\n'}
[1.864319] (odrive_ros2_control) StdoutLine: {'line': b'-- Up-to-date: /home/gong/onset_ws/install/odrive_ros2_control/share/odrive_ros2_control/cmake/odrive_ros2_controlConfig.cmake\n'}
[1.864451] (odrive_ros2_control) StdoutLine: {'line': b'-- Up-to-date: /home/gong/onset_ws/install/odrive_ros2_control/share/odrive_ros2_control/cmake/odrive_ros2_controlConfig-version.cmake\n'}
[1.878390] (odrive_ros2_control) StdoutLine: {'line': b'-- Up-to-date: /home/gong/onset_ws/install/odrive_ros2_control/share/odrive_ros2_control/package.xml\n'}
[1.888136] (odrive_can) StdoutLine: {'line': b'[ 51%] Built target odrive_can__rosidl_typesupport_fastrtps_cpp\n'}
[1.899364] (odrive_ros2_control) CommandEnded: {'returncode': 0}
[1.938129] (-) TimerEvent: {}
[1.998733] (odrive_can) StdoutLine: {'line': b'[ 61%] Built target odrive_can__rosidl_typesupport_c\n'}
[2.050330] (-) TimerEvent: {}
[2.157994] (-) TimerEvent: {}
[2.274427] (-) TimerEvent: {}
[2.328846] (odrive_can) StdoutLine: {'line': b'[ 71%] Built target odrive_can__rosidl_typesupport_introspection_cpp\n'}
[2.381284] (-) TimerEvent: {}
[2.476076] (odrive_ros2_control) JobEnded: {'identifier': 'odrive_ros2_control', 'rc': 0}
[2.479182] (onset_interfaces) JobStarted: {'identifier': 'onset_interfaces'}
[2.495138] (-) TimerEvent: {}
[2.602791] (onset_interfaces) JobProgress: {'identifier': 'onset_interfaces', 'progress': 'cmake'}
[2.602902] (-) TimerEvent: {}
[2.615190] (onset_interfaces) JobProgress: {'identifier': 'onset_interfaces', 'progress': 'build'}
[2.615319] (onset_interfaces) Command: {'cmd': ['/usr/bin/cmake', '--build', '/home/gong/onset_ws/build/onset_interfaces', '--', '-j2', '-l2'], 'cwd': '/home/gong/onset_ws/build/onset_interfaces', 'env': OrderedDict([('LESSOPEN', '| /usr/bin/lesspipe %s'), ('LANGUAGE', 'en_CA:en'), ('USER', 'gong'), ('XDG_SESSION_TYPE', 'wayland'), ('SHLVL', '1'), ('LD_LIBRARY_PATH', '/home/gong/onset_ws/install/onset_interfaces/lib:/home/gong/onset_ws/install/odrive_ros2_control/lib:/home/gong/onset_ws/install/odrive_can/lib:/usr/lib/x86_64-linux-gnu/gazebo-11/plugins:/opt/ros/humble/opt/rviz_ogre_vendor/lib:/opt/ros/humble/lib/x86_64-linux-gnu:/opt/ros/humble/lib'), ('HOME', '/home/gong'), ('OLDPWD', '/home/gong/onset_ws/src/onsetbot'), ('DESKTOP_SESSION', 'ubuntu'), ('ROS_PYTHON_VERSION', '3'), ('GNOME_SHELL_SESSION_MODE', 'ubuntu'), ('GTK_MODULES', 'gail:atk-bridge'), ('SYSTEMD_EXEC_PID', '1644'), ('DBUS_SESSION_BUS_ADDRESS', 'unix:path=/run/user/1000/bus'), ('COLORTERM', 'truecolor'), ('IM_CONFIG_PHASE', '1'), ('WAYLAND_DISPLAY', 'wayland-0'), ('COLCON_PREFIX_PATH', '/home/gong/onset_ws/install'), ('ROS_DISTRO', 'humble'), ('LOGNAME', 'gong'), ('_', '/usr/bin/colcon'), ('ROS_VERSION', '2'), ('XDG_SESSION_CLASS', 'user'), ('USERNAME', 'gong'), ('TERM', 'xterm-256color'), ('GNOME_DESKTOP_SESSION_ID', 'this-is-deprecated'), ('ROS_LOCALHOST_ONLY', '0'), ('PATH', '/opt/ros/humble/bin:/home/gong/.local/bin:/usr/local/sbin:/usr/local/bin:/usr/sbin:/usr/bin:/sbin:/bin:/usr/games:/usr/local/games:/snap/bin:/snap/bin'), ('SESSION_MANAGER', 'local/gong-virtual-machine:@/tmp/.ICE-unix/1616,unix/gong-virtual-machine:/tmp/.ICE-unix/1616'), ('XDG_MENU_PREFIX', 'gnome-'), ('GNOME_TERMINAL_SCREEN', '/org/gnome/Terminal/screen/2cde5a3f_3fdf_455d_bd0b_d8fef2e66a9f'), ('GNOME_SETUP_DISPLAY', ':1'), ('XDG_RUNTIME_DIR', '/run/user/1000'), ('DISPLAY', ':0'), ('LANG', 'en_US.UTF-8'), ('XDG_CURRENT_DESKTOP', 'ubuntu:GNOME'), ('XMODIFIERS', '@im=ibus'), ('XDG_SESSION_DESKTOP', 'ubuntu'), ('XAUTHORITY', '/run/user/1000/.mutter-Xwaylandauth.SDR7L3'), ('LS_COLORS', 'rs=0:di=01;34:ln=01;36:mh=00:pi=40;33:so=01;35:do=01;35:bd=40;33;01:cd=40;33;01:or=40;31;01:mi=00:su=37;41:sg=30;43:ca=30;41:tw=30;42:ow=34;42:st=37;44:ex=01;32:*.tar=01;31:*.tgz=01;31:*.arc=01;31:*.arj=01;31:*.taz=01;31:*.lha=01;31:*.lz4=01;31:*.lzh=01;31:*.lzma=01;31:*.tlz=01;31:*.txz=01;31:*.tzo=01;31:*.t7z=01;31:*.zip=01;31:*.z=01;31:*.dz=01;31:*.gz=01;31:*.lrz=01;31:*.lz=01;31:*.lzo=01;31:*.xz=01;31:*.zst=01;31:*.tzst=01;31:*.bz2=01;31:*.bz=01;31:*.tbz=01;31:*.tbz2=01;31:*.tz=01;31:*.deb=01;31:*.rpm=01;31:*.jar=01;31:*.war=01;31:*.ear=01;31:*.sar=01;31:*.rar=01;31:*.alz=01;31:*.ace=01;31:*.zoo=01;31:*.cpio=01;31:*.7z=01;31:*.rz=01;31:*.cab=01;31:*.wim=01;31:*.swm=01;31:*.dwm=01;31:*.esd=01;31:*.jpg=01;35:*.jpeg=01;35:*.mjpg=01;35:*.mjpeg=01;35:*.gif=01;35:*.bmp=01;35:*.pbm=01;35:*.pgm=01;35:*.ppm=01;35:*.tga=01;35:*.xbm=01;35:*.xpm=01;35:*.tif=01;35:*.tiff=01;35:*.png=01;35:*.svg=01;35:*.svgz=01;35:*.mng=01;35:*.pcx=01;35:*.mov=01;35:*.mpg=01;35:*.mpeg=01;35:*.m2v=01;35:*.mkv=01;35:*.webm=01;35:*.webp=01;35:*.ogm=01;35:*.mp4=01;35:*.m4v=01;35:*.mp4v=01;35:*.vob=01;35:*.qt=01;35:*.nuv=01;35:*.wmv=01;35:*.asf=01;35:*.rm=01;35:*.rmvb=01;35:*.flc=01;35:*.avi=01;35:*.fli=01;35:*.flv=01;35:*.gl=01;35:*.dl=01;35:*.xcf=01;35:*.xwd=01;35:*.yuv=01;35:*.cgm=01;35:*.emf=01;35:*.ogv=01;35:*.ogx=01;35:*.aac=00;36:*.au=00;36:*.flac=00;36:*.m4a=00;36:*.mid=00;36:*.midi=00;36:*.mka=00;36:*.mp3=00;36:*.mpc=00;36:*.ogg=00;36:*.ra=00;36:*.wav=00;36:*.oga=00;36:*.opus=00;36:*.spx=00;36:*.xspf=00;36:'), ('GNOME_TERMINAL_SERVICE', ':1.99'), ('SSH_AGENT_LAUNCHER', 'gnome-keyring'), ('SSH_AUTH_SOCK', '/run/user/1000/keyring/ssh'), ('ROS_DOMAIN_ID', '0'), ('AMENT_PREFIX_PATH', '/home/gong/onset_ws/install/onsetbot:/home/gong/onset_ws/install/onset_interfaces:/home/gong/onset_ws/install/odrive_botwheel_explorer:/home/gong/onset_ws/install/odrive_ros2_control:/home/gong/onset_ws/install/odrive_can:/opt/ros/humble'), ('SHELL', '/bin/bash'), ('QT_ACCESSIBILITY', '1'), ('GDMSESSION', 'ubuntu'), ('LESSCLOSE', '/usr/bin/lesspipe %s %s'), ('QT_IM_MODULE', 'ibus'), ('PWD', '/home/gong/onset_ws/build/onset_interfaces'), ('LC_ALL', 'en_US.UTF-8'), ('XDG_CONFIG_DIRS', '/etc/xdg/xdg-ubuntu:/etc/xdg'), ('XDG_DATA_DIRS', '/usr/share/ubuntu:/usr/local/share/:/usr/share/:/var/lib/snapd/desktop'), ('PYTHONPATH', '/home/gong/onset_ws/install/onsetbot/lib/python3.10/site-packages:/home/gong/onset_ws/install/onset_interfaces/local/lib/python3.10/dist-packages:/home/gong/onset_ws/install/odrive_can/local/lib/python3.10/dist-packages:/opt/ros/humble/lib/python3.10/site-packages:/opt/ros/humble/local/lib/python3.10/dist-packages'), ('COLCON', '1'), ('VTE_VERSION', '6800'), ('CMAKE_PREFIX_PATH', '/home/gong/onset_ws/install/onset_interfaces:/home/gong/onset_ws/install/odrive_botwheel_explorer:/home/gong/onset_ws/install/odrive_ros2_control:/home/gong/onset_ws/install/odrive_can:/home/gong/onset_ws/install/onsetbot:/opt/ros/humble')]), 'shell': False}
[2.706061] (-) TimerEvent: {}
[2.809441] (-) TimerEvent: {}
[2.923073] (-) TimerEvent: {}
[2.957586] (odrive_can) StdoutLine: {'line': b'[ 80%] Built target odrive_can_node\n'}
[3.025560] (-) TimerEvent: {}
[3.126740] (-) TimerEvent: {}
[3.232048] (-) TimerEvent: {}
[3.334259] (-) TimerEvent: {}
[3.436943] (-) TimerEvent: {}
[3.482872] (odrive_can) StdoutLine: {'line': b'[ 80%] Built target odrive_can\n'}
[3.525494] (onset_interfaces) StdoutLine: {'line': b'[  1%] Built target onset_interfaces__cpp\n'}
[3.543581] (-) TimerEvent: {}
[3.646150] (-) TimerEvent: {}
[3.766850] (-) TimerEvent: {}
[3.821154] (onset_interfaces) StdoutLine: {'line': b'[ 12%] Built target onset_interfaces__rosidl_generator_c\n'}
[3.867625] (-) TimerEvent: {}
[3.974422] (-) TimerEvent: {}
[4.012650] (odrive_can) StdoutLine: {'line': b'[ 81%] Built target odrive_can__py\n'}
[4.078555] (-) TimerEvent: {}
[4.192258] (-) TimerEvent: {}
[4.312798] (-) TimerEvent: {}
[4.437268] (-) TimerEvent: {}
[4.542271] (-) TimerEvent: {}
[4.637998] (onset_interfaces) StdoutLine: {'line': b'[ 23%] Built target onset_interfaces__rosidl_typesupport_cpp\n'}
[4.642710] (-) TimerEvent: {}
[4.702403] (onset_interfaces) StdoutLine: {'line': b'[ 23%] Built target ament_cmake_python_copy_onset_interfaces\n'}
[4.745491] (-) TimerEvent: {}
[4.851253] (-) TimerEvent: {}
[4.906200] (odrive_can) StdoutLine: {'line': b'[ 90%] Built target odrive_can__rosidl_generator_py\n'}
[4.959217] (-) TimerEvent: {}
[5.071180] (-) TimerEvent: {}
[5.175342] (-) TimerEvent: {}
[5.216023] (onset_interfaces) StdoutLine: {'line': b'[ 34%] Built target onset_interfaces__rosidl_typesupport_introspection_c\n'}
[5.275960] (-) TimerEvent: {}
[5.383776] (-) TimerEvent: {}
[5.476727] (onset_interfaces) StdoutLine: {'line': b'[ 46%] Built target onset_interfaces__rosidl_typesupport_fastrtps_c\n'}
[5.487277] (-) TimerEvent: {}
[5.537255] (odrive_can) StdoutLine: {'line': b'[ 93%] Built target odrive_can__rosidl_typesupport_fastrtps_c__pyext\n'}
[5.590825] (-) TimerEvent: {}
[5.697120] (-) TimerEvent: {}
[5.832745] (onset_interfaces) StdoutLine: {'line': b'[ 57%] Built target onset_interfaces__rosidl_typesupport_c\n'}
[5.833122] (-) TimerEvent: {}
[5.944424] (-) TimerEvent: {}
[6.000734] (odrive_can) StdoutLine: {'line': b'[ 96%] Built target odrive_can__rosidl_typesupport_introspection_c__pyext\n'}
[6.050627] (-) TimerEvent: {}
[6.156667] (-) TimerEvent: {}
[6.230353] (onset_interfaces) StdoutLine: {'line': b'[ 68%] Built target onset_interfaces__rosidl_typesupport_fastrtps_cpp\n'}
[6.260692] (-) TimerEvent: {}
[6.364654] (-) TimerEvent: {}
[6.391740] (onset_interfaces) StdoutLine: {'line': b'[ 79%] Built target onset_interfaces__rosidl_typesupport_introspection_cpp\n'}
[6.415826] (odrive_can) StdoutLine: {'line': b'[100%] Built target odrive_can__rosidl_typesupport_c__pyext\n'}
[6.465042] (-) TimerEvent: {}
[6.571310] (-) TimerEvent: {}
[6.686467] (-) TimerEvent: {}
[6.796504] (-) TimerEvent: {}
[6.833351] (onset_interfaces) StdoutLine: {'line': b'[ 79%] Built target onset_interfaces\n'}
[6.862359] (odrive_can) StdoutLine: {'line': b'running egg_info\n'}
[6.868642] (odrive_can) StdoutLine: {'line': b'writing odrive_can.egg-info/PKG-INFO\n'}
[6.875934] (odrive_can) StdoutLine: {'line': b'writing dependency_links to odrive_can.egg-info/dependency_links.txt\n'}
[6.883332] (odrive_can) StdoutLine: {'line': b'writing top-level names to odrive_can.egg-info/top_level.txt\n'}
[6.893497] (odrive_can) StdoutLine: {'line': b"reading manifest file 'odrive_can.egg-info/SOURCES.txt'\n"}
[6.898959] (odrive_can) StdoutLine: {'line': b"writing manifest file 'odrive_can.egg-info/SOURCES.txt'\n"}
[6.899246] (-) TimerEvent: {}
[7.000131] (-) TimerEvent: {}
[7.118116] (-) TimerEvent: {}
[7.224354] (odrive_can) StdoutLine: {'line': b'[100%] Built target ament_cmake_python_build_odrive_can_egg\n'}
[7.225019] (-) TimerEvent: {}
[7.326925] (-) TimerEvent: {}
[7.412720] (odrive_can) CommandEnded: {'returncode': 0}
[7.413521] (odrive_can) JobProgress: {'identifier': 'odrive_can', 'progress': 'install'}
[7.413576] (odrive_can) Command: {'cmd': ['/usr/bin/cmake', '--install', '/home/gong/onset_ws/build/odrive_can'], 'cwd': '/home/gong/onset_ws/build/odrive_can', 'env': OrderedDict([('LESSOPEN', '| /usr/bin/lesspipe %s'), ('LANGUAGE', 'en_CA:en'), ('USER', 'gong'), ('XDG_SESSION_TYPE', 'wayland'), ('SHLVL', '1'), ('LD_LIBRARY_PATH', '/home/gong/onset_ws/install/onset_interfaces/lib:/home/gong/onset_ws/install/odrive_ros2_control/lib:/home/gong/onset_ws/install/odrive_can/lib:/usr/lib/x86_64-linux-gnu/gazebo-11/plugins:/opt/ros/humble/opt/rviz_ogre_vendor/lib:/opt/ros/humble/lib/x86_64-linux-gnu:/opt/ros/humble/lib'), ('HOME', '/home/gong'), ('OLDPWD', '/home/gong/onset_ws/src/onsetbot'), ('DESKTOP_SESSION', 'ubuntu'), ('ROS_PYTHON_VERSION', '3'), ('GNOME_SHELL_SESSION_MODE', 'ubuntu'), ('GTK_MODULES', 'gail:atk-bridge'), ('SYSTEMD_EXEC_PID', '1644'), ('DBUS_SESSION_BUS_ADDRESS', 'unix:path=/run/user/1000/bus'), ('COLORTERM', 'truecolor'), ('IM_CONFIG_PHASE', '1'), ('WAYLAND_DISPLAY', 'wayland-0'), ('COLCON_PREFIX_PATH', '/home/gong/onset_ws/install'), ('ROS_DISTRO', 'humble'), ('LOGNAME', 'gong'), ('_', '/usr/bin/colcon'), ('ROS_VERSION', '2'), ('XDG_SESSION_CLASS', 'user'), ('USERNAME', 'gong'), ('TERM', 'xterm-256color'), ('GNOME_DESKTOP_SESSION_ID', 'this-is-deprecated'), ('ROS_LOCALHOST_ONLY', '0'), ('PATH', '/opt/ros/humble/bin:/home/gong/.local/bin:/usr/local/sbin:/usr/local/bin:/usr/sbin:/usr/bin:/sbin:/bin:/usr/games:/usr/local/games:/snap/bin:/snap/bin'), ('SESSION_MANAGER', 'local/gong-virtual-machine:@/tmp/.ICE-unix/1616,unix/gong-virtual-machine:/tmp/.ICE-unix/1616'), ('XDG_MENU_PREFIX', 'gnome-'), ('GNOME_TERMINAL_SCREEN', '/org/gnome/Terminal/screen/2cde5a3f_3fdf_455d_bd0b_d8fef2e66a9f'), ('GNOME_SETUP_DISPLAY', ':1'), ('XDG_RUNTIME_DIR', '/run/user/1000'), ('DISPLAY', ':0'), ('LANG', 'en_US.UTF-8'), ('XDG_CURRENT_DESKTOP', 'ubuntu:GNOME'), ('XMODIFIERS', '@im=ibus'), ('XDG_SESSION_DESKTOP', 'ubuntu'), ('XAUTHORITY', '/run/user/1000/.mutter-Xwaylandauth.SDR7L3'), ('LS_COLORS', 'rs=0:di=01;34:ln=01;36:mh=00:pi=40;33:so=01;35:do=01;35:bd=40;33;01:cd=40;33;01:or=40;31;01:mi=00:su=37;41:sg=30;43:ca=30;41:tw=30;42:ow=34;42:st=37;44:ex=01;32:*.tar=01;31:*.tgz=01;31:*.arc=01;31:*.arj=01;31:*.taz=01;31:*.lha=01;31:*.lz4=01;31:*.lzh=01;31:*.lzma=01;31:*.tlz=01;31:*.txz=01;31:*.tzo=01;31:*.t7z=01;31:*.zip=01;31:*.z=01;31:*.dz=01;31:*.gz=01;31:*.lrz=01;31:*.lz=01;31:*.lzo=01;31:*.xz=01;31:*.zst=01;31:*.tzst=01;31:*.bz2=01;31:*.bz=01;31:*.tbz=01;31:*.tbz2=01;31:*.tz=01;31:*.deb=01;31:*.rpm=01;31:*.jar=01;31:*.war=01;31:*.ear=01;31:*.sar=01;31:*.rar=01;31:*.alz=01;31:*.ace=01;31:*.zoo=01;31:*.cpio=01;31:*.7z=01;31:*.rz=01;31:*.cab=01;31:*.wim=01;31:*.swm=01;31:*.dwm=01;31:*.esd=01;31:*.jpg=01;35:*.jpeg=01;35:*.mjpg=01;35:*.mjpeg=01;35:*.gif=01;35:*.bmp=01;35:*.pbm=01;35:*.pgm=01;35:*.ppm=01;35:*.tga=01;35:*.xbm=01;35:*.xpm=01;35:*.tif=01;35:*.tiff=01;35:*.png=01;35:*.svg=01;35:*.svgz=01;35:*.mng=01;35:*.pcx=01;35:*.mov=01;35:*.mpg=01;35:*.mpeg=01;35:*.m2v=01;35:*.mkv=01;35:*.webm=01;35:*.webp=01;35:*.ogm=01;35:*.mp4=01;35:*.m4v=01;35:*.mp4v=01;35:*.vob=01;35:*.qt=01;35:*.nuv=01;35:*.wmv=01;35:*.asf=01;35:*.rm=01;35:*.rmvb=01;35:*.flc=01;35:*.avi=01;35:*.fli=01;35:*.flv=01;35:*.gl=01;35:*.dl=01;35:*.xcf=01;35:*.xwd=01;35:*.yuv=01;35:*.cgm=01;35:*.emf=01;35:*.ogv=01;35:*.ogx=01;35:*.aac=00;36:*.au=00;36:*.flac=00;36:*.m4a=00;36:*.mid=00;36:*.midi=00;36:*.mka=00;36:*.mp3=00;36:*.mpc=00;36:*.ogg=00;36:*.ra=00;36:*.wav=00;36:*.oga=00;36:*.opus=00;36:*.spx=00;36:*.xspf=00;36:'), ('GNOME_TERMINAL_SERVICE', ':1.99'), ('SSH_AGENT_LAUNCHER', 'gnome-keyring'), ('SSH_AUTH_SOCK', '/run/user/1000/keyring/ssh'), ('ROS_DOMAIN_ID', '0'), ('AMENT_PREFIX_PATH', '/home/gong/onset_ws/install/onsetbot:/home/gong/onset_ws/install/onset_interfaces:/home/gong/onset_ws/install/odrive_botwheel_explorer:/home/gong/onset_ws/install/odrive_ros2_control:/home/gong/onset_ws/install/odrive_can:/opt/ros/humble'), ('SHELL', '/bin/bash'), ('QT_ACCESSIBILITY', '1'), ('GDMSESSION', 'ubuntu'), ('LESSCLOSE', '/usr/bin/lesspipe %s %s'), ('QT_IM_MODULE', 'ibus'), ('PWD', '/home/gong/onset_ws/build/odrive_can'), ('LC_ALL', 'en_US.UTF-8'), ('XDG_CONFIG_DIRS', '/etc/xdg/xdg-ubuntu:/etc/xdg'), ('XDG_DATA_DIRS', '/usr/share/ubuntu:/usr/local/share/:/usr/share/:/var/lib/snapd/desktop'), ('PYTHONPATH', '/home/gong/onset_ws/install/onsetbot/lib/python3.10/site-packages:/home/gong/onset_ws/install/onset_interfaces/local/lib/python3.10/dist-packages:/home/gong/onset_ws/install/odrive_can/local/lib/python3.10/dist-packages:/opt/ros/humble/lib/python3.10/site-packages:/opt/ros/humble/local/lib/python3.10/dist-packages'), ('COLCON', '1'), ('VTE_VERSION', '6800'), ('CMAKE_PREFIX_PATH', '/home/gong/onset_ws/install/onset_interfaces:/home/gong/onset_ws/install/odrive_botwheel_explorer:/home/gong/onset_ws/install/odrive_ros2_control:/home/gong/onset_ws/install/odrive_can:/home/gong/onset_ws/install/onsetbot:/opt/ros/humble')]), 'shell': False}
[7.428438] (-) TimerEvent: {}
[7.531165] (-) TimerEvent: {}
[7.549495] (odrive_can) StdoutLine: {'line': b'-- Install configuration: ""\n'}
[7.550163] (odrive_can) StdoutLine: {'line': b'-- Up-to-date: /home/gong/onset_ws/install/odrive_can/share/ament_index/resource_index/rosidl_interfaces/odrive_can\n'}
[7.550361] (odrive_can) StdoutLine: {'line': b'-- Up-to-date: /home/gong/onset_ws/install/odrive_can/include/odrive_can/odrive_can\n'}
[7.550507] (odrive_can) StdoutLine: {'line': b'-- Up-to-date: /home/gong/onset_ws/install/odrive_can/include/odrive_can/odrive_can/msg\n'}
[7.550904] (odrive_can) StdoutLine: {'line': b'-- Up-to-date: /home/gong/onset_ws/install/odrive_can/include/odrive_can/odrive_can/msg/controller_status.h\n'}
[7.551075] (odrive_can) StdoutLine: {'line': b'-- Up-to-date: /home/gong/onset_ws/install/odrive_can/include/odrive_can/odrive_can/msg/detail\n'}
[7.551193] (odrive_can) StdoutLine: {'line': b'-- Up-to-date: /home/gong/onset_ws/install/odrive_can/include/odrive_can/odrive_can/msg/detail/control_message__functions.h\n'}
[7.551298] (odrive_can) StdoutLine: {'line': b'-- Up-to-date: /home/gong/onset_ws/install/odrive_can/include/odrive_can/odrive_can/msg/detail/controller_status__functions.h\n'}
[7.551398] (odrive_can) StdoutLine: {'line': b'-- Up-to-date: /home/gong/onset_ws/install/odrive_can/include/odrive_can/odrive_can/msg/detail/o_drive_status__type_support.h\n'}
[7.551497] (odrive_can) StdoutLine: {'line': b'-- Up-to-date: /home/gong/onset_ws/install/odrive_can/include/odrive_can/odrive_can/msg/detail/o_drive_status__functions.c\n'}
[7.551594] (odrive_can) StdoutLine: {'line': b'-- Up-to-date: /home/gong/onset_ws/install/odrive_can/include/odrive_can/odrive_can/msg/detail/controller_status__functions.c\n'}
[7.554227] (odrive_can) StdoutLine: {'line': b'-- Up-to-date: /home/gong/onset_ws/install/odrive_can/include/odrive_can/odrive_can/msg/detail/control_message__type_support.h\n'}
[7.554789] (odrive_can) StdoutLine: {'line': b'-- Up-to-date: /home/gong/onset_ws/install/odrive_can/include/odrive_can/odrive_can/msg/detail/o_drive_status__functions.h\n'}
[7.556479] (odrive_can) StdoutLine: {'line': b'-- Up-to-date: /home/gong/onset_ws/install/odrive_can/include/odrive_can/odrive_can/msg/detail/controller_status__type_support.h\n'}
[7.556898] (odrive_can) StdoutLine: {'line': b'-- Up-to-date: /home/gong/onset_ws/install/odrive_can/include/odrive_can/odrive_can/msg/detail/control_message__struct.h\n'}
[7.557046] (odrive_can) StdoutLine: {'line': b'-- Up-to-date: /home/gong/onset_ws/install/odrive_can/include/odrive_can/odrive_can/msg/detail/o_drive_status__struct.h\n'}
[7.557162] (odrive_can) StdoutLine: {'line': b'-- Up-to-date: /home/gong/onset_ws/install/odrive_can/include/odrive_can/odrive_can/msg/detail/controller_status__struct.h\n'}
[7.557301] (odrive_can) StdoutLine: {'line': b'-- Up-to-date: /home/gong/onset_ws/install/odrive_can/include/odrive_can/odrive_can/msg/detail/control_message__functions.c\n'}
[7.557423] (odrive_can) StdoutLine: {'line': b'-- Up-to-date: /home/gong/onset_ws/install/odrive_can/include/odrive_can/odrive_can/msg/control_message.h\n'}
[7.557531] (odrive_can) StdoutLine: {'line': b'-- Up-to-date: /home/gong/onset_ws/install/odrive_can/include/odrive_can/odrive_can/msg/rosidl_generator_c__visibility_control.h\n'}
[7.557635] (odrive_can) StdoutLine: {'line': b'-- Up-to-date: /home/gong/onset_ws/install/odrive_can/include/odrive_can/odrive_can/msg/o_drive_status.h\n'}
[7.557736] (odrive_can) StdoutLine: {'line': b'-- Up-to-date: /home/gong/onset_ws/install/odrive_can/include/odrive_can/odrive_can/srv\n'}
[7.557834] (odrive_can) StdoutLine: {'line': b'-- Up-to-date: /home/gong/onset_ws/install/odrive_can/include/odrive_can/odrive_can/srv/detail\n'}
[7.557930] (odrive_can) StdoutLine: {'line': b'-- Up-to-date: /home/gong/onset_ws/install/odrive_can/include/odrive_can/odrive_can/srv/detail/axis_state__struct.h\n'}
[7.558030] (odrive_can) StdoutLine: {'line': b'-- Up-to-date: /home/gong/onset_ws/install/odrive_can/include/odrive_can/odrive_can/srv/detail/axis_state__type_support.h\n'}
[7.558129] (odrive_can) StdoutLine: {'line': b'-- Up-to-date: /home/gong/onset_ws/install/odrive_can/include/odrive_can/odrive_can/srv/detail/axis_state__functions.h\n'}
[7.558254] (odrive_can) StdoutLine: {'line': b'-- Up-to-date: /home/gong/onset_ws/install/odrive_can/include/odrive_can/odrive_can/srv/detail/axis_state__functions.c\n'}
[7.558347] (odrive_can) StdoutLine: {'line': b'-- Up-to-date: /home/gong/onset_ws/install/odrive_can/include/odrive_can/odrive_can/srv/axis_state.h\n'}
[7.564718] (odrive_can) StdoutLine: {'line': b'-- Up-to-date: /home/gong/onset_ws/install/odrive_can/share/odrive_can/environment/library_path.sh\n'}
[7.565153] (odrive_can) StdoutLine: {'line': b'-- Up-to-date: /home/gong/onset_ws/install/odrive_can/share/odrive_can/environment/library_path.dsv\n'}
[7.566802] (odrive_can) StdoutLine: {'line': b'-- Up-to-date: /home/gong/onset_ws/install/odrive_can/lib/libodrive_can__rosidl_generator_c.so\n'}
[7.567018] (odrive_can) StdoutLine: {'line': b'-- Up-to-date: /home/gong/onset_ws/install/odrive_can/include/odrive_can/odrive_can\n'}
[7.567165] (odrive_can) StdoutLine: {'line': b'-- Up-to-date: /home/gong/onset_ws/install/odrive_can/include/odrive_can/odrive_can/msg\n'}
[7.567265] (odrive_can) StdoutLine: {'line': b'-- Up-to-date: /home/gong/onset_ws/install/odrive_can/include/odrive_can/odrive_can/msg/detail\n'}
[7.567359] (odrive_can) StdoutLine: {'line': b'-- Up-to-date: /home/gong/onset_ws/install/odrive_can/include/odrive_can/odrive_can/msg/detail/controller_status__rosidl_typesupport_fastrtps_c.h\n'}
[7.567451] (odrive_can) StdoutLine: {'line': b'-- Up-to-date: /home/gong/onset_ws/install/odrive_can/include/odrive_can/odrive_can/msg/detail/control_message__rosidl_typesupport_fastrtps_c.h\n'}
[7.567542] (odrive_can) StdoutLine: {'line': b'-- Up-to-date: /home/gong/onset_ws/install/odrive_can/include/odrive_can/odrive_can/msg/detail/o_drive_status__rosidl_typesupport_fastrtps_c.h\n'}
[7.567631] (odrive_can) StdoutLine: {'line': b'-- Up-to-date: /home/gong/onset_ws/install/odrive_can/include/odrive_can/odrive_can/msg/rosidl_typesupport_fastrtps_c__visibility_control.h\n'}
[7.574450] (odrive_can) StdoutLine: {'line': b'-- Up-to-date: /home/gong/onset_ws/install/odrive_can/include/odrive_can/odrive_can/srv\n'}
[7.574915] (odrive_can) StdoutLine: {'line': b'-- Up-to-date: /home/gong/onset_ws/install/odrive_can/include/odrive_can/odrive_can/srv/detail\n'}
[7.575036] (odrive_can) StdoutLine: {'line': b'-- Up-to-date: /home/gong/onset_ws/install/odrive_can/include/odrive_can/odrive_can/srv/detail/axis_state__rosidl_typesupport_fastrtps_c.h\n'}
[7.576229] (odrive_can) StdoutLine: {'line': b'-- Up-to-date: /home/gong/onset_ws/install/odrive_can/lib/libodrive_can__rosidl_typesupport_fastrtps_c.so\n'}
[7.579960] (odrive_can) StdoutLine: {'line': b'-- Up-to-date: /home/gong/onset_ws/install/odrive_can/include/odrive_can/odrive_can\n'}
[7.580736] (odrive_can) StdoutLine: {'line': b'-- Up-to-date: /home/gong/onset_ws/install/odrive_can/include/odrive_can/odrive_can/msg\n'}
[7.580907] (odrive_can) StdoutLine: {'line': b'-- Up-to-date: /home/gong/onset_ws/install/odrive_can/include/odrive_can/odrive_can/msg/control_message.hpp\n'}
[7.581044] (odrive_can) StdoutLine: {'line': b'-- Up-to-date: /home/gong/onset_ws/install/odrive_can/include/odrive_can/odrive_can/msg/rosidl_generator_cpp__visibility_control.hpp\n'}
[7.581150] (odrive_can) StdoutLine: {'line': b'-- Up-to-date: /home/gong/onset_ws/install/odrive_can/include/odrive_can/odrive_can/msg/o_drive_status.hpp\n'}
[7.581245] (odrive_can) StdoutLine: {'line': b'-- Up-to-date: /home/gong/onset_ws/install/odrive_can/include/odrive_can/odrive_can/msg/detail\n'}
[7.581354] (odrive_can) StdoutLine: {'line': b'-- Up-to-date: /home/gong/onset_ws/install/odrive_can/include/odrive_can/odrive_can/msg/detail/control_message__type_support.hpp\n'}
[7.581446] (odrive_can) StdoutLine: {'line': b'-- Up-to-date: /home/gong/onset_ws/install/odrive_can/include/odrive_can/odrive_can/msg/detail/controller_status__builder.hpp\n'}
[7.581532] (odrive_can) StdoutLine: {'line': b'-- Up-to-date: /home/gong/onset_ws/install/odrive_can/include/odrive_can/odrive_can/msg/detail/controller_status__struct.hpp\n'}
[7.586176] (odrive_can) StdoutLine: {'line': b'-- Up-to-date: /home/gong/onset_ws/install/odrive_can/include/odrive_can/odrive_can/msg/detail/o_drive_status__builder.hpp\n'}
[7.586452] (odrive_can) StdoutLine: {'line': b'-- Up-to-date: /home/gong/onset_ws/install/odrive_can/include/odrive_can/odrive_can/msg/detail/controller_status__type_support.hpp\n'}
[7.586612] (odrive_can) StdoutLine: {'line': b'-- Up-to-date: /home/gong/onset_ws/install/odrive_can/include/odrive_can/odrive_can/msg/detail/o_drive_status__traits.hpp\n'}
[7.587161] (odrive_can) StdoutLine: {'line': b'-- Up-to-date: /home/gong/onset_ws/install/odrive_can/include/odrive_can/odrive_can/msg/detail/control_message__builder.hpp\n'}
[7.589441] (odrive_can) StdoutLine: {'line': b'-- Up-to-date: /home/gong/onset_ws/install/odrive_can/include/odrive_can/odrive_can/msg/detail/controller_status__traits.hpp\n'}
[7.589661] (odrive_can) StdoutLine: {'line': b'-- Up-to-date: /home/gong/onset_ws/install/odrive_can/include/odrive_can/odrive_can/msg/detail/o_drive_status__struct.hpp\n'}
[7.590819] (odrive_can) StdoutLine: {'line': b'-- Up-to-date: /home/gong/onset_ws/install/odrive_can/include/odrive_can/odrive_can/msg/detail/control_message__struct.hpp\n'}
[7.591030] (odrive_can) StdoutLine: {'line': b'-- Up-to-date: /home/gong/onset_ws/install/odrive_can/include/odrive_can/odrive_can/msg/detail/control_message__traits.hpp\n'}
[7.593966] (odrive_can) StdoutLine: {'line': b'-- Up-to-date: /home/gong/onset_ws/install/odrive_can/include/odrive_can/odrive_can/msg/detail/o_drive_status__type_support.hpp\n'}
[7.594191] (odrive_can) StdoutLine: {'line': b'-- Up-to-date: /home/gong/onset_ws/install/odrive_can/include/odrive_can/odrive_can/msg/controller_status.hpp\n'}
[7.594309] (odrive_can) StdoutLine: {'line': b'-- Up-to-date: /home/gong/onset_ws/install/odrive_can/include/odrive_can/odrive_can/srv\n'}
[7.594442] (odrive_can) StdoutLine: {'line': b'-- Up-to-date: /home/gong/onset_ws/install/odrive_can/include/odrive_can/odrive_can/srv/detail\n'}
[7.594539] (odrive_can) StdoutLine: {'line': b'-- Up-to-date: /home/gong/onset_ws/install/odrive_can/include/odrive_can/odrive_can/srv/detail/axis_state__builder.hpp\n'}
[7.594632] (odrive_can) StdoutLine: {'line': b'-- Up-to-date: /home/gong/onset_ws/install/odrive_can/include/odrive_can/odrive_can/srv/detail/axis_state__struct.hpp\n'}
[7.594720] (odrive_can) StdoutLine: {'line': b'-- Up-to-date: /home/gong/onset_ws/install/odrive_can/include/odrive_can/odrive_can/srv/detail/axis_state__traits.hpp\n'}
[7.594808] (odrive_can) StdoutLine: {'line': b'-- Up-to-date: /home/gong/onset_ws/install/odrive_can/include/odrive_can/odrive_can/srv/detail/axis_state__type_support.hpp\n'}
[7.594894] (odrive_can) StdoutLine: {'line': b'-- Up-to-date: /home/gong/onset_ws/install/odrive_can/include/odrive_can/odrive_can/srv/axis_state.hpp\n'}
[7.594980] (odrive_can) StdoutLine: {'line': b'-- Up-to-date: /home/gong/onset_ws/install/odrive_can/include/odrive_can/odrive_can\n'}
[7.595065] (odrive_can) StdoutLine: {'line': b'-- Up-to-date: /home/gong/onset_ws/install/odrive_can/include/odrive_can/odrive_can/msg\n'}
[7.598288] (odrive_can) StdoutLine: {'line': b'-- Up-to-date: /home/gong/onset_ws/install/odrive_can/include/odrive_can/odrive_can/msg/detail\n'}
[7.598414] (odrive_can) StdoutLine: {'line': b'-- Up-to-date: /home/gong/onset_ws/install/odrive_can/include/odrive_can/odrive_can/msg/detail/o_drive_status__rosidl_typesupport_fastrtps_cpp.hpp\n'}
[7.598525] (odrive_can) StdoutLine: {'line': b'-- Up-to-date: /home/gong/onset_ws/install/odrive_can/include/odrive_can/odrive_can/msg/detail/controller_status__rosidl_typesupport_fastrtps_cpp.hpp\n'}
[7.598625] (odrive_can) StdoutLine: {'line': b'-- Up-to-date: /home/gong/onset_ws/install/odrive_can/include/odrive_can/odrive_can/msg/detail/dds_fastrtps\n'}
[7.598716] (odrive_can) StdoutLine: {'line': b'-- Up-to-date: /home/gong/onset_ws/install/odrive_can/include/odrive_can/odrive_can/msg/detail/control_message__rosidl_typesupport_fastrtps_cpp.hpp\n'}
[7.598808] (odrive_can) StdoutLine: {'line': b'-- Up-to-date: /home/gong/onset_ws/install/odrive_can/include/odrive_can/odrive_can/msg/rosidl_typesupport_fastrtps_cpp__visibility_control.h\n'}
[7.599071] (odrive_can) StdoutLine: {'line': b'-- Up-to-date: /home/gong/onset_ws/install/odrive_can/include/odrive_can/odrive_can/srv\n'}
[7.599180] (odrive_can) StdoutLine: {'line': b'-- Up-to-date: /home/gong/onset_ws/install/odrive_can/include/odrive_can/odrive_can/srv/detail\n'}
[7.599275] (odrive_can) StdoutLine: {'line': b'-- Up-to-date: /home/gong/onset_ws/install/odrive_can/include/odrive_can/odrive_can/srv/detail/axis_state__rosidl_typesupport_fastrtps_cpp.hpp\n'}
[7.599393] (odrive_can) StdoutLine: {'line': b'-- Up-to-date: /home/gong/onset_ws/install/odrive_can/include/odrive_can/odrive_can/srv/detail/dds_fastrtps\n'}
[7.599488] (odrive_can) StdoutLine: {'line': b'-- Up-to-date: /home/gong/onset_ws/install/odrive_can/lib/libodrive_can__rosidl_typesupport_fastrtps_cpp.so\n'}
[7.599634] (odrive_can) StdoutLine: {'line': b'-- Up-to-date: /home/gong/onset_ws/install/odrive_can/include/odrive_can/odrive_can\n'}
[7.599738] (odrive_can) StdoutLine: {'line': b'-- Up-to-date: /home/gong/onset_ws/install/odrive_can/include/odrive_can/odrive_can/msg\n'}
[7.599832] (odrive_can) StdoutLine: {'line': b'-- Up-to-date: /home/gong/onset_ws/install/odrive_can/include/odrive_can/odrive_can/msg/detail\n'}
[7.604861] (odrive_can) StdoutLine: {'line': b'-- Up-to-date: /home/gong/onset_ws/install/odrive_can/include/odrive_can/odrive_can/msg/detail/o_drive_status__rosidl_typesupport_introspection_c.h\n'}
[7.605192] (odrive_can) StdoutLine: {'line': b'-- Up-to-date: /home/gong/onset_ws/install/odrive_can/include/odrive_can/odrive_can/msg/detail/controller_status__type_support.c\n'}
[7.605314] (odrive_can) StdoutLine: {'line': b'-- Up-to-date: /home/gong/onset_ws/install/odrive_can/include/odrive_can/odrive_can/msg/detail/controller_status__rosidl_typesupport_introspection_c.h\n'}
[7.605417] (odrive_can) StdoutLine: {'line': b'-- Up-to-date: /home/gong/onset_ws/install/odrive_can/include/odrive_can/odrive_can/msg/detail/control_message__type_support.c\n'}
[7.605514] (odrive_can) StdoutLine: {'line': b'-- Up-to-date: /home/gong/onset_ws/install/odrive_can/include/odrive_can/odrive_can/msg/detail/control_message__rosidl_typesupport_introspection_c.h\n'}
[7.605844] (odrive_can) StdoutLine: {'line': b'-- Up-to-date: /home/gong/onset_ws/install/odrive_can/include/odrive_can/odrive_can/msg/detail/o_drive_status__type_support.c\n'}
[7.605980] (odrive_can) StdoutLine: {'line': b'-- Up-to-date: /home/gong/onset_ws/install/odrive_can/include/odrive_can/odrive_can/msg/rosidl_typesupport_introspection_c__visibility_control.h\n'}
[7.606103] (odrive_can) StdoutLine: {'line': b'-- Up-to-date: /home/gong/onset_ws/install/odrive_can/include/odrive_can/odrive_can/srv\n'}
[7.606196] (odrive_can) StdoutLine: {'line': b'-- Up-to-date: /home/gong/onset_ws/install/odrive_can/include/odrive_can/odrive_can/srv/detail\n'}
[7.606316] (odrive_can) StdoutLine: {'line': b'-- Up-to-date: /home/gong/onset_ws/install/odrive_can/include/odrive_can/odrive_can/srv/detail/axis_state__rosidl_typesupport_introspection_c.h\n'}
[7.606407] (odrive_can) StdoutLine: {'line': b'-- Up-to-date: /home/gong/onset_ws/install/odrive_can/include/odrive_can/odrive_can/srv/detail/axis_state__type_support.c\n'}
[7.608712] (odrive_can) StdoutLine: {'line': b'-- Up-to-date: /home/gong/onset_ws/install/odrive_can/lib/libodrive_can__rosidl_typesupport_introspection_c.so\n'}
[7.608859] (odrive_can) StdoutLine: {'line': b'-- Up-to-date: /home/gong/onset_ws/install/odrive_can/lib/libodrive_can__rosidl_typesupport_c.so\n'}
[7.609333] (odrive_can) StdoutLine: {'line': b'-- Up-to-date: /home/gong/onset_ws/install/odrive_can/include/odrive_can/odrive_can\n'}
[7.610119] (odrive_can) StdoutLine: {'line': b'-- Up-to-date: /home/gong/onset_ws/install/odrive_can/include/odrive_can/odrive_can/msg\n'}
[7.610399] (odrive_can) StdoutLine: {'line': b'-- Up-to-date: /home/gong/onset_ws/install/odrive_can/include/odrive_can/odrive_can/msg/detail\n'}
[7.610529] (odrive_can) StdoutLine: {'line': b'-- Up-to-date: /home/gong/onset_ws/install/odrive_can/include/odrive_can/odrive_can/msg/detail/o_drive_status__rosidl_typesupport_introspection_cpp.hpp\n'}
[7.611715] (odrive_can) StdoutLine: {'line': b'-- Up-to-date: /home/gong/onset_ws/install/odrive_can/include/odrive_can/odrive_can/msg/detail/controller_status__rosidl_typesupport_introspection_cpp.hpp\n'}
[7.612049] (odrive_can) StdoutLine: {'line': b'-- Up-to-date: /home/gong/onset_ws/install/odrive_can/include/odrive_can/odrive_can/msg/detail/o_drive_status__type_support.cpp\n'}
[7.613963] (odrive_can) StdoutLine: {'line': b'-- Up-to-date: /home/gong/onset_ws/install/odrive_can/include/odrive_can/odrive_can/msg/detail/control_message__rosidl_typesupport_introspection_cpp.hpp\n'}
[7.614242] (odrive_can) StdoutLine: {'line': b'-- Up-to-date: /home/gong/onset_ws/install/odrive_can/include/odrive_can/odrive_can/msg/detail/control_message__type_support.cpp\n'}
[7.614365] (odrive_can) StdoutLine: {'line': b'-- Up-to-date: /home/gong/onset_ws/install/odrive_can/include/odrive_can/odrive_can/msg/detail/controller_status__type_support.cpp\n'}
[7.614553] (odrive_can) StdoutLine: {'line': b'-- Up-to-date: /home/gong/onset_ws/install/odrive_can/include/odrive_can/odrive_can/srv\n'}
[7.614668] (odrive_can) StdoutLine: {'line': b'-- Up-to-date: /home/gong/onset_ws/install/odrive_can/include/odrive_can/odrive_can/srv/detail\n'}
[7.614766] (odrive_can) StdoutLine: {'line': b'-- Up-to-date: /home/gong/onset_ws/install/odrive_can/include/odrive_can/odrive_can/srv/detail/axis_state__type_support.cpp\n'}
[7.615236] (odrive_can) StdoutLine: {'line': b'-- Up-to-date: /home/gong/onset_ws/install/odrive_can/include/odrive_can/odrive_can/srv/detail/axis_state__rosidl_typesupport_introspection_cpp.hpp\n'}
[7.618177] (odrive_can) StdoutLine: {'line': b'-- Up-to-date: /home/gong/onset_ws/install/odrive_can/lib/libodrive_can__rosidl_typesupport_introspection_cpp.so\n'}
[7.623387] (odrive_can) StdoutLine: {'line': b'-- Up-to-date: /home/gong/onset_ws/install/odrive_can/lib/libodrive_can__rosidl_typesupport_cpp.so\n'}
[7.626923] (odrive_can) StdoutLine: {'line': b'-- Up-to-date: /home/gong/onset_ws/install/odrive_can/share/odrive_can/environment/pythonpath.sh\n'}
[7.627177] (odrive_can) StdoutLine: {'line': b'-- Up-to-date: /home/gong/onset_ws/install/odrive_can/share/odrive_can/environment/pythonpath.dsv\n'}
[7.627297] (odrive_can) StdoutLine: {'line': b'-- Up-to-date: /home/gong/onset_ws/install/odrive_can/local/lib/python3.10/dist-packages/odrive_can-0.0.1-py3.10.egg-info\n'}
[7.627515] (odrive_can) StdoutLine: {'line': b'-- Installing: /home/gong/onset_ws/install/odrive_can/local/lib/python3.10/dist-packages/odrive_can-0.0.1-py3.10.egg-info/SOURCES.txt\n'}
[7.628671] (odrive_can) StdoutLine: {'line': b'-- Installing: /home/gong/onset_ws/install/odrive_can/local/lib/python3.10/dist-packages/odrive_can-0.0.1-py3.10.egg-info/top_level.txt\n'}
[7.633499] (-) TimerEvent: {}
[7.636859] (odrive_can) StdoutLine: {'line': b'-- Installing: /home/gong/onset_ws/install/odrive_can/local/lib/python3.10/dist-packages/odrive_can-0.0.1-py3.10.egg-info/dependency_links.txt\n'}
[7.643297] (odrive_can) StdoutLine: {'line': b'-- Installing: /home/gong/onset_ws/install/odrive_can/local/lib/python3.10/dist-packages/odrive_can-0.0.1-py3.10.egg-info/PKG-INFO\n'}
[7.643530] (odrive_can) StdoutLine: {'line': b'-- Up-to-date: /home/gong/onset_ws/install/odrive_can/local/lib/python3.10/dist-packages/odrive_can\n'}
[7.644432] (odrive_can) StdoutLine: {'line': b'-- Up-to-date: /home/gong/onset_ws/install/odrive_can/local/lib/python3.10/dist-packages/odrive_can/odrive_can_s__rosidl_typesupport_fastrtps_c.cpython-310-x86_64-linux-gnu.so\n'}
[7.644670] (odrive_can) StdoutLine: {'line': b'-- Up-to-date: /home/gong/onset_ws/install/odrive_can/local/lib/python3.10/dist-packages/odrive_can/_odrive_can_s.ep.rosidl_typesupport_introspection_c.c\n'}
[7.644815] (odrive_can) StdoutLine: {'line': b'-- Up-to-date: /home/gong/onset_ws/install/odrive_can/local/lib/python3.10/dist-packages/odrive_can/__init__.py\n'}
[7.644943] (odrive_can) StdoutLine: {'line': b'-- Up-to-date: /home/gong/onset_ws/install/odrive_can/local/lib/python3.10/dist-packages/odrive_can/odrive_can_s__rosidl_typesupport_introspection_c.cpython-310-x86_64-linux-gnu.so\n'}
[7.645117] (odrive_can) StdoutLine: {'line': b'-- Up-to-date: /home/gong/onset_ws/install/odrive_can/local/lib/python3.10/dist-packages/odrive_can/libodrive_can__rosidl_generator_py.so\n'}
[7.645236] (odrive_can) StdoutLine: {'line': b'-- Up-to-date: /home/gong/onset_ws/install/odrive_can/local/lib/python3.10/dist-packages/odrive_can/msg\n'}
[7.645368] (odrive_can) StdoutLine: {'line': b'-- Up-to-date: /home/gong/onset_ws/install/odrive_can/local/lib/python3.10/dist-packages/odrive_can/msg/_control_message_s.c\n'}
[7.645462] (odrive_can) StdoutLine: {'line': b'-- Up-to-date: /home/gong/onset_ws/install/odrive_can/local/lib/python3.10/dist-packages/odrive_can/msg/_controller_status.py\n'}
[7.654058] (odrive_can) StdoutLine: {'line': b'-- Up-to-date: /home/gong/onset_ws/install/odrive_can/local/lib/python3.10/dist-packages/odrive_can/msg/__init__.py\n'}
[7.654341] (odrive_can) StdoutLine: {'line': b'-- Up-to-date: /home/gong/onset_ws/install/odrive_can/local/lib/python3.10/dist-packages/odrive_can/msg/_o_drive_status.py\n'}
[7.654519] (odrive_can) StdoutLine: {'line': b'-- Up-to-date: /home/gong/onset_ws/install/odrive_can/local/lib/python3.10/dist-packages/odrive_can/msg/_controller_status_s.c\n'}
[7.654949] (odrive_can) StdoutLine: {'line': b'-- Up-to-date: /home/gong/onset_ws/install/odrive_can/local/lib/python3.10/dist-packages/odrive_can/msg/_control_message.py\n'}
[7.655115] (odrive_can) StdoutLine: {'line': b'-- Up-to-date: /home/gong/onset_ws/install/odrive_can/local/lib/python3.10/dist-packages/odrive_can/msg/_o_drive_status_s.c\n'}
[7.655226] (odrive_can) StdoutLine: {'line': b'-- Up-to-date: /home/gong/onset_ws/install/odrive_can/local/lib/python3.10/dist-packages/odrive_can/_odrive_can_s.ep.rosidl_typesupport_fastrtps_c.c\n'}
[7.655354] (odrive_can) StdoutLine: {'line': b'-- Up-to-date: /home/gong/onset_ws/install/odrive_can/local/lib/python3.10/dist-packages/odrive_can/odrive_can_s__rosidl_typesupport_c.cpython-310-x86_64-linux-gnu.so\n'}
[7.660180] (odrive_can) StdoutLine: {'line': b'-- Up-to-date: /home/gong/onset_ws/install/odrive_can/local/lib/python3.10/dist-packages/odrive_can/_odrive_can_s.ep.rosidl_typesupport_c.c\n'}
[7.660869] (odrive_can) StdoutLine: {'line': b'-- Up-to-date: /home/gong/onset_ws/install/odrive_can/local/lib/python3.10/dist-packages/odrive_can/srv\n'}
[7.660994] (odrive_can) StdoutLine: {'line': b'-- Up-to-date: /home/gong/onset_ws/install/odrive_can/local/lib/python3.10/dist-packages/odrive_can/srv/_axis_state_s.c\n'}
[7.661115] (odrive_can) StdoutLine: {'line': b'-- Up-to-date: /home/gong/onset_ws/install/odrive_can/local/lib/python3.10/dist-packages/odrive_can/srv/_axis_state.py\n'}
[7.661237] (odrive_can) StdoutLine: {'line': b'-- Up-to-date: /home/gong/onset_ws/install/odrive_can/local/lib/python3.10/dist-packages/odrive_can/srv/__init__.py\n'}
[7.735427] (-) TimerEvent: {}
[7.838658] (-) TimerEvent: {}
[7.942745] (-) TimerEvent: {}
[8.045431] (-) TimerEvent: {}
[8.091220] (odrive_can) StdoutLine: {'line': b"Listing '/home/gong/onset_ws/install/odrive_can/local/lib/python3.10/dist-packages/odrive_can'...\n"}
[8.091544] (odrive_can) StdoutLine: {'line': b"Listing '/home/gong/onset_ws/install/odrive_can/local/lib/python3.10/dist-packages/odrive_can/msg'...\n"}
[8.091668] (odrive_can) StdoutLine: {'line': b"Listing '/home/gong/onset_ws/install/odrive_can/local/lib/python3.10/dist-packages/odrive_can/srv'...\n"}
[8.129650] (odrive_can) StdoutLine: {'line': b'-- Up-to-date: /home/gong/onset_ws/install/odrive_can/local/lib/python3.10/dist-packages/odrive_can/odrive_can_s__rosidl_typesupport_fastrtps_c.cpython-310-x86_64-linux-gnu.so\n'}
[8.134282] (odrive_can) StdoutLine: {'line': b'-- Up-to-date: /home/gong/onset_ws/install/odrive_can/local/lib/python3.10/dist-packages/odrive_can/odrive_can_s__rosidl_typesupport_introspection_c.cpython-310-x86_64-linux-gnu.so\n'}
[8.136726] (odrive_can) StdoutLine: {'line': b'-- Up-to-date: /home/gong/onset_ws/install/odrive_can/local/lib/python3.10/dist-packages/odrive_can/odrive_can_s__rosidl_typesupport_c.cpython-310-x86_64-linux-gnu.so\n'}
[8.147437] (odrive_can) StdoutLine: {'line': b'-- Up-to-date: /home/gong/onset_ws/install/odrive_can/lib/libodrive_can__rosidl_generator_py.so\n'}
[8.148156] (-) TimerEvent: {}
[8.158904] (odrive_can) StdoutLine: {'line': b'-- Up-to-date: /home/gong/onset_ws/install/odrive_can/share/odrive_can/msg/ControlMessage.idl\n'}
[8.159236] (odrive_can) StdoutLine: {'line': b'-- Up-to-date: /home/gong/onset_ws/install/odrive_can/share/odrive_can/msg/ControllerStatus.idl\n'}
[8.159360] (odrive_can) StdoutLine: {'line': b'-- Up-to-date: /home/gong/onset_ws/install/odrive_can/share/odrive_can/msg/ODriveStatus.idl\n'}
[8.159461] (odrive_can) StdoutLine: {'line': b'-- Up-to-date: /home/gong/onset_ws/install/odrive_can/share/odrive_can/srv/AxisState.idl\n'}
[8.161740] (odrive_can) StdoutLine: {'line': b'-- Up-to-date: /home/gong/onset_ws/install/odrive_can/share/odrive_can/msg/ControlMessage.msg\n'}
[8.162262] (odrive_can) StdoutLine: {'line': b'-- Up-to-date: /home/gong/onset_ws/install/odrive_can/share/odrive_can/msg/ControllerStatus.msg\n'}
[8.166384] (odrive_can) StdoutLine: {'line': b'-- Up-to-date: /home/gong/onset_ws/install/odrive_can/share/odrive_can/msg/ODriveStatus.msg\n'}
[8.166570] (odrive_can) StdoutLine: {'line': b'-- Up-to-date: /home/gong/onset_ws/install/odrive_can/share/odrive_can/srv/AxisState.srv\n'}
[8.166817] (odrive_can) StdoutLine: {'line': b'-- Up-to-date: /home/gong/onset_ws/install/odrive_can/share/odrive_can/srv/AxisState_Request.msg\n'}
[8.167004] (odrive_can) StdoutLine: {'line': b'-- Up-to-date: /home/gong/onset_ws/install/odrive_can/share/odrive_can/srv/AxisState_Response.msg\n'}
[8.167113] (odrive_can) StdoutLine: {'line': b'-- Up-to-date: /home/gong/onset_ws/install/odrive_can/lib/odrive_can/odrive_can_node\n'}
[8.167901] (odrive_can) StdoutLine: {'line': b'-- Up-to-date: /home/gong/onset_ws/install/odrive_can/share/odrive_can/launch\n'}
[8.168403] (odrive_can) StdoutLine: {'line': b'-- Up-to-date: /home/gong/onset_ws/install/odrive_can/share/odrive_can/launch/example_launch.yaml\n'}
[8.169896] (odrive_can) StdoutLine: {'line': b'-- Up-to-date: /home/gong/onset_ws/install/odrive_can/share/ament_index/resource_index/package_run_dependencies/odrive_can\n'}
[8.170080] (odrive_can) StdoutLine: {'line': b'-- Up-to-date: /home/gong/onset_ws/install/odrive_can/share/ament_index/resource_index/parent_prefix_path/odrive_can\n'}
[8.172726] (odrive_can) StdoutLine: {'line': b'-- Up-to-date: /home/gong/onset_ws/install/odrive_can/share/odrive_can/environment/ament_prefix_path.sh\n'}
[8.173193] (odrive_can) StdoutLine: {'line': b'-- Up-to-date: /home/gong/onset_ws/install/odrive_can/share/odrive_can/environment/ament_prefix_path.dsv\n'}
[8.174023] (odrive_can) StdoutLine: {'line': b'-- Up-to-date: /home/gong/onset_ws/install/odrive_can/share/odrive_can/environment/path.sh\n'}
[8.174288] (odrive_can) StdoutLine: {'line': b'-- Up-to-date: /home/gong/onset_ws/install/odrive_can/share/odrive_can/environment/path.dsv\n'}
[8.174399] (odrive_can) StdoutLine: {'line': b'-- Up-to-date: /home/gong/onset_ws/install/odrive_can/share/odrive_can/local_setup.bash\n'}
[8.177238] (odrive_can) StdoutLine: {'line': b'-- Up-to-date: /home/gong/onset_ws/install/odrive_can/share/odrive_can/local_setup.sh\n'}
[8.177432] (odrive_can) StdoutLine: {'line': b'-- Up-to-date: /home/gong/onset_ws/install/odrive_can/share/odrive_can/local_setup.zsh\n'}
[8.177763] (odrive_can) StdoutLine: {'line': b'-- Up-to-date: /home/gong/onset_ws/install/odrive_can/share/odrive_can/local_setup.dsv\n'}
[8.187038] (odrive_can) StdoutLine: {'line': b'-- Installing: /home/gong/onset_ws/install/odrive_can/share/odrive_can/package.dsv\n'}
[8.189526] (odrive_can) StdoutLine: {'line': b'-- Up-to-date: /home/gong/onset_ws/install/odrive_can/share/ament_index/resource_index/packages/odrive_can\n'}
[8.201905] (odrive_can) StdoutLine: {'line': b'-- Up-to-date: /home/gong/onset_ws/install/odrive_can/share/odrive_can/cmake/export_odrive_can__rosidl_generator_cExport.cmake\n'}
[8.202293] (odrive_can) StdoutLine: {'line': b'-- Up-to-date: /home/gong/onset_ws/install/odrive_can/share/odrive_can/cmake/export_odrive_can__rosidl_generator_cExport-noconfig.cmake\n'}
[8.202465] (odrive_can) StdoutLine: {'line': b'-- Up-to-date: /home/gong/onset_ws/install/odrive_can/share/odrive_can/cmake/export_odrive_can__rosidl_typesupport_fastrtps_cExport.cmake\n'}
[8.202655] (odrive_can) StdoutLine: {'line': b'-- Up-to-date: /home/gong/onset_ws/install/odrive_can/share/odrive_can/cmake/export_odrive_can__rosidl_typesupport_fastrtps_cExport-noconfig.cmake\n'}
[8.207009] (odrive_can) StdoutLine: {'line': b'-- Up-to-date: /home/gong/onset_ws/install/odrive_can/share/odrive_can/cmake/export_odrive_can__rosidl_generator_cppExport.cmake\n'}
[8.207255] (odrive_can) StdoutLine: {'line': b'-- Up-to-date: /home/gong/onset_ws/install/odrive_can/share/odrive_can/cmake/export_odrive_can__rosidl_typesupport_fastrtps_cppExport.cmake\n'}
[8.207368] (odrive_can) StdoutLine: {'line': b'-- Up-to-date: /home/gong/onset_ws/install/odrive_can/share/odrive_can/cmake/export_odrive_can__rosidl_typesupport_fastrtps_cppExport-noconfig.cmake\n'}
[8.207470] (odrive_can) StdoutLine: {'line': b'-- Up-to-date: /home/gong/onset_ws/install/odrive_can/share/odrive_can/cmake/odrive_can__rosidl_typesupport_introspection_cExport.cmake\n'}
[8.207675] (odrive_can) StdoutLine: {'line': b'-- Up-to-date: /home/gong/onset_ws/install/odrive_can/share/odrive_can/cmake/odrive_can__rosidl_typesupport_introspection_cExport-noconfig.cmake\n'}
[8.211091] (odrive_can) StdoutLine: {'line': b'-- Up-to-date: /home/gong/onset_ws/install/odrive_can/share/odrive_can/cmake/odrive_can__rosidl_typesupport_cExport.cmake\n'}
[8.211538] (odrive_can) StdoutLine: {'line': b'-- Up-to-date: /home/gong/onset_ws/install/odrive_can/share/odrive_can/cmake/odrive_can__rosidl_typesupport_cExport-noconfig.cmake\n'}
[8.211669] (odrive_can) StdoutLine: {'line': b'-- Up-to-date: /home/gong/onset_ws/install/odrive_can/share/odrive_can/cmake/odrive_can__rosidl_typesupport_introspection_cppExport.cmake\n'}
[8.211971] (odrive_can) StdoutLine: {'line': b'-- Up-to-date: /home/gong/onset_ws/install/odrive_can/share/odrive_can/cmake/odrive_can__rosidl_typesupport_introspection_cppExport-noconfig.cmake\n'}
[8.212167] (odrive_can) StdoutLine: {'line': b'-- Up-to-date: /home/gong/onset_ws/install/odrive_can/share/odrive_can/cmake/odrive_can__rosidl_typesupport_cppExport.cmake\n'}
[8.212466] (odrive_can) StdoutLine: {'line': b'-- Up-to-date: /home/gong/onset_ws/install/odrive_can/share/odrive_can/cmake/odrive_can__rosidl_typesupport_cppExport-noconfig.cmake\n'}
[8.217357] (odrive_can) StdoutLine: {'line': b'-- Up-to-date: /home/gong/onset_ws/install/odrive_can/share/odrive_can/cmake/export_odrive_can__rosidl_generator_pyExport.cmake\n'}
[8.217832] (odrive_can) StdoutLine: {'line': b'-- Up-to-date: /home/gong/onset_ws/install/odrive_can/share/odrive_can/cmake/export_odrive_can__rosidl_generator_pyExport-noconfig.cmake\n'}
[8.218324] (odrive_can) StdoutLine: {'line': b'-- Up-to-date: /home/gong/onset_ws/install/odrive_can/share/odrive_can/cmake/rosidl_cmake-extras.cmake\n'}
[8.232345] (odrive_can) StdoutLine: {'line': b'-- Up-to-date: /home/gong/onset_ws/install/odrive_can/share/odrive_can/cmake/ament_cmake_export_include_directories-extras.cmake\n'}
[8.234201] (odrive_can) StdoutLine: {'line': b'-- Up-to-date: /home/gong/onset_ws/install/odrive_can/share/odrive_can/cmake/ament_cmake_export_libraries-extras.cmake\n'}
[8.239525] (odrive_can) StdoutLine: {'line': b'-- Up-to-date: /home/gong/onset_ws/install/odrive_can/share/odrive_can/cmake/ament_cmake_export_targets-extras.cmake\n'}
[8.240120] (odrive_can) StdoutLine: {'line': b'-- Up-to-date: /home/gong/onset_ws/install/odrive_can/share/odrive_can/cmake/rosidl_cmake_export_typesupport_targets-extras.cmake\n'}
[8.240409] (odrive_can) StdoutLine: {'line': b'-- Up-to-date: /home/gong/onset_ws/install/odrive_can/share/odrive_can/cmake/ament_cmake_export_dependencies-extras.cmake\n'}
[8.247909] (odrive_can) StdoutLine: {'line': b'-- Up-to-date: /home/gong/onset_ws/install/odrive_can/share/odrive_can/cmake/rosidl_cmake_export_typesupport_libraries-extras.cmake\n'}
[8.248397] (-) TimerEvent: {}
[8.252577] (odrive_can) StdoutLine: {'line': b'-- Up-to-date: /home/gong/onset_ws/install/odrive_can/share/odrive_can/cmake/odrive_canConfig.cmake\n'}
[8.252863] (odrive_can) StdoutLine: {'line': b'-- Up-to-date: /home/gong/onset_ws/install/odrive_can/share/odrive_can/cmake/odrive_canConfig-version.cmake\n'}
[8.253222] (odrive_can) StdoutLine: {'line': b'-- Up-to-date: /home/gong/onset_ws/install/odrive_can/share/odrive_can/package.xml\n'}
[8.264442] (odrive_can) CommandEnded: {'returncode': 0}
[8.353832] (-) TimerEvent: {}
[8.453808] (onset_interfaces) StdoutLine: {'line': b'running egg_info\n'}
[8.454337] (-) TimerEvent: {}
[8.464693] (onset_interfaces) StdoutLine: {'line': b'writing onset_interfaces.egg-info/PKG-INFO\n'}
[8.464944] (onset_interfaces) StdoutLine: {'line': b'writing dependency_links to onset_interfaces.egg-info/dependency_links.txt\n'}
[8.465309] (onset_interfaces) StdoutLine: {'line': b'writing top-level names to onset_interfaces.egg-info/top_level.txt\n'}
[8.465455] (onset_interfaces) StdoutLine: {'line': b"reading manifest file 'onset_interfaces.egg-info/SOURCES.txt'\n"}
[8.472351] (onset_interfaces) StdoutLine: {'line': b"writing manifest file 'onset_interfaces.egg-info/SOURCES.txt'\n"}
[8.553785] (odrive_can) JobEnded: {'identifier': 'odrive_can', 'rc': 0}
[8.567249] (-) TimerEvent: {}
[8.567727] (odrive_botwheel_explorer) JobStarted: {'identifier': 'odrive_botwheel_explorer'}
[8.655356] (odrive_botwheel_explorer) JobProgress: {'identifier': 'odrive_botwheel_explorer', 'progress': 'cmake'}
[8.662143] (odrive_botwheel_explorer) JobProgress: {'identifier': 'odrive_botwheel_explorer', 'progress': 'build'}
[8.662273] (odrive_botwheel_explorer) Command: {'cmd': ['/usr/bin/cmake', '--build', '/home/gong/onset_ws/build/odrive_botwheel_explorer', '--', '-j2', '-l2'], 'cwd': '/home/gong/onset_ws/build/odrive_botwheel_explorer', 'env': OrderedDict([('LESSOPEN', '| /usr/bin/lesspipe %s'), ('LANGUAGE', 'en_CA:en'), ('USER', 'gong'), ('XDG_SESSION_TYPE', 'wayland'), ('SHLVL', '1'), ('LD_LIBRARY_PATH', '/home/gong/onset_ws/install/odrive_ros2_control/lib:/home/gong/onset_ws/install/onset_interfaces/lib:/home/gong/onset_ws/install/odrive_can/lib:/usr/lib/x86_64-linux-gnu/gazebo-11/plugins:/opt/ros/humble/opt/rviz_ogre_vendor/lib:/opt/ros/humble/lib/x86_64-linux-gnu:/opt/ros/humble/lib'), ('HOME', '/home/gong'), ('OLDPWD', '/home/gong/onset_ws/src/onsetbot'), ('DESKTOP_SESSION', 'ubuntu'), ('ROS_PYTHON_VERSION', '3'), ('GNOME_SHELL_SESSION_MODE', 'ubuntu'), ('GTK_MODULES', 'gail:atk-bridge'), ('SYSTEMD_EXEC_PID', '1644'), ('DBUS_SESSION_BUS_ADDRESS', 'unix:path=/run/user/1000/bus'), ('COLORTERM', 'truecolor'), ('IM_CONFIG_PHASE', '1'), ('WAYLAND_DISPLAY', 'wayland-0'), ('COLCON_PREFIX_PATH', '/home/gong/onset_ws/install'), ('ROS_DISTRO', 'humble'), ('LOGNAME', 'gong'), ('_', '/usr/bin/colcon'), ('ROS_VERSION', '2'), ('XDG_SESSION_CLASS', 'user'), ('USERNAME', 'gong'), ('TERM', 'xterm-256color'), ('GNOME_DESKTOP_SESSION_ID', 'this-is-deprecated'), ('ROS_LOCALHOST_ONLY', '0'), ('PATH', '/opt/ros/humble/bin:/home/gong/.local/bin:/usr/local/sbin:/usr/local/bin:/usr/sbin:/usr/bin:/sbin:/bin:/usr/games:/usr/local/games:/snap/bin:/snap/bin'), ('SESSION_MANAGER', 'local/gong-virtual-machine:@/tmp/.ICE-unix/1616,unix/gong-virtual-machine:/tmp/.ICE-unix/1616'), ('XDG_MENU_PREFIX', 'gnome-'), ('GNOME_TERMINAL_SCREEN', '/org/gnome/Terminal/screen/2cde5a3f_3fdf_455d_bd0b_d8fef2e66a9f'), ('GNOME_SETUP_DISPLAY', ':1'), ('XDG_RUNTIME_DIR', '/run/user/1000'), ('DISPLAY', ':0'), ('LANG', 'en_US.UTF-8'), ('XDG_CURRENT_DESKTOP', 'ubuntu:GNOME'), ('XMODIFIERS', '@im=ibus'), ('XDG_SESSION_DESKTOP', 'ubuntu'), ('XAUTHORITY', '/run/user/1000/.mutter-Xwaylandauth.SDR7L3'), ('LS_COLORS', 'rs=0:di=01;34:ln=01;36:mh=00:pi=40;33:so=01;35:do=01;35:bd=40;33;01:cd=40;33;01:or=40;31;01:mi=00:su=37;41:sg=30;43:ca=30;41:tw=30;42:ow=34;42:st=37;44:ex=01;32:*.tar=01;31:*.tgz=01;31:*.arc=01;31:*.arj=01;31:*.taz=01;31:*.lha=01;31:*.lz4=01;31:*.lzh=01;31:*.lzma=01;31:*.tlz=01;31:*.txz=01;31:*.tzo=01;31:*.t7z=01;31:*.zip=01;31:*.z=01;31:*.dz=01;31:*.gz=01;31:*.lrz=01;31:*.lz=01;31:*.lzo=01;31:*.xz=01;31:*.zst=01;31:*.tzst=01;31:*.bz2=01;31:*.bz=01;31:*.tbz=01;31:*.tbz2=01;31:*.tz=01;31:*.deb=01;31:*.rpm=01;31:*.jar=01;31:*.war=01;31:*.ear=01;31:*.sar=01;31:*.rar=01;31:*.alz=01;31:*.ace=01;31:*.zoo=01;31:*.cpio=01;31:*.7z=01;31:*.rz=01;31:*.cab=01;31:*.wim=01;31:*.swm=01;31:*.dwm=01;31:*.esd=01;31:*.jpg=01;35:*.jpeg=01;35:*.mjpg=01;35:*.mjpeg=01;35:*.gif=01;35:*.bmp=01;35:*.pbm=01;35:*.pgm=01;35:*.ppm=01;35:*.tga=01;35:*.xbm=01;35:*.xpm=01;35:*.tif=01;35:*.tiff=01;35:*.png=01;35:*.svg=01;35:*.svgz=01;35:*.mng=01;35:*.pcx=01;35:*.mov=01;35:*.mpg=01;35:*.mpeg=01;35:*.m2v=01;35:*.mkv=01;35:*.webm=01;35:*.webp=01;35:*.ogm=01;35:*.mp4=01;35:*.m4v=01;35:*.mp4v=01;35:*.vob=01;35:*.qt=01;35:*.nuv=01;35:*.wmv=01;35:*.asf=01;35:*.rm=01;35:*.rmvb=01;35:*.flc=01;35:*.avi=01;35:*.fli=01;35:*.flv=01;35:*.gl=01;35:*.dl=01;35:*.xcf=01;35:*.xwd=01;35:*.yuv=01;35:*.cgm=01;35:*.emf=01;35:*.ogv=01;35:*.ogx=01;35:*.aac=00;36:*.au=00;36:*.flac=00;36:*.m4a=00;36:*.mid=00;36:*.midi=00;36:*.mka=00;36:*.mp3=00;36:*.mpc=00;36:*.ogg=00;36:*.ra=00;36:*.wav=00;36:*.oga=00;36:*.opus=00;36:*.spx=00;36:*.xspf=00;36:'), ('GNOME_TERMINAL_SERVICE', ':1.99'), ('SSH_AGENT_LAUNCHER', 'gnome-keyring'), ('SSH_AUTH_SOCK', '/run/user/1000/keyring/ssh'), ('ROS_DOMAIN_ID', '0'), ('AMENT_PREFIX_PATH', '/home/gong/onset_ws/install/onsetbot:/home/gong/onset_ws/install/onset_interfaces:/home/gong/onset_ws/install/odrive_botwheel_explorer:/home/gong/onset_ws/install/odrive_ros2_control:/home/gong/onset_ws/install/odrive_can:/opt/ros/humble'), ('SHELL', '/bin/bash'), ('QT_ACCESSIBILITY', '1'), ('GDMSESSION', 'ubuntu'), ('LESSCLOSE', '/usr/bin/lesspipe %s %s'), ('QT_IM_MODULE', 'ibus'), ('PWD', '/home/gong/onset_ws/build/odrive_botwheel_explorer'), ('LC_ALL', 'en_US.UTF-8'), ('XDG_CONFIG_DIRS', '/etc/xdg/xdg-ubuntu:/etc/xdg'), ('XDG_DATA_DIRS', '/usr/share/ubuntu:/usr/local/share/:/usr/share/:/var/lib/snapd/desktop'), ('PYTHONPATH', '/home/gong/onset_ws/install/onsetbot/lib/python3.10/site-packages:/home/gong/onset_ws/install/onset_interfaces/local/lib/python3.10/dist-packages:/home/gong/onset_ws/install/odrive_can/local/lib/python3.10/dist-packages:/opt/ros/humble/lib/python3.10/site-packages:/opt/ros/humble/local/lib/python3.10/dist-packages'), ('COLCON', '1'), ('VTE_VERSION', '6800'), ('CMAKE_PREFIX_PATH', '/home/gong/onset_ws/install/odrive_ros2_control:/home/gong/onset_ws/install/onset_interfaces:/home/gong/onset_ws/install/odrive_botwheel_explorer:/home/gong/onset_ws/install/odrive_can:/home/gong/onset_ws/install/onsetbot:/opt/ros/humble')]), 'shell': False}
[8.685517] (-) TimerEvent: {}
[8.793177] (onset_interfaces) StdoutLine: {'line': b'[ 79%] Built target ament_cmake_python_build_onset_interfaces_egg\n'}
[8.793500] (-) TimerEvent: {}
[8.897987] (-) TimerEvent: {}
[8.989589] (odrive_botwheel_explorer) CommandEnded: {'returncode': 0}
[8.993896] (odrive_botwheel_explorer) JobProgress: {'identifier': 'odrive_botwheel_explorer', 'progress': 'install'}
[8.993979] (odrive_botwheel_explorer) Command: {'cmd': ['/usr/bin/cmake', '--install', '/home/gong/onset_ws/build/odrive_botwheel_explorer'], 'cwd': '/home/gong/onset_ws/build/odrive_botwheel_explorer', 'env': OrderedDict([('LESSOPEN', '| /usr/bin/lesspipe %s'), ('LANGUAGE', 'en_CA:en'), ('USER', 'gong'), ('XDG_SESSION_TYPE', 'wayland'), ('SHLVL', '1'), ('LD_LIBRARY_PATH', '/home/gong/onset_ws/install/odrive_ros2_control/lib:/home/gong/onset_ws/install/onset_interfaces/lib:/home/gong/onset_ws/install/odrive_can/lib:/usr/lib/x86_64-linux-gnu/gazebo-11/plugins:/opt/ros/humble/opt/rviz_ogre_vendor/lib:/opt/ros/humble/lib/x86_64-linux-gnu:/opt/ros/humble/lib'), ('HOME', '/home/gong'), ('OLDPWD', '/home/gong/onset_ws/src/onsetbot'), ('DESKTOP_SESSION', 'ubuntu'), ('ROS_PYTHON_VERSION', '3'), ('GNOME_SHELL_SESSION_MODE', 'ubuntu'), ('GTK_MODULES', 'gail:atk-bridge'), ('SYSTEMD_EXEC_PID', '1644'), ('DBUS_SESSION_BUS_ADDRESS', 'unix:path=/run/user/1000/bus'), ('COLORTERM', 'truecolor'), ('IM_CONFIG_PHASE', '1'), ('WAYLAND_DISPLAY', 'wayland-0'), ('COLCON_PREFIX_PATH', '/home/gong/onset_ws/install'), ('ROS_DISTRO', 'humble'), ('LOGNAME', 'gong'), ('_', '/usr/bin/colcon'), ('ROS_VERSION', '2'), ('XDG_SESSION_CLASS', 'user'), ('USERNAME', 'gong'), ('TERM', 'xterm-256color'), ('GNOME_DESKTOP_SESSION_ID', 'this-is-deprecated'), ('ROS_LOCALHOST_ONLY', '0'), ('PATH', '/opt/ros/humble/bin:/home/gong/.local/bin:/usr/local/sbin:/usr/local/bin:/usr/sbin:/usr/bin:/sbin:/bin:/usr/games:/usr/local/games:/snap/bin:/snap/bin'), ('SESSION_MANAGER', 'local/gong-virtual-machine:@/tmp/.ICE-unix/1616,unix/gong-virtual-machine:/tmp/.ICE-unix/1616'), ('XDG_MENU_PREFIX', 'gnome-'), ('GNOME_TERMINAL_SCREEN', '/org/gnome/Terminal/screen/2cde5a3f_3fdf_455d_bd0b_d8fef2e66a9f'), ('GNOME_SETUP_DISPLAY', ':1'), ('XDG_RUNTIME_DIR', '/run/user/1000'), ('DISPLAY', ':0'), ('LANG', 'en_US.UTF-8'), ('XDG_CURRENT_DESKTOP', 'ubuntu:GNOME'), ('XMODIFIERS', '@im=ibus'), ('XDG_SESSION_DESKTOP', 'ubuntu'), ('XAUTHORITY', '/run/user/1000/.mutter-Xwaylandauth.SDR7L3'), ('LS_COLORS', 'rs=0:di=01;34:ln=01;36:mh=00:pi=40;33:so=01;35:do=01;35:bd=40;33;01:cd=40;33;01:or=40;31;01:mi=00:su=37;41:sg=30;43:ca=30;41:tw=30;42:ow=34;42:st=37;44:ex=01;32:*.tar=01;31:*.tgz=01;31:*.arc=01;31:*.arj=01;31:*.taz=01;31:*.lha=01;31:*.lz4=01;31:*.lzh=01;31:*.lzma=01;31:*.tlz=01;31:*.txz=01;31:*.tzo=01;31:*.t7z=01;31:*.zip=01;31:*.z=01;31:*.dz=01;31:*.gz=01;31:*.lrz=01;31:*.lz=01;31:*.lzo=01;31:*.xz=01;31:*.zst=01;31:*.tzst=01;31:*.bz2=01;31:*.bz=01;31:*.tbz=01;31:*.tbz2=01;31:*.tz=01;31:*.deb=01;31:*.rpm=01;31:*.jar=01;31:*.war=01;31:*.ear=01;31:*.sar=01;31:*.rar=01;31:*.alz=01;31:*.ace=01;31:*.zoo=01;31:*.cpio=01;31:*.7z=01;31:*.rz=01;31:*.cab=01;31:*.wim=01;31:*.swm=01;31:*.dwm=01;31:*.esd=01;31:*.jpg=01;35:*.jpeg=01;35:*.mjpg=01;35:*.mjpeg=01;35:*.gif=01;35:*.bmp=01;35:*.pbm=01;35:*.pgm=01;35:*.ppm=01;35:*.tga=01;35:*.xbm=01;35:*.xpm=01;35:*.tif=01;35:*.tiff=01;35:*.png=01;35:*.svg=01;35:*.svgz=01;35:*.mng=01;35:*.pcx=01;35:*.mov=01;35:*.mpg=01;35:*.mpeg=01;35:*.m2v=01;35:*.mkv=01;35:*.webm=01;35:*.webp=01;35:*.ogm=01;35:*.mp4=01;35:*.m4v=01;35:*.mp4v=01;35:*.vob=01;35:*.qt=01;35:*.nuv=01;35:*.wmv=01;35:*.asf=01;35:*.rm=01;35:*.rmvb=01;35:*.flc=01;35:*.avi=01;35:*.fli=01;35:*.flv=01;35:*.gl=01;35:*.dl=01;35:*.xcf=01;35:*.xwd=01;35:*.yuv=01;35:*.cgm=01;35:*.emf=01;35:*.ogv=01;35:*.ogx=01;35:*.aac=00;36:*.au=00;36:*.flac=00;36:*.m4a=00;36:*.mid=00;36:*.midi=00;36:*.mka=00;36:*.mp3=00;36:*.mpc=00;36:*.ogg=00;36:*.ra=00;36:*.wav=00;36:*.oga=00;36:*.opus=00;36:*.spx=00;36:*.xspf=00;36:'), ('GNOME_TERMINAL_SERVICE', ':1.99'), ('SSH_AGENT_LAUNCHER', 'gnome-keyring'), ('SSH_AUTH_SOCK', '/run/user/1000/keyring/ssh'), ('ROS_DOMAIN_ID', '0'), ('AMENT_PREFIX_PATH', '/home/gong/onset_ws/install/onsetbot:/home/gong/onset_ws/install/onset_interfaces:/home/gong/onset_ws/install/odrive_botwheel_explorer:/home/gong/onset_ws/install/odrive_ros2_control:/home/gong/onset_ws/install/odrive_can:/opt/ros/humble'), ('SHELL', '/bin/bash'), ('QT_ACCESSIBILITY', '1'), ('GDMSESSION', 'ubuntu'), ('LESSCLOSE', '/usr/bin/lesspipe %s %s'), ('QT_IM_MODULE', 'ibus'), ('PWD', '/home/gong/onset_ws/build/odrive_botwheel_explorer'), ('LC_ALL', 'en_US.UTF-8'), ('XDG_CONFIG_DIRS', '/etc/xdg/xdg-ubuntu:/etc/xdg'), ('XDG_DATA_DIRS', '/usr/share/ubuntu:/usr/local/share/:/usr/share/:/var/lib/snapd/desktop'), ('PYTHONPATH', '/home/gong/onset_ws/install/onsetbot/lib/python3.10/site-packages:/home/gong/onset_ws/install/onset_interfaces/local/lib/python3.10/dist-packages:/home/gong/onset_ws/install/odrive_can/local/lib/python3.10/dist-packages:/opt/ros/humble/lib/python3.10/site-packages:/opt/ros/humble/local/lib/python3.10/dist-packages'), ('COLCON', '1'), ('VTE_VERSION', '6800'), ('CMAKE_PREFIX_PATH', '/home/gong/onset_ws/install/odrive_ros2_control:/home/gong/onset_ws/install/onset_interfaces:/home/gong/onset_ws/install/odrive_botwheel_explorer:/home/gong/onset_ws/install/odrive_can:/home/gong/onset_ws/install/onsetbot:/opt/ros/humble')]), 'shell': False}
[8.998410] (-) TimerEvent: {}
[9.127792] (-) TimerEvent: {}
[9.217252] (onset_interfaces) StdoutLine: {'line': b'[ 80%] Built target onset_interfaces__py\n'}
[9.223249] (odrive_botwheel_explorer) StdoutLine: {'line': b'-- Install configuration: ""\n'}
[9.223648] (odrive_botwheel_explorer) StdoutLine: {'line': b'-- Up-to-date: /home/gong/onset_ws/install/odrive_botwheel_explorer/share/odrive_botwheel_explorer/urdf\n'}
[9.228164] (odrive_botwheel_explorer) StdoutLine: {'line': b'-- Up-to-date: /home/gong/onset_ws/install/odrive_botwheel_explorer/share/odrive_botwheel_explorer/urdf/diffbot_description.urdf.xacro\n'}
[9.238684] (-) TimerEvent: {}
[9.241735] (odrive_botwheel_explorer) StdoutLine: {'line': b'-- Up-to-date: /home/gong/onset_ws/install/odrive_botwheel_explorer/share/odrive_botwheel_explorer/urdf/diffbot.ros2_control.xacro\n'}
[9.242220] (odrive_botwheel_explorer) StdoutLine: {'line': b'-- Up-to-date: /home/gong/onset_ws/install/odrive_botwheel_explorer/share/odrive_botwheel_explorer/urdf/diffbot.urdf.xacro\n'}
[9.243100] (odrive_botwheel_explorer) StdoutLine: {'line': b'-- Up-to-date: /home/gong/onset_ws/install/odrive_botwheel_explorer/share/odrive_botwheel_explorer/config\n'}
[9.243334] (odrive_botwheel_explorer) StdoutLine: {'line': b'-- Up-to-date: /home/gong/onset_ws/install/odrive_botwheel_explorer/share/odrive_botwheel_explorer/config/diffbot_controllers.yaml\n'}
[9.244623] (odrive_botwheel_explorer) StdoutLine: {'line': b'-- Up-to-date: /home/gong/onset_ws/install/odrive_botwheel_explorer/share/odrive_botwheel_explorer/launch\n'}
[9.253088] (odrive_botwheel_explorer) StdoutLine: {'line': b'-- Up-to-date: /home/gong/onset_ws/install/odrive_botwheel_explorer/share/odrive_botwheel_explorer/launch/botwheel_explorer.launch.py\n'}
[9.253425] (odrive_botwheel_explorer) StdoutLine: {'line': b'-- Up-to-date: /home/gong/onset_ws/install/odrive_botwheel_explorer/share/ament_index/resource_index/package_run_dependencies/odrive_botwheel_explorer\n'}
[9.260782] (odrive_botwheel_explorer) StdoutLine: {'line': b'-- Up-to-date: /home/gong/onset_ws/install/odrive_botwheel_explorer/share/ament_index/resource_index/parent_prefix_path/odrive_botwheel_explorer\n'}
[9.261286] (odrive_botwheel_explorer) StdoutLine: {'line': b'-- Up-to-date: /home/gong/onset_ws/install/odrive_botwheel_explorer/share/odrive_botwheel_explorer/environment/ament_prefix_path.sh\n'}
[9.261421] (odrive_botwheel_explorer) StdoutLine: {'line': b'-- Up-to-date: /home/gong/onset_ws/install/odrive_botwheel_explorer/share/odrive_botwheel_explorer/environment/ament_prefix_path.dsv\n'}
[9.261551] (odrive_botwheel_explorer) StdoutLine: {'line': b'-- Up-to-date: /home/gong/onset_ws/install/odrive_botwheel_explorer/share/odrive_botwheel_explorer/environment/path.sh\n'}
[9.268173] (odrive_botwheel_explorer) StdoutLine: {'line': b'-- Up-to-date: /home/gong/onset_ws/install/odrive_botwheel_explorer/share/odrive_botwheel_explorer/environment/path.dsv\n'}
[9.268521] (odrive_botwheel_explorer) StdoutLine: {'line': b'-- Up-to-date: /home/gong/onset_ws/install/odrive_botwheel_explorer/share/odrive_botwheel_explorer/local_setup.bash\n'}
[9.273837] (odrive_botwheel_explorer) StdoutLine: {'line': b'-- Up-to-date: /home/gong/onset_ws/install/odrive_botwheel_explorer/share/odrive_botwheel_explorer/local_setup.sh\n'}
[9.274480] (odrive_botwheel_explorer) StdoutLine: {'line': b'-- Up-to-date: /home/gong/onset_ws/install/odrive_botwheel_explorer/share/odrive_botwheel_explorer/local_setup.zsh\n'}
[9.280644] (odrive_botwheel_explorer) StdoutLine: {'line': b'-- Up-to-date: /home/gong/onset_ws/install/odrive_botwheel_explorer/share/odrive_botwheel_explorer/local_setup.dsv\n'}
[9.287542] (odrive_botwheel_explorer) StdoutLine: {'line': b'-- Installing: /home/gong/onset_ws/install/odrive_botwheel_explorer/share/odrive_botwheel_explorer/package.dsv\n'}
[9.288119] (odrive_botwheel_explorer) StdoutLine: {'line': b'-- Up-to-date: /home/gong/onset_ws/install/odrive_botwheel_explorer/share/ament_index/resource_index/packages/odrive_botwheel_explorer\n'}
[9.288354] (odrive_botwheel_explorer) StdoutLine: {'line': b'-- Up-to-date: /home/gong/onset_ws/install/odrive_botwheel_explorer/share/odrive_botwheel_explorer/cmake/odrive_botwheel_explorerConfig.cmake\n'}
[9.288594] (odrive_botwheel_explorer) StdoutLine: {'line': b'-- Up-to-date: /home/gong/onset_ws/install/odrive_botwheel_explorer/share/odrive_botwheel_explorer/cmake/odrive_botwheel_explorerConfig-version.cmake\n'}
[9.294545] (odrive_botwheel_explorer) StdoutLine: {'line': b'-- Up-to-date: /home/gong/onset_ws/install/odrive_botwheel_explorer/share/odrive_botwheel_explorer/package.xml\n'}
[9.313855] (odrive_botwheel_explorer) CommandEnded: {'returncode': 0}
[9.343586] (-) TimerEvent: {}
[9.446797] (-) TimerEvent: {}
[9.496904] (onset_interfaces) StdoutLine: {'line': b'[ 90%] Built target onset_interfaces__rosidl_generator_py\n'}
[9.498140] (odrive_botwheel_explorer) JobEnded: {'identifier': 'odrive_botwheel_explorer', 'rc': 0}
[9.550472] (-) TimerEvent: {}
[9.652354] (-) TimerEvent: {}
[9.733911] (onset_interfaces) StdoutLine: {'line': b'[ 93%] Built target onset_interfaces__rosidl_typesupport_fastrtps_c__pyext\n'}
[9.753421] (-) TimerEvent: {}
[9.856723] (-) TimerEvent: {}
[9.956913] (onset_interfaces) StdoutLine: {'line': b'[ 96%] Built target onset_interfaces__rosidl_typesupport_introspection_c__pyext\n'}
[9.957360] (-) TimerEvent: {}
[10.066203] (-) TimerEvent: {}
[10.102261] (onset_interfaces) StdoutLine: {'line': b'[100%] Built target onset_interfaces__rosidl_typesupport_c__pyext\n'}
[10.166835] (-) TimerEvent: {}
[10.203688] (onset_interfaces) CommandEnded: {'returncode': 0}
[10.204710] (onset_interfaces) JobProgress: {'identifier': 'onset_interfaces', 'progress': 'install'}
[10.204781] (onset_interfaces) Command: {'cmd': ['/usr/bin/cmake', '--install', '/home/gong/onset_ws/build/onset_interfaces'], 'cwd': '/home/gong/onset_ws/build/onset_interfaces', 'env': OrderedDict([('LESSOPEN', '| /usr/bin/lesspipe %s'), ('LANGUAGE', 'en_CA:en'), ('USER', 'gong'), ('XDG_SESSION_TYPE', 'wayland'), ('SHLVL', '1'), ('LD_LIBRARY_PATH', '/home/gong/onset_ws/install/onset_interfaces/lib:/home/gong/onset_ws/install/odrive_ros2_control/lib:/home/gong/onset_ws/install/odrive_can/lib:/usr/lib/x86_64-linux-gnu/gazebo-11/plugins:/opt/ros/humble/opt/rviz_ogre_vendor/lib:/opt/ros/humble/lib/x86_64-linux-gnu:/opt/ros/humble/lib'), ('HOME', '/home/gong'), ('OLDPWD', '/home/gong/onset_ws/src/onsetbot'), ('DESKTOP_SESSION', 'ubuntu'), ('ROS_PYTHON_VERSION', '3'), ('GNOME_SHELL_SESSION_MODE', 'ubuntu'), ('GTK_MODULES', 'gail:atk-bridge'), ('SYSTEMD_EXEC_PID', '1644'), ('DBUS_SESSION_BUS_ADDRESS', 'unix:path=/run/user/1000/bus'), ('COLORTERM', 'truecolor'), ('IM_CONFIG_PHASE', '1'), ('WAYLAND_DISPLAY', 'wayland-0'), ('COLCON_PREFIX_PATH', '/home/gong/onset_ws/install'), ('ROS_DISTRO', 'humble'), ('LOGNAME', 'gong'), ('_', '/usr/bin/colcon'), ('ROS_VERSION', '2'), ('XDG_SESSION_CLASS', 'user'), ('USERNAME', 'gong'), ('TERM', 'xterm-256color'), ('GNOME_DESKTOP_SESSION_ID', 'this-is-deprecated'), ('ROS_LOCALHOST_ONLY', '0'), ('PATH', '/opt/ros/humble/bin:/home/gong/.local/bin:/usr/local/sbin:/usr/local/bin:/usr/sbin:/usr/bin:/sbin:/bin:/usr/games:/usr/local/games:/snap/bin:/snap/bin'), ('SESSION_MANAGER', 'local/gong-virtual-machine:@/tmp/.ICE-unix/1616,unix/gong-virtual-machine:/tmp/.ICE-unix/1616'), ('XDG_MENU_PREFIX', 'gnome-'), ('GNOME_TERMINAL_SCREEN', '/org/gnome/Terminal/screen/2cde5a3f_3fdf_455d_bd0b_d8fef2e66a9f'), ('GNOME_SETUP_DISPLAY', ':1'), ('XDG_RUNTIME_DIR', '/run/user/1000'), ('DISPLAY', ':0'), ('LANG', 'en_US.UTF-8'), ('XDG_CURRENT_DESKTOP', 'ubuntu:GNOME'), ('XMODIFIERS', '@im=ibus'), ('XDG_SESSION_DESKTOP', 'ubuntu'), ('XAUTHORITY', '/run/user/1000/.mutter-Xwaylandauth.SDR7L3'), ('LS_COLORS', 'rs=0:di=01;34:ln=01;36:mh=00:pi=40;33:so=01;35:do=01;35:bd=40;33;01:cd=40;33;01:or=40;31;01:mi=00:su=37;41:sg=30;43:ca=30;41:tw=30;42:ow=34;42:st=37;44:ex=01;32:*.tar=01;31:*.tgz=01;31:*.arc=01;31:*.arj=01;31:*.taz=01;31:*.lha=01;31:*.lz4=01;31:*.lzh=01;31:*.lzma=01;31:*.tlz=01;31:*.txz=01;31:*.tzo=01;31:*.t7z=01;31:*.zip=01;31:*.z=01;31:*.dz=01;31:*.gz=01;31:*.lrz=01;31:*.lz=01;31:*.lzo=01;31:*.xz=01;31:*.zst=01;31:*.tzst=01;31:*.bz2=01;31:*.bz=01;31:*.tbz=01;31:*.tbz2=01;31:*.tz=01;31:*.deb=01;31:*.rpm=01;31:*.jar=01;31:*.war=01;31:*.ear=01;31:*.sar=01;31:*.rar=01;31:*.alz=01;31:*.ace=01;31:*.zoo=01;31:*.cpio=01;31:*.7z=01;31:*.rz=01;31:*.cab=01;31:*.wim=01;31:*.swm=01;31:*.dwm=01;31:*.esd=01;31:*.jpg=01;35:*.jpeg=01;35:*.mjpg=01;35:*.mjpeg=01;35:*.gif=01;35:*.bmp=01;35:*.pbm=01;35:*.pgm=01;35:*.ppm=01;35:*.tga=01;35:*.xbm=01;35:*.xpm=01;35:*.tif=01;35:*.tiff=01;35:*.png=01;35:*.svg=01;35:*.svgz=01;35:*.mng=01;35:*.pcx=01;35:*.mov=01;35:*.mpg=01;35:*.mpeg=01;35:*.m2v=01;35:*.mkv=01;35:*.webm=01;35:*.webp=01;35:*.ogm=01;35:*.mp4=01;35:*.m4v=01;35:*.mp4v=01;35:*.vob=01;35:*.qt=01;35:*.nuv=01;35:*.wmv=01;35:*.asf=01;35:*.rm=01;35:*.rmvb=01;35:*.flc=01;35:*.avi=01;35:*.fli=01;35:*.flv=01;35:*.gl=01;35:*.dl=01;35:*.xcf=01;35:*.xwd=01;35:*.yuv=01;35:*.cgm=01;35:*.emf=01;35:*.ogv=01;35:*.ogx=01;35:*.aac=00;36:*.au=00;36:*.flac=00;36:*.m4a=00;36:*.mid=00;36:*.midi=00;36:*.mka=00;36:*.mp3=00;36:*.mpc=00;36:*.ogg=00;36:*.ra=00;36:*.wav=00;36:*.oga=00;36:*.opus=00;36:*.spx=00;36:*.xspf=00;36:'), ('GNOME_TERMINAL_SERVICE', ':1.99'), ('SSH_AGENT_LAUNCHER', 'gnome-keyring'), ('SSH_AUTH_SOCK', '/run/user/1000/keyring/ssh'), ('ROS_DOMAIN_ID', '0'), ('AMENT_PREFIX_PATH', '/home/gong/onset_ws/install/onsetbot:/home/gong/onset_ws/install/onset_interfaces:/home/gong/onset_ws/install/odrive_botwheel_explorer:/home/gong/onset_ws/install/odrive_ros2_control:/home/gong/onset_ws/install/odrive_can:/opt/ros/humble'), ('SHELL', '/bin/bash'), ('QT_ACCESSIBILITY', '1'), ('GDMSESSION', 'ubuntu'), ('LESSCLOSE', '/usr/bin/lesspipe %s %s'), ('QT_IM_MODULE', 'ibus'), ('PWD', '/home/gong/onset_ws/build/onset_interfaces'), ('LC_ALL', 'en_US.UTF-8'), ('XDG_CONFIG_DIRS', '/etc/xdg/xdg-ubuntu:/etc/xdg'), ('XDG_DATA_DIRS', '/usr/share/ubuntu:/usr/local/share/:/usr/share/:/var/lib/snapd/desktop'), ('PYTHONPATH', '/home/gong/onset_ws/install/onsetbot/lib/python3.10/site-packages:/home/gong/onset_ws/install/onset_interfaces/local/lib/python3.10/dist-packages:/home/gong/onset_ws/install/odrive_can/local/lib/python3.10/dist-packages:/opt/ros/humble/lib/python3.10/site-packages:/opt/ros/humble/local/lib/python3.10/dist-packages'), ('COLCON', '1'), ('VTE_VERSION', '6800'), ('CMAKE_PREFIX_PATH', '/home/gong/onset_ws/install/onset_interfaces:/home/gong/onset_ws/install/odrive_botwheel_explorer:/home/gong/onset_ws/install/odrive_ros2_control:/home/gong/onset_ws/install/odrive_can:/home/gong/onset_ws/install/onsetbot:/opt/ros/humble')]), 'shell': False}
[10.260890] (onset_interfaces) StdoutLine: {'line': b'-- Install configuration: ""\n'}
[10.261406] (onset_interfaces) StdoutLine: {'line': b'-- Up-to-date: /home/gong/onset_ws/install/onset_interfaces/share/ament_index/resource_index/rosidl_interfaces/onset_interfaces\n'}
[10.261854] (onset_interfaces) StdoutLine: {'line': b'-- Up-to-date: /home/gong/onset_ws/install/onset_interfaces/include/onset_interfaces/onset_interfaces\n'}
[10.267636] (onset_interfaces) StdoutLine: {'line': b'-- Up-to-date: /home/gong/onset_ws/install/onset_interfaces/include/onset_interfaces/onset_interfaces/msg\n'}
[10.268260] (-) TimerEvent: {}
[10.271405] (onset_interfaces) StdoutLine: {'line': b'-- Up-to-date: /home/gong/onset_ws/install/onset_interfaces/include/onset_interfaces/onset_interfaces/msg/home_command.h\n'}
[10.271857] (onset_interfaces) StdoutLine: {'line': b'-- Up-to-date: /home/gong/onset_ws/install/onset_interfaces/include/onset_interfaces/onset_interfaces/msg/launch_command.h\n'}
[10.272430] (onset_interfaces) StdoutLine: {'line': b'-- Up-to-date: /home/gong/onset_ws/install/onset_interfaces/include/onset_interfaces/onset_interfaces/msg/detail\n'}
[10.272836] (onset_interfaces) StdoutLine: {'line': b'-- Up-to-date: /home/gong/onset_ws/install/onset_interfaces/include/onset_interfaces/onset_interfaces/msg/detail/onset_status__functions.h\n'}
[10.274720] (onset_interfaces) StdoutLine: {'line': b'-- Up-to-date: /home/gong/onset_ws/install/onset_interfaces/include/onset_interfaces/onset_interfaces/msg/detail/home_command__type_support.h\n'}
[10.274903] (onset_interfaces) StdoutLine: {'line': b'-- Up-to-date: /home/gong/onset_ws/install/onset_interfaces/include/onset_interfaces/onset_interfaces/msg/detail/stm32_message__struct.h\n'}
[10.275015] (onset_interfaces) StdoutLine: {'line': b'-- Up-to-date: /home/gong/onset_ws/install/onset_interfaces/include/onset_interfaces/onset_interfaces/msg/detail/home_command__functions.c\n'}
[10.275142] (onset_interfaces) StdoutLine: {'line': b'-- Up-to-date: /home/gong/onset_ws/install/onset_interfaces/include/onset_interfaces/onset_interfaces/msg/detail/stm32_message__functions.h\n'}
[10.275236] (onset_interfaces) StdoutLine: {'line': b'-- Up-to-date: /home/gong/onset_ws/install/onset_interfaces/include/onset_interfaces/onset_interfaces/msg/detail/onset_status__functions.c\n'}
[10.275328] (onset_interfaces) StdoutLine: {'line': b'-- Up-to-date: /home/gong/onset_ws/install/onset_interfaces/include/onset_interfaces/onset_interfaces/msg/detail/onset_status__struct.h\n'}
[10.275417] (onset_interfaces) StdoutLine: {'line': b'-- Up-to-date: /home/gong/onset_ws/install/onset_interfaces/include/onset_interfaces/onset_interfaces/msg/detail/onset_status__type_support.h\n'}
[10.275574] (onset_interfaces) StdoutLine: {'line': b'-- Up-to-date: /home/gong/onset_ws/install/onset_interfaces/include/onset_interfaces/onset_interfaces/msg/detail/stm32_state__functions.c\n'}
[10.279802] (onset_interfaces) StdoutLine: {'line': b'-- Up-to-date: /home/gong/onset_ws/install/onset_interfaces/include/onset_interfaces/onset_interfaces/msg/detail/home_command__functions.h\n'}
[10.280041] (onset_interfaces) StdoutLine: {'line': b'-- Up-to-date: /home/gong/onset_ws/install/onset_interfaces/include/onset_interfaces/onset_interfaces/msg/detail/launch_command__struct.h\n'}
[10.280232] (onset_interfaces) StdoutLine: {'line': b'-- Up-to-date: /home/gong/onset_ws/install/onset_interfaces/include/onset_interfaces/onset_interfaces/msg/detail/home_command__struct.h\n'}
[10.280350] (onset_interfaces) StdoutLine: {'line': b'-- Up-to-date: /home/gong/onset_ws/install/onset_interfaces/include/onset_interfaces/onset_interfaces/msg/detail/stm32_state__struct.h\n'}
[10.280455] (onset_interfaces) StdoutLine: {'line': b'-- Up-to-date: /home/gong/onset_ws/install/onset_interfaces/include/onset_interfaces/onset_interfaces/msg/detail/launch_command__type_support.h\n'}
[10.280552] (onset_interfaces) StdoutLine: {'line': b'-- Up-to-date: /home/gong/onset_ws/install/onset_interfaces/include/onset_interfaces/onset_interfaces/msg/detail/stm32_message__functions.c\n'}
[10.283200] (onset_interfaces) StdoutLine: {'line': b'-- Up-to-date: /home/gong/onset_ws/install/onset_interfaces/include/onset_interfaces/onset_interfaces/msg/detail/launch_command__functions.c\n'}
[10.283826] (onset_interfaces) StdoutLine: {'line': b'-- Up-to-date: /home/gong/onset_ws/install/onset_interfaces/include/onset_interfaces/onset_interfaces/msg/detail/stm32_state__functions.h\n'}
[10.284180] (onset_interfaces) StdoutLine: {'line': b'-- Up-to-date: /home/gong/onset_ws/install/onset_interfaces/include/onset_interfaces/onset_interfaces/msg/detail/launch_command__functions.h\n'}
[10.284405] (onset_interfaces) StdoutLine: {'line': b'-- Up-to-date: /home/gong/onset_ws/install/onset_interfaces/include/onset_interfaces/onset_interfaces/msg/detail/stm32_state__type_support.h\n'}
[10.284826] (onset_interfaces) StdoutLine: {'line': b'-- Up-to-date: /home/gong/onset_ws/install/onset_interfaces/include/onset_interfaces/onset_interfaces/msg/detail/stm32_message__type_support.h\n'}
[10.285091] (onset_interfaces) StdoutLine: {'line': b'-- Up-to-date: /home/gong/onset_ws/install/onset_interfaces/include/onset_interfaces/onset_interfaces/msg/rosidl_generator_c__visibility_control.h\n'}
[10.285221] (onset_interfaces) StdoutLine: {'line': b'-- Up-to-date: /home/gong/onset_ws/install/onset_interfaces/include/onset_interfaces/onset_interfaces/msg/stm32_state.h\n'}
[10.290563] (onset_interfaces) StdoutLine: {'line': b'-- Up-to-date: /home/gong/onset_ws/install/onset_interfaces/include/onset_interfaces/onset_interfaces/msg/stm32_message.h\n'}
[10.291263] (onset_interfaces) StdoutLine: {'line': b'-- Up-to-date: /home/gong/onset_ws/install/onset_interfaces/include/onset_interfaces/onset_interfaces/msg/onset_status.h\n'}
[10.291476] (onset_interfaces) StdoutLine: {'line': b'-- Up-to-date: /home/gong/onset_ws/install/onset_interfaces/share/onset_interfaces/environment/library_path.sh\n'}
[10.292167] (onset_interfaces) StdoutLine: {'line': b'-- Up-to-date: /home/gong/onset_ws/install/onset_interfaces/share/onset_interfaces/environment/library_path.dsv\n'}
[10.292512] (onset_interfaces) StdoutLine: {'line': b'-- Up-to-date: /home/gong/onset_ws/install/onset_interfaces/lib/libonset_interfaces__rosidl_generator_c.so\n'}
[10.292643] (onset_interfaces) StdoutLine: {'line': b'-- Up-to-date: /home/gong/onset_ws/install/onset_interfaces/include/onset_interfaces/onset_interfaces\n'}
[10.295432] (onset_interfaces) StdoutLine: {'line': b'-- Up-to-date: /home/gong/onset_ws/install/onset_interfaces/include/onset_interfaces/onset_interfaces/msg\n'}
[10.295559] (onset_interfaces) StdoutLine: {'line': b'-- Up-to-date: /home/gong/onset_ws/install/onset_interfaces/include/onset_interfaces/onset_interfaces/msg/detail\n'}
[10.295960] (onset_interfaces) StdoutLine: {'line': b'-- Up-to-date: /home/gong/onset_ws/install/onset_interfaces/include/onset_interfaces/onset_interfaces/msg/detail/onset_status__rosidl_typesupport_fastrtps_c.h\n'}
[10.300968] (onset_interfaces) StdoutLine: {'line': b'-- Up-to-date: /home/gong/onset_ws/install/onset_interfaces/include/onset_interfaces/onset_interfaces/msg/detail/launch_command__rosidl_typesupport_fastrtps_c.h\n'}
[10.301215] (onset_interfaces) StdoutLine: {'line': b'-- Up-to-date: /home/gong/onset_ws/install/onset_interfaces/include/onset_interfaces/onset_interfaces/msg/detail/home_command__rosidl_typesupport_fastrtps_c.h\n'}
[10.301432] (onset_interfaces) StdoutLine: {'line': b'-- Up-to-date: /home/gong/onset_ws/install/onset_interfaces/include/onset_interfaces/onset_interfaces/msg/detail/stm32_message__rosidl_typesupport_fastrtps_c.h\n'}
[10.306361] (onset_interfaces) StdoutLine: {'line': b'-- Up-to-date: /home/gong/onset_ws/install/onset_interfaces/include/onset_interfaces/onset_interfaces/msg/detail/stm32_state__rosidl_typesupport_fastrtps_c.h\n'}
[10.308148] (onset_interfaces) StdoutLine: {'line': b'-- Up-to-date: /home/gong/onset_ws/install/onset_interfaces/include/onset_interfaces/onset_interfaces/msg/rosidl_typesupport_fastrtps_c__visibility_control.h\n'}
[10.308346] (onset_interfaces) StdoutLine: {'line': b'-- Up-to-date: /home/gong/onset_ws/install/onset_interfaces/lib/libonset_interfaces__rosidl_typesupport_fastrtps_c.so\n'}
[10.308498] (onset_interfaces) StdoutLine: {'line': b'-- Up-to-date: /home/gong/onset_ws/install/onset_interfaces/include/onset_interfaces/onset_interfaces\n'}
[10.310946] (onset_interfaces) StdoutLine: {'line': b'-- Up-to-date: /home/gong/onset_ws/install/onset_interfaces/include/onset_interfaces/onset_interfaces/msg\n'}
[10.311276] (onset_interfaces) StdoutLine: {'line': b'-- Up-to-date: /home/gong/onset_ws/install/onset_interfaces/include/onset_interfaces/onset_interfaces/msg/detail\n'}
[10.315136] (onset_interfaces) StdoutLine: {'line': b'-- Up-to-date: /home/gong/onset_ws/install/onset_interfaces/include/onset_interfaces/onset_interfaces/msg/detail/launch_command__type_support.c\n'}
[10.315527] (onset_interfaces) StdoutLine: {'line': b'-- Up-to-date: /home/gong/onset_ws/install/onset_interfaces/include/onset_interfaces/onset_interfaces/msg/detail/stm32_message__type_support.c\n'}
[10.319440] (onset_interfaces) StdoutLine: {'line': b'-- Up-to-date: /home/gong/onset_ws/install/onset_interfaces/include/onset_interfaces/onset_interfaces/msg/detail/launch_command__rosidl_typesupport_introspection_c.h\n'}
[10.319712] (onset_interfaces) StdoutLine: {'line': b'-- Up-to-date: /home/gong/onset_ws/install/onset_interfaces/include/onset_interfaces/onset_interfaces/msg/detail/onset_status__rosidl_typesupport_introspection_c.h\n'}
[10.319890] (onset_interfaces) StdoutLine: {'line': b'-- Up-to-date: /home/gong/onset_ws/install/onset_interfaces/include/onset_interfaces/onset_interfaces/msg/detail/home_command__rosidl_typesupport_introspection_c.h\n'}
[10.320046] (onset_interfaces) StdoutLine: {'line': b'-- Up-to-date: /home/gong/onset_ws/install/onset_interfaces/include/onset_interfaces/onset_interfaces/msg/detail/home_command__type_support.c\n'}
[10.320457] (onset_interfaces) StdoutLine: {'line': b'-- Up-to-date: /home/gong/onset_ws/install/onset_interfaces/include/onset_interfaces/onset_interfaces/msg/detail/stm32_message__rosidl_typesupport_introspection_c.h\n'}
[10.322215] (onset_interfaces) StdoutLine: {'line': b'-- Up-to-date: /home/gong/onset_ws/install/onset_interfaces/include/onset_interfaces/onset_interfaces/msg/detail/stm32_state__type_support.c\n'}
[10.322347] (onset_interfaces) StdoutLine: {'line': b'-- Up-to-date: /home/gong/onset_ws/install/onset_interfaces/include/onset_interfaces/onset_interfaces/msg/detail/stm32_state__rosidl_typesupport_introspection_c.h\n'}
[10.322451] (onset_interfaces) StdoutLine: {'line': b'-- Up-to-date: /home/gong/onset_ws/install/onset_interfaces/include/onset_interfaces/onset_interfaces/msg/detail/onset_status__type_support.c\n'}
[10.322547] (onset_interfaces) StdoutLine: {'line': b'-- Up-to-date: /home/gong/onset_ws/install/onset_interfaces/include/onset_interfaces/onset_interfaces/msg/rosidl_typesupport_introspection_c__visibility_control.h\n'}
[10.322733] (onset_interfaces) StdoutLine: {'line': b'-- Up-to-date: /home/gong/onset_ws/install/onset_interfaces/lib/libonset_interfaces__rosidl_typesupport_introspection_c.so\n'}
[10.324240] (onset_interfaces) StdoutLine: {'line': b'-- Up-to-date: /home/gong/onset_ws/install/onset_interfaces/lib/libonset_interfaces__rosidl_typesupport_c.so\n'}
[10.324377] (onset_interfaces) StdoutLine: {'line': b'-- Up-to-date: /home/gong/onset_ws/install/onset_interfaces/include/onset_interfaces/onset_interfaces\n'}
[10.324477] (onset_interfaces) StdoutLine: {'line': b'-- Up-to-date: /home/gong/onset_ws/install/onset_interfaces/include/onset_interfaces/onset_interfaces/msg\n'}
[10.324569] (onset_interfaces) StdoutLine: {'line': b'-- Up-to-date: /home/gong/onset_ws/install/onset_interfaces/include/onset_interfaces/onset_interfaces/msg/launch_command.hpp\n'}
[10.324835] (onset_interfaces) StdoutLine: {'line': b'-- Up-to-date: /home/gong/onset_ws/install/onset_interfaces/include/onset_interfaces/onset_interfaces/msg/stm32_message.hpp\n'}
[10.324945] (onset_interfaces) StdoutLine: {'line': b'-- Up-to-date: /home/gong/onset_ws/install/onset_interfaces/include/onset_interfaces/onset_interfaces/msg/rosidl_generator_cpp__visibility_control.hpp\n'}
[10.325065] (onset_interfaces) StdoutLine: {'line': b'-- Up-to-date: /home/gong/onset_ws/install/onset_interfaces/include/onset_interfaces/onset_interfaces/msg/detail\n'}
[10.325160] (onset_interfaces) StdoutLine: {'line': b'-- Up-to-date: /home/gong/onset_ws/install/onset_interfaces/include/onset_interfaces/onset_interfaces/msg/detail/launch_command__traits.hpp\n'}
[10.325253] (onset_interfaces) StdoutLine: {'line': b'-- Up-to-date: /home/gong/onset_ws/install/onset_interfaces/include/onset_interfaces/onset_interfaces/msg/detail/stm32_message__type_support.hpp\n'}
[10.325394] (onset_interfaces) StdoutLine: {'line': b'-- Up-to-date: /home/gong/onset_ws/install/onset_interfaces/include/onset_interfaces/onset_interfaces/msg/detail/stm32_state__struct.hpp\n'}
[10.325552] (onset_interfaces) StdoutLine: {'line': b'-- Up-to-date: /home/gong/onset_ws/install/onset_interfaces/include/onset_interfaces/onset_interfaces/msg/detail/stm32_state__builder.hpp\n'}
[10.325723] (onset_interfaces) StdoutLine: {'line': b'-- Up-to-date: /home/gong/onset_ws/install/onset_interfaces/include/onset_interfaces/onset_interfaces/msg/detail/stm32_message__builder.hpp\n'}
[10.330615] (onset_interfaces) StdoutLine: {'line': b'-- Up-to-date: /home/gong/onset_ws/install/onset_interfaces/include/onset_interfaces/onset_interfaces/msg/detail/stm32_state__type_support.hpp\n'}
[10.330977] (onset_interfaces) StdoutLine: {'line': b'-- Up-to-date: /home/gong/onset_ws/install/onset_interfaces/include/onset_interfaces/onset_interfaces/msg/detail/onset_status__struct.hpp\n'}
[10.332370] (onset_interfaces) StdoutLine: {'line': b'-- Up-to-date: /home/gong/onset_ws/install/onset_interfaces/include/onset_interfaces/onset_interfaces/msg/detail/launch_command__builder.hpp\n'}
[10.336461] (onset_interfaces) StdoutLine: {'line': b'-- Up-to-date: /home/gong/onset_ws/install/onset_interfaces/include/onset_interfaces/onset_interfaces/msg/detail/home_command__struct.hpp\n'}
[10.340950] (onset_interfaces) StdoutLine: {'line': b'-- Up-to-date: /home/gong/onset_ws/install/onset_interfaces/include/onset_interfaces/onset_interfaces/msg/detail/onset_status__builder.hpp\n'}
[10.341618] (onset_interfaces) StdoutLine: {'line': b'-- Up-to-date: /home/gong/onset_ws/install/onset_interfaces/include/onset_interfaces/onset_interfaces/msg/detail/home_command__traits.hpp\n'}
[10.342242] (onset_interfaces) StdoutLine: {'line': b'-- Up-to-date: /home/gong/onset_ws/install/onset_interfaces/include/onset_interfaces/onset_interfaces/msg/detail/stm32_state__traits.hpp\n'}
[10.342428] (onset_interfaces) StdoutLine: {'line': b'-- Up-to-date: /home/gong/onset_ws/install/onset_interfaces/include/onset_interfaces/onset_interfaces/msg/detail/launch_command__struct.hpp\n'}
[10.342577] (onset_interfaces) StdoutLine: {'line': b'-- Up-to-date: /home/gong/onset_ws/install/onset_interfaces/include/onset_interfaces/onset_interfaces/msg/detail/onset_status__traits.hpp\n'}
[10.347590] (onset_interfaces) StdoutLine: {'line': b'-- Up-to-date: /home/gong/onset_ws/install/onset_interfaces/include/onset_interfaces/onset_interfaces/msg/detail/stm32_message__traits.hpp\n'}
[10.348171] (onset_interfaces) StdoutLine: {'line': b'-- Up-to-date: /home/gong/onset_ws/install/onset_interfaces/include/onset_interfaces/onset_interfaces/msg/detail/stm32_message__struct.hpp\n'}
[10.348460] (onset_interfaces) StdoutLine: {'line': b'-- Up-to-date: /home/gong/onset_ws/install/onset_interfaces/include/onset_interfaces/onset_interfaces/msg/detail/onset_status__type_support.hpp\n'}
[10.349034] (onset_interfaces) StdoutLine: {'line': b'-- Up-to-date: /home/gong/onset_ws/install/onset_interfaces/include/onset_interfaces/onset_interfaces/msg/detail/home_command__builder.hpp\n'}
[10.349349] (onset_interfaces) StdoutLine: {'line': b'-- Up-to-date: /home/gong/onset_ws/install/onset_interfaces/include/onset_interfaces/onset_interfaces/msg/detail/home_command__type_support.hpp\n'}
[10.349709] (onset_interfaces) StdoutLine: {'line': b'-- Up-to-date: /home/gong/onset_ws/install/onset_interfaces/include/onset_interfaces/onset_interfaces/msg/detail/launch_command__type_support.hpp\n'}
[10.352289] (onset_interfaces) StdoutLine: {'line': b'-- Up-to-date: /home/gong/onset_ws/install/onset_interfaces/include/onset_interfaces/onset_interfaces/msg/onset_status.hpp\n'}
[10.352448] (onset_interfaces) StdoutLine: {'line': b'-- Up-to-date: /home/gong/onset_ws/install/onset_interfaces/include/onset_interfaces/onset_interfaces/msg/home_command.hpp\n'}
[10.352559] (onset_interfaces) StdoutLine: {'line': b'-- Up-to-date: /home/gong/onset_ws/install/onset_interfaces/include/onset_interfaces/onset_interfaces/msg/stm32_state.hpp\n'}
[10.352656] (onset_interfaces) StdoutLine: {'line': b'-- Up-to-date: /home/gong/onset_ws/install/onset_interfaces/include/onset_interfaces/onset_interfaces\n'}
[10.352778] (onset_interfaces) StdoutLine: {'line': b'-- Up-to-date: /home/gong/onset_ws/install/onset_interfaces/include/onset_interfaces/onset_interfaces/msg\n'}
[10.352931] (onset_interfaces) StdoutLine: {'line': b'-- Up-to-date: /home/gong/onset_ws/install/onset_interfaces/include/onset_interfaces/onset_interfaces/msg/detail\n'}
[10.353032] (onset_interfaces) StdoutLine: {'line': b'-- Up-to-date: /home/gong/onset_ws/install/onset_interfaces/include/onset_interfaces/onset_interfaces/msg/detail/onset_status__rosidl_typesupport_fastrtps_cpp.hpp\n'}
[10.353125] (onset_interfaces) StdoutLine: {'line': b'-- Up-to-date: /home/gong/onset_ws/install/onset_interfaces/include/onset_interfaces/onset_interfaces/msg/detail/stm32_state__rosidl_typesupport_fastrtps_cpp.hpp\n'}
[10.356413] (onset_interfaces) StdoutLine: {'line': b'-- Up-to-date: /home/gong/onset_ws/install/onset_interfaces/include/onset_interfaces/onset_interfaces/msg/detail/launch_command__rosidl_typesupport_fastrtps_cpp.hpp\n'}
[10.356597] (onset_interfaces) StdoutLine: {'line': b'-- Up-to-date: /home/gong/onset_ws/install/onset_interfaces/include/onset_interfaces/onset_interfaces/msg/detail/dds_fastrtps\n'}
[10.356710] (onset_interfaces) StdoutLine: {'line': b'-- Up-to-date: /home/gong/onset_ws/install/onset_interfaces/include/onset_interfaces/onset_interfaces/msg/detail/stm32_message__rosidl_typesupport_fastrtps_cpp.hpp\n'}
[10.356806] (onset_interfaces) StdoutLine: {'line': b'-- Up-to-date: /home/gong/onset_ws/install/onset_interfaces/include/onset_interfaces/onset_interfaces/msg/detail/home_command__rosidl_typesupport_fastrtps_cpp.hpp\n'}
[10.356900] (onset_interfaces) StdoutLine: {'line': b'-- Up-to-date: /home/gong/onset_ws/install/onset_interfaces/include/onset_interfaces/onset_interfaces/msg/rosidl_typesupport_fastrtps_cpp__visibility_control.h\n'}
[10.357003] (onset_interfaces) StdoutLine: {'line': b'-- Up-to-date: /home/gong/onset_ws/install/onset_interfaces/lib/libonset_interfaces__rosidl_typesupport_fastrtps_cpp.so\n'}
[10.357095] (onset_interfaces) StdoutLine: {'line': b'-- Up-to-date: /home/gong/onset_ws/install/onset_interfaces/include/onset_interfaces/onset_interfaces\n'}
[10.357186] (onset_interfaces) StdoutLine: {'line': b'-- Up-to-date: /home/gong/onset_ws/install/onset_interfaces/include/onset_interfaces/onset_interfaces/msg\n'}
[10.360931] (onset_interfaces) StdoutLine: {'line': b'-- Up-to-date: /home/gong/onset_ws/install/onset_interfaces/include/onset_interfaces/onset_interfaces/msg/detail\n'}
[10.361202] (onset_interfaces) StdoutLine: {'line': b'-- Up-to-date: /home/gong/onset_ws/install/onset_interfaces/include/onset_interfaces/onset_interfaces/msg/detail/stm32_message__rosidl_typesupport_introspection_cpp.hpp\n'}
[10.361324] (onset_interfaces) StdoutLine: {'line': b'-- Up-to-date: /home/gong/onset_ws/install/onset_interfaces/include/onset_interfaces/onset_interfaces/msg/detail/launch_command__type_support.cpp\n'}
[10.361475] (onset_interfaces) StdoutLine: {'line': b'-- Up-to-date: /home/gong/onset_ws/install/onset_interfaces/include/onset_interfaces/onset_interfaces/msg/detail/stm32_state__rosidl_typesupport_introspection_cpp.hpp\n'}
[10.361590] (onset_interfaces) StdoutLine: {'line': b'-- Up-to-date: /home/gong/onset_ws/install/onset_interfaces/include/onset_interfaces/onset_interfaces/msg/detail/onset_status__type_support.cpp\n'}
[10.361779] (onset_interfaces) StdoutLine: {'line': b'-- Up-to-date: /home/gong/onset_ws/install/onset_interfaces/include/onset_interfaces/onset_interfaces/msg/detail/home_command__rosidl_typesupport_introspection_cpp.hpp\n'}
[10.362135] (onset_interfaces) StdoutLine: {'line': b'-- Up-to-date: /home/gong/onset_ws/install/onset_interfaces/include/onset_interfaces/onset_interfaces/msg/detail/launch_command__rosidl_typesupport_introspection_cpp.hpp\n'}
[10.362263] (onset_interfaces) StdoutLine: {'line': b'-- Up-to-date: /home/gong/onset_ws/install/onset_interfaces/include/onset_interfaces/onset_interfaces/msg/detail/stm32_state__type_support.cpp\n'}
[10.362361] (onset_interfaces) StdoutLine: {'line': b'-- Up-to-date: /home/gong/onset_ws/install/onset_interfaces/include/onset_interfaces/onset_interfaces/msg/detail/onset_status__rosidl_typesupport_introspection_cpp.hpp\n'}
[10.362450] (onset_interfaces) StdoutLine: {'line': b'-- Up-to-date: /home/gong/onset_ws/install/onset_interfaces/include/onset_interfaces/onset_interfaces/msg/detail/stm32_message__type_support.cpp\n'}
[10.368227] (onset_interfaces) StdoutLine: {'line': b'-- Up-to-date: /home/gong/onset_ws/install/onset_interfaces/include/onset_interfaces/onset_interfaces/msg/detail/home_command__type_support.cpp\n'}
[10.368606] (-) TimerEvent: {}
[10.370200] (onset_interfaces) StdoutLine: {'line': b'-- Up-to-date: /home/gong/onset_ws/install/onset_interfaces/lib/libonset_interfaces__rosidl_typesupport_introspection_cpp.so\n'}
[10.370640] (onset_interfaces) StdoutLine: {'line': b'-- Up-to-date: /home/gong/onset_ws/install/onset_interfaces/lib/libonset_interfaces__rosidl_typesupport_cpp.so\n'}
[10.371294] (onset_interfaces) StdoutLine: {'line': b'-- Up-to-date: /home/gong/onset_ws/install/onset_interfaces/share/onset_interfaces/environment/pythonpath.sh\n'}
[10.371536] (onset_interfaces) StdoutLine: {'line': b'-- Up-to-date: /home/gong/onset_ws/install/onset_interfaces/share/onset_interfaces/environment/pythonpath.dsv\n'}
[10.376344] (onset_interfaces) StdoutLine: {'line': b'-- Up-to-date: /home/gong/onset_ws/install/onset_interfaces/local/lib/python3.10/dist-packages/onset_interfaces-0.0.0-py3.10.egg-info\n'}
[10.376510] (onset_interfaces) StdoutLine: {'line': b'-- Installing: /home/gong/onset_ws/install/onset_interfaces/local/lib/python3.10/dist-packages/onset_interfaces-0.0.0-py3.10.egg-info/SOURCES.txt\n'}
[10.376619] (onset_interfaces) StdoutLine: {'line': b'-- Installing: /home/gong/onset_ws/install/onset_interfaces/local/lib/python3.10/dist-packages/onset_interfaces-0.0.0-py3.10.egg-info/top_level.txt\n'}
[10.376717] (onset_interfaces) StdoutLine: {'line': b'-- Installing: /home/gong/onset_ws/install/onset_interfaces/local/lib/python3.10/dist-packages/onset_interfaces-0.0.0-py3.10.egg-info/dependency_links.txt\n'}
[10.376810] (onset_interfaces) StdoutLine: {'line': b'-- Installing: /home/gong/onset_ws/install/onset_interfaces/local/lib/python3.10/dist-packages/onset_interfaces-0.0.0-py3.10.egg-info/PKG-INFO\n'}
[10.376903] (onset_interfaces) StdoutLine: {'line': b'-- Up-to-date: /home/gong/onset_ws/install/onset_interfaces/local/lib/python3.10/dist-packages/onset_interfaces\n'}
[10.377228] (onset_interfaces) StdoutLine: {'line': b'-- Up-to-date: /home/gong/onset_ws/install/onset_interfaces/local/lib/python3.10/dist-packages/onset_interfaces/onset_interfaces_s__rosidl_typesupport_c.cpython-310-x86_64-linux-gnu.so\n'}
[10.377394] (onset_interfaces) StdoutLine: {'line': b'-- Up-to-date: /home/gong/onset_ws/install/onset_interfaces/local/lib/python3.10/dist-packages/onset_interfaces/__init__.py\n'}
[10.377503] (onset_interfaces) StdoutLine: {'line': b'-- Up-to-date: /home/gong/onset_ws/install/onset_interfaces/local/lib/python3.10/dist-packages/onset_interfaces/onset_interfaces_s__rosidl_typesupport_introspection_c.cpython-310-x86_64-linux-gnu.so\n'}
[10.377629] (onset_interfaces) StdoutLine: {'line': b'-- Up-to-date: /home/gong/onset_ws/install/onset_interfaces/local/lib/python3.10/dist-packages/onset_interfaces/msg\n'}
[10.383276] (onset_interfaces) StdoutLine: {'line': b'-- Up-to-date: /home/gong/onset_ws/install/onset_interfaces/local/lib/python3.10/dist-packages/onset_interfaces/msg/_stm32_state_s.c\n'}
[10.388745] (onset_interfaces) StdoutLine: {'line': b'-- Up-to-date: /home/gong/onset_ws/install/onset_interfaces/local/lib/python3.10/dist-packages/onset_interfaces/msg/_launch_command_s.c\n'}
[10.389013] (onset_interfaces) StdoutLine: {'line': b'-- Up-to-date: /home/gong/onset_ws/install/onset_interfaces/local/lib/python3.10/dist-packages/onset_interfaces/msg/_home_command_s.c\n'}
[10.389177] (onset_interfaces) StdoutLine: {'line': b'-- Up-to-date: /home/gong/onset_ws/install/onset_interfaces/local/lib/python3.10/dist-packages/onset_interfaces/msg/__init__.py\n'}
[10.389349] (onset_interfaces) StdoutLine: {'line': b'-- Up-to-date: /home/gong/onset_ws/install/onset_interfaces/local/lib/python3.10/dist-packages/onset_interfaces/msg/_launch_command.py\n'}
[10.389512] (onset_interfaces) StdoutLine: {'line': b'-- Up-to-date: /home/gong/onset_ws/install/onset_interfaces/local/lib/python3.10/dist-packages/onset_interfaces/msg/_stm32_state.py\n'}
[10.389737] (onset_interfaces) StdoutLine: {'line': b'-- Up-to-date: /home/gong/onset_ws/install/onset_interfaces/local/lib/python3.10/dist-packages/onset_interfaces/msg/_onset_status_s.c\n'}
[10.392058] (onset_interfaces) StdoutLine: {'line': b'-- Up-to-date: /home/gong/onset_ws/install/onset_interfaces/local/lib/python3.10/dist-packages/onset_interfaces/msg/_stm32_message.py\n'}
[10.393793] (onset_interfaces) StdoutLine: {'line': b'-- Up-to-date: /home/gong/onset_ws/install/onset_interfaces/local/lib/python3.10/dist-packages/onset_interfaces/msg/_home_command.py\n'}
[10.394108] (onset_interfaces) StdoutLine: {'line': b'-- Up-to-date: /home/gong/onset_ws/install/onset_interfaces/local/lib/python3.10/dist-packages/onset_interfaces/msg/_stm32_message_s.c\n'}
[10.394561] (onset_interfaces) StdoutLine: {'line': b'-- Up-to-date: /home/gong/onset_ws/install/onset_interfaces/local/lib/python3.10/dist-packages/onset_interfaces/msg/_onset_status.py\n'}
[10.395069] (onset_interfaces) StdoutLine: {'line': b'-- Up-to-date: /home/gong/onset_ws/install/onset_interfaces/local/lib/python3.10/dist-packages/onset_interfaces/onset_interfaces_s__rosidl_typesupport_fastrtps_c.cpython-310-x86_64-linux-gnu.so\n'}
[10.402701] (onset_interfaces) StdoutLine: {'line': b'-- Up-to-date: /home/gong/onset_ws/install/onset_interfaces/local/lib/python3.10/dist-packages/onset_interfaces/_onset_interfaces_s.ep.rosidl_typesupport_c.c\n'}
[10.402879] (onset_interfaces) StdoutLine: {'line': b'-- Up-to-date: /home/gong/onset_ws/install/onset_interfaces/local/lib/python3.10/dist-packages/onset_interfaces/libonset_interfaces__rosidl_generator_py.so\n'}
[10.403034] (onset_interfaces) StdoutLine: {'line': b'-- Up-to-date: /home/gong/onset_ws/install/onset_interfaces/local/lib/python3.10/dist-packages/onset_interfaces/_onset_interfaces_s.ep.rosidl_typesupport_introspection_c.c\n'}
[10.403453] (onset_interfaces) StdoutLine: {'line': b'-- Up-to-date: /home/gong/onset_ws/install/onset_interfaces/local/lib/python3.10/dist-packages/onset_interfaces/_onset_interfaces_s.ep.rosidl_typesupport_fastrtps_c.c\n'}
[10.472219] (-) TimerEvent: {}
[10.573344] (-) TimerEvent: {}
[10.611151] (onset_interfaces) StdoutLine: {'line': b"Listing '/home/gong/onset_ws/install/onset_interfaces/local/lib/python3.10/dist-packages/onset_interfaces'...\n"}
[10.611720] (onset_interfaces) StdoutLine: {'line': b"Listing '/home/gong/onset_ws/install/onset_interfaces/local/lib/python3.10/dist-packages/onset_interfaces/msg'...\n"}
[10.637692] (onset_interfaces) StdoutLine: {'line': b'-- Up-to-date: /home/gong/onset_ws/install/onset_interfaces/local/lib/python3.10/dist-packages/onset_interfaces/onset_interfaces_s__rosidl_typesupport_fastrtps_c.cpython-310-x86_64-linux-gnu.so\n'}
[10.639259] (onset_interfaces) StdoutLine: {'line': b'-- Up-to-date: /home/gong/onset_ws/install/onset_interfaces/local/lib/python3.10/dist-packages/onset_interfaces/onset_interfaces_s__rosidl_typesupport_introspection_c.cpython-310-x86_64-linux-gnu.so\n'}
[10.642749] (onset_interfaces) StdoutLine: {'line': b'-- Up-to-date: /home/gong/onset_ws/install/onset_interfaces/local/lib/python3.10/dist-packages/onset_interfaces/onset_interfaces_s__rosidl_typesupport_c.cpython-310-x86_64-linux-gnu.so\n'}
[10.643906] (onset_interfaces) StdoutLine: {'line': b'-- Up-to-date: /home/gong/onset_ws/install/onset_interfaces/lib/libonset_interfaces__rosidl_generator_py.so\n'}
[10.646577] (onset_interfaces) StdoutLine: {'line': b'-- Up-to-date: /home/gong/onset_ws/install/onset_interfaces/share/onset_interfaces/msg/LaunchCommand.idl\n'}
[10.646946] (onset_interfaces) StdoutLine: {'line': b'-- Up-to-date: /home/gong/onset_ws/install/onset_interfaces/share/onset_interfaces/msg/OnsetStatus.idl\n'}
[10.647344] (onset_interfaces) StdoutLine: {'line': b'-- Up-to-date: /home/gong/onset_ws/install/onset_interfaces/share/onset_interfaces/msg/STM32Message.idl\n'}
[10.647540] (onset_interfaces) StdoutLine: {'line': b'-- Up-to-date: /home/gong/onset_ws/install/onset_interfaces/share/onset_interfaces/msg/STM32State.idl\n'}
[10.648126] (onset_interfaces) StdoutLine: {'line': b'-- Up-to-date: /home/gong/onset_ws/install/onset_interfaces/share/onset_interfaces/msg/HomeCommand.idl\n'}
[10.648279] (onset_interfaces) StdoutLine: {'line': b'-- Up-to-date: /home/gong/onset_ws/install/onset_interfaces/share/onset_interfaces/msg/LaunchCommand.msg\n'}
[10.648384] (onset_interfaces) StdoutLine: {'line': b'-- Up-to-date: /home/gong/onset_ws/install/onset_interfaces/share/onset_interfaces/msg/OnsetStatus.msg\n'}
[10.648479] (onset_interfaces) StdoutLine: {'line': b'-- Up-to-date: /home/gong/onset_ws/install/onset_interfaces/share/onset_interfaces/msg/STM32Message.msg\n'}
[10.651019] (onset_interfaces) StdoutLine: {'line': b'-- Up-to-date: /home/gong/onset_ws/install/onset_interfaces/share/onset_interfaces/msg/STM32State.msg\n'}
[10.651357] (onset_interfaces) StdoutLine: {'line': b'-- Up-to-date: /home/gong/onset_ws/install/onset_interfaces/share/onset_interfaces/msg/HomeCommand.msg\n'}
[10.651620] (onset_interfaces) StdoutLine: {'line': b'-- Up-to-date: /home/gong/onset_ws/install/onset_interfaces/share/ament_index/resource_index/package_run_dependencies/onset_interfaces\n'}
[10.651744] (onset_interfaces) StdoutLine: {'line': b'-- Up-to-date: /home/gong/onset_ws/install/onset_interfaces/share/ament_index/resource_index/parent_prefix_path/onset_interfaces\n'}
[10.652284] (onset_interfaces) StdoutLine: {'line': b'-- Up-to-date: /home/gong/onset_ws/install/onset_interfaces/share/onset_interfaces/environment/ament_prefix_path.sh\n'}
[10.652621] (onset_interfaces) StdoutLine: {'line': b'-- Up-to-date: /home/gong/onset_ws/install/onset_interfaces/share/onset_interfaces/environment/ament_prefix_path.dsv\n'}
[10.656358] (onset_interfaces) StdoutLine: {'line': b'-- Up-to-date: /home/gong/onset_ws/install/onset_interfaces/share/onset_interfaces/environment/path.sh\n'}
[10.656721] (onset_interfaces) StdoutLine: {'line': b'-- Up-to-date: /home/gong/onset_ws/install/onset_interfaces/share/onset_interfaces/environment/path.dsv\n'}
[10.656982] (onset_interfaces) StdoutLine: {'line': b'-- Up-to-date: /home/gong/onset_ws/install/onset_interfaces/share/onset_interfaces/local_setup.bash\n'}
[10.658963] (onset_interfaces) StdoutLine: {'line': b'-- Up-to-date: /home/gong/onset_ws/install/onset_interfaces/share/onset_interfaces/local_setup.sh\n'}
[10.659166] (onset_interfaces) StdoutLine: {'line': b'-- Up-to-date: /home/gong/onset_ws/install/onset_interfaces/share/onset_interfaces/local_setup.zsh\n'}
[10.659282] (onset_interfaces) StdoutLine: {'line': b'-- Up-to-date: /home/gong/onset_ws/install/onset_interfaces/share/onset_interfaces/local_setup.dsv\n'}
[10.659383] (onset_interfaces) StdoutLine: {'line': b'-- Installing: /home/gong/onset_ws/install/onset_interfaces/share/onset_interfaces/package.dsv\n'}
[10.659559] (onset_interfaces) StdoutLine: {'line': b'-- Up-to-date: /home/gong/onset_ws/install/onset_interfaces/share/ament_index/resource_index/packages/onset_interfaces\n'}
[10.659660] (onset_interfaces) StdoutLine: {'line': b'-- Up-to-date: /home/gong/onset_ws/install/onset_interfaces/share/onset_interfaces/cmake/export_onset_interfaces__rosidl_generator_cExport.cmake\n'}
[10.659897] (onset_interfaces) StdoutLine: {'line': b'-- Up-to-date: /home/gong/onset_ws/install/onset_interfaces/share/onset_interfaces/cmake/export_onset_interfaces__rosidl_generator_cExport-noconfig.cmake\n'}
[10.661765] (onset_interfaces) StdoutLine: {'line': b'-- Up-to-date: /home/gong/onset_ws/install/onset_interfaces/share/onset_interfaces/cmake/export_onset_interfaces__rosidl_typesupport_fastrtps_cExport.cmake\n'}
[10.663042] (onset_interfaces) StdoutLine: {'line': b'-- Up-to-date: /home/gong/onset_ws/install/onset_interfaces/share/onset_interfaces/cmake/export_onset_interfaces__rosidl_typesupport_fastrtps_cExport-noconfig.cmake\n'}
[10.663244] (onset_interfaces) StdoutLine: {'line': b'-- Up-to-date: /home/gong/onset_ws/install/onset_interfaces/share/onset_interfaces/cmake/onset_interfaces__rosidl_typesupport_introspection_cExport.cmake\n'}
[10.664921] (onset_interfaces) StdoutLine: {'line': b'-- Up-to-date: /home/gong/onset_ws/install/onset_interfaces/share/onset_interfaces/cmake/onset_interfaces__rosidl_typesupport_introspection_cExport-noconfig.cmake\n'}
[10.665050] (onset_interfaces) StdoutLine: {'line': b'-- Up-to-date: /home/gong/onset_ws/install/onset_interfaces/share/onset_interfaces/cmake/onset_interfaces__rosidl_typesupport_cExport.cmake\n'}
[10.665160] (onset_interfaces) StdoutLine: {'line': b'-- Up-to-date: /home/gong/onset_ws/install/onset_interfaces/share/onset_interfaces/cmake/onset_interfaces__rosidl_typesupport_cExport-noconfig.cmake\n'}
[10.665254] (onset_interfaces) StdoutLine: {'line': b'-- Up-to-date: /home/gong/onset_ws/install/onset_interfaces/share/onset_interfaces/cmake/export_onset_interfaces__rosidl_generator_cppExport.cmake\n'}
[10.665371] (onset_interfaces) StdoutLine: {'line': b'-- Up-to-date: /home/gong/onset_ws/install/onset_interfaces/share/onset_interfaces/cmake/export_onset_interfaces__rosidl_typesupport_fastrtps_cppExport.cmake\n'}
[10.668150] (onset_interfaces) StdoutLine: {'line': b'-- Up-to-date: /home/gong/onset_ws/install/onset_interfaces/share/onset_interfaces/cmake/export_onset_interfaces__rosidl_typesupport_fastrtps_cppExport-noconfig.cmake\n'}
[10.668651] (onset_interfaces) StdoutLine: {'line': b'-- Up-to-date: /home/gong/onset_ws/install/onset_interfaces/share/onset_interfaces/cmake/onset_interfaces__rosidl_typesupport_introspection_cppExport.cmake\n'}
[10.668908] (onset_interfaces) StdoutLine: {'line': b'-- Up-to-date: /home/gong/onset_ws/install/onset_interfaces/share/onset_interfaces/cmake/onset_interfaces__rosidl_typesupport_introspection_cppExport-noconfig.cmake\n'}
[10.669211] (onset_interfaces) StdoutLine: {'line': b'-- Up-to-date: /home/gong/onset_ws/install/onset_interfaces/share/onset_interfaces/cmake/onset_interfaces__rosidl_typesupport_cppExport.cmake\n'}
[10.669440] (onset_interfaces) StdoutLine: {'line': b'-- Up-to-date: /home/gong/onset_ws/install/onset_interfaces/share/onset_interfaces/cmake/onset_interfaces__rosidl_typesupport_cppExport-noconfig.cmake\n'}
[10.678268] (-) TimerEvent: {}
[10.678668] (onset_interfaces) StdoutLine: {'line': b'-- Up-to-date: /home/gong/onset_ws/install/onset_interfaces/share/onset_interfaces/cmake/export_onset_interfaces__rosidl_generator_pyExport.cmake\n'}
[10.678864] (onset_interfaces) StdoutLine: {'line': b'-- Up-to-date: /home/gong/onset_ws/install/onset_interfaces/share/onset_interfaces/cmake/export_onset_interfaces__rosidl_generator_pyExport-noconfig.cmake\n'}
[10.678983] (onset_interfaces) StdoutLine: {'line': b'-- Up-to-date: /home/gong/onset_ws/install/onset_interfaces/share/onset_interfaces/cmake/rosidl_cmake-extras.cmake\n'}
[10.679079] (onset_interfaces) StdoutLine: {'line': b'-- Up-to-date: /home/gong/onset_ws/install/onset_interfaces/share/onset_interfaces/cmake/ament_cmake_export_include_directories-extras.cmake\n'}
[10.679172] (onset_interfaces) StdoutLine: {'line': b'-- Up-to-date: /home/gong/onset_ws/install/onset_interfaces/share/onset_interfaces/cmake/ament_cmake_export_libraries-extras.cmake\n'}
[10.679602] (onset_interfaces) StdoutLine: {'line': b'-- Up-to-date: /home/gong/onset_ws/install/onset_interfaces/share/onset_interfaces/cmake/ament_cmake_export_targets-extras.cmake\n'}
[10.679717] (onset_interfaces) StdoutLine: {'line': b'-- Up-to-date: /home/gong/onset_ws/install/onset_interfaces/share/onset_interfaces/cmake/rosidl_cmake_export_typesupport_targets-extras.cmake\n'}
[10.679815] (onset_interfaces) StdoutLine: {'line': b'-- Up-to-date: /home/gong/onset_ws/install/onset_interfaces/share/onset_interfaces/cmake/ament_cmake_export_dependencies-extras.cmake\n'}
[10.679905] (onset_interfaces) StdoutLine: {'line': b'-- Up-to-date: /home/gong/onset_ws/install/onset_interfaces/share/onset_interfaces/cmake/rosidl_cmake_export_typesupport_libraries-extras.cmake\n'}
[10.679994] (onset_interfaces) StdoutLine: {'line': b'-- Up-to-date: /home/gong/onset_ws/install/onset_interfaces/share/onset_interfaces/cmake/onset_interfacesConfig.cmake\n'}
[10.682156] (onset_interfaces) StdoutLine: {'line': b'-- Up-to-date: /home/gong/onset_ws/install/onset_interfaces/share/onset_interfaces/cmake/onset_interfacesConfig-version.cmake\n'}
[10.682360] (onset_interfaces) StdoutLine: {'line': b'-- Up-to-date: /home/gong/onset_ws/install/onset_interfaces/share/onset_interfaces/package.xml\n'}
[10.693384] (onset_interfaces) CommandEnded: {'returncode': 0}
[10.780273] (-) TimerEvent: {}
[10.831967] (onset_interfaces) JobEnded: {'identifier': 'onset_interfaces', 'rc': 0}
[10.841129] (onsetbot) JobStarted: {'identifier': 'onsetbot'}
[10.880692] (-) TimerEvent: {}
[10.987967] (-) TimerEvent: {}
[11.088661] (-) TimerEvent: {}
[11.192212] (-) TimerEvent: {}
[11.293033] (-) TimerEvent: {}
[11.396685] (-) TimerEvent: {}
[11.501214] (-) TimerEvent: {}
[11.605387] (-) TimerEvent: {}
[11.706365] (-) TimerEvent: {}
[11.808153] (-) TimerEvent: {}
[11.909694] (-) TimerEvent: {}
[12.011669] (-) TimerEvent: {}
[12.113752] (-) TimerEvent: {}
[12.216666] (-) TimerEvent: {}
[12.317681] (-) TimerEvent: {}
[12.423352] (-) TimerEvent: {}
[12.525944] (-) TimerEvent: {}
[12.627652] (-) TimerEvent: {}
[12.732167] (-) TimerEvent: {}
[12.835015] (-) TimerEvent: {}
[12.937705] (-) TimerEvent: {}
[13.042213] (-) TimerEvent: {}
[13.143765] (-) TimerEvent: {}
[13.245493] (-) TimerEvent: {}
[13.348291] (-) TimerEvent: {}
[13.449706] (-) TimerEvent: {}
[13.552591] (-) TimerEvent: {}
[13.655542] (-) TimerEvent: {}
[13.762790] (-) TimerEvent: {}
[13.863395] (-) TimerEvent: {}
[13.964544] (-) TimerEvent: {}
[14.069948] (-) TimerEvent: {}
[14.173621] (-) TimerEvent: {}
[14.278958] (-) TimerEvent: {}
[14.383252] (-) TimerEvent: {}
[14.487765] (-) TimerEvent: {}
[14.589384] (-) TimerEvent: {}
[14.694086] (-) TimerEvent: {}
[14.703972] (onsetbot) Command: {'cmd': ['/usr/bin/python3', '-W', 'ignore:setup.py install is deprecated', '-W', 'ignore:easy_install command is deprecated', 'setup.py', 'egg_info', '--egg-base', '../../build/onsetbot', 'build', '--build-base', '/home/gong/onset_ws/build/onsetbot/build', 'install', '--record', '/home/gong/onset_ws/build/onsetbot/install.log', '--single-version-externally-managed', 'install_data'], 'cwd': '/home/gong/onset_ws/src/onsetbot', 'env': {'LESSOPEN': '| /usr/bin/lesspipe %s', 'LANGUAGE': 'en_CA:en', 'USER': 'gong', 'XDG_SESSION_TYPE': 'wayland', 'SHLVL': '1', 'LD_LIBRARY_PATH': '/home/gong/onset_ws/install/onset_interfaces/lib:/home/gong/onset_ws/install/odrive_can/lib:/home/gong/onset_ws/install/odrive_ros2_control/lib:/usr/lib/x86_64-linux-gnu/gazebo-11/plugins:/opt/ros/humble/opt/rviz_ogre_vendor/lib:/opt/ros/humble/lib/x86_64-linux-gnu:/opt/ros/humble/lib', 'HOME': '/home/gong', 'OLDPWD': '/home/gong/onset_ws/src/onsetbot', 'DESKTOP_SESSION': 'ubuntu', 'ROS_PYTHON_VERSION': '3', 'GNOME_SHELL_SESSION_MODE': 'ubuntu', 'GTK_MODULES': 'gail:atk-bridge', 'SYSTEMD_EXEC_PID': '1644', 'DBUS_SESSION_BUS_ADDRESS': 'unix:path=/run/user/1000/bus', 'COLORTERM': 'truecolor', 'IM_CONFIG_PHASE': '1', 'WAYLAND_DISPLAY': 'wayland-0', 'COLCON_PREFIX_PATH': '/home/gong/onset_ws/install', 'ROS_DISTRO': 'humble', 'LOGNAME': 'gong', '_': '/usr/bin/colcon', 'ROS_VERSION': '2', 'XDG_SESSION_CLASS': 'user', 'USERNAME': 'gong', 'TERM': 'xterm-256color', 'GNOME_DESKTOP_SESSION_ID': 'this-is-deprecated', 'ROS_LOCALHOST_ONLY': '0', 'PATH': '/opt/ros/humble/bin:/home/gong/.local/bin:/usr/local/sbin:/usr/local/bin:/usr/sbin:/usr/bin:/sbin:/bin:/usr/games:/usr/local/games:/snap/bin:/snap/bin', 'SESSION_MANAGER': 'local/gong-virtual-machine:@/tmp/.ICE-unix/1616,unix/gong-virtual-machine:/tmp/.ICE-unix/1616', 'XDG_MENU_PREFIX': 'gnome-', 'GNOME_TERMINAL_SCREEN': '/org/gnome/Terminal/screen/2cde5a3f_3fdf_455d_bd0b_d8fef2e66a9f', 'GNOME_SETUP_DISPLAY': ':1', 'XDG_RUNTIME_DIR': '/run/user/1000', 'DISPLAY': ':0', 'LANG': 'en_US.UTF-8', 'XDG_CURRENT_DESKTOP': 'ubuntu:GNOME', 'XMODIFIERS': '@im=ibus', 'XDG_SESSION_DESKTOP': 'ubuntu', 'XAUTHORITY': '/run/user/1000/.mutter-Xwaylandauth.SDR7L3', 'LS_COLORS': 'rs=0:di=01;34:ln=01;36:mh=00:pi=40;33:so=01;35:do=01;35:bd=40;33;01:cd=40;33;01:or=40;31;01:mi=00:su=37;41:sg=30;43:ca=30;41:tw=30;42:ow=34;42:st=37;44:ex=01;32:*.tar=01;31:*.tgz=01;31:*.arc=01;31:*.arj=01;31:*.taz=01;31:*.lha=01;31:*.lz4=01;31:*.lzh=01;31:*.lzma=01;31:*.tlz=01;31:*.txz=01;31:*.tzo=01;31:*.t7z=01;31:*.zip=01;31:*.z=01;31:*.dz=01;31:*.gz=01;31:*.lrz=01;31:*.lz=01;31:*.lzo=01;31:*.xz=01;31:*.zst=01;31:*.tzst=01;31:*.bz2=01;31:*.bz=01;31:*.tbz=01;31:*.tbz2=01;31:*.tz=01;31:*.deb=01;31:*.rpm=01;31:*.jar=01;31:*.war=01;31:*.ear=01;31:*.sar=01;31:*.rar=01;31:*.alz=01;31:*.ace=01;31:*.zoo=01;31:*.cpio=01;31:*.7z=01;31:*.rz=01;31:*.cab=01;31:*.wim=01;31:*.swm=01;31:*.dwm=01;31:*.esd=01;31:*.jpg=01;35:*.jpeg=01;35:*.mjpg=01;35:*.mjpeg=01;35:*.gif=01;35:*.bmp=01;35:*.pbm=01;35:*.pgm=01;35:*.ppm=01;35:*.tga=01;35:*.xbm=01;35:*.xpm=01;35:*.tif=01;35:*.tiff=01;35:*.png=01;35:*.svg=01;35:*.svgz=01;35:*.mng=01;35:*.pcx=01;35:*.mov=01;35:*.mpg=01;35:*.mpeg=01;35:*.m2v=01;35:*.mkv=01;35:*.webm=01;35:*.webp=01;35:*.ogm=01;35:*.mp4=01;35:*.m4v=01;35:*.mp4v=01;35:*.vob=01;35:*.qt=01;35:*.nuv=01;35:*.wmv=01;35:*.asf=01;35:*.rm=01;35:*.rmvb=01;35:*.flc=01;35:*.avi=01;35:*.fli=01;35:*.flv=01;35:*.gl=01;35:*.dl=01;35:*.xcf=01;35:*.xwd=01;35:*.yuv=01;35:*.cgm=01;35:*.emf=01;35:*.ogv=01;35:*.ogx=01;35:*.aac=00;36:*.au=00;36:*.flac=00;36:*.m4a=00;36:*.mid=00;36:*.midi=00;36:*.mka=00;36:*.mp3=00;36:*.mpc=00;36:*.ogg=00;36:*.ra=00;36:*.wav=00;36:*.oga=00;36:*.opus=00;36:*.spx=00;36:*.xspf=00;36:', 'GNOME_TERMINAL_SERVICE': ':1.99', 'SSH_AGENT_LAUNCHER': 'gnome-keyring', 'SSH_AUTH_SOCK': '/run/user/1000/keyring/ssh', 'ROS_DOMAIN_ID': '0', 'AMENT_PREFIX_PATH': '/home/gong/onset_ws/install/onsetbot:/home/gong/onset_ws/install/onset_interfaces:/home/gong/onset_ws/install/odrive_botwheel_explorer:/home/gong/onset_ws/install/odrive_ros2_control:/home/gong/onset_ws/install/odrive_can:/opt/ros/humble', 'SHELL': '/bin/bash', 'QT_ACCESSIBILITY': '1', 'GDMSESSION': 'ubuntu', 'LESSCLOSE': '/usr/bin/lesspipe %s %s', 'QT_IM_MODULE': 'ibus', 'PWD': '/home/gong/onset_ws/build/onsetbot', 'LC_ALL': 'en_US.UTF-8', 'XDG_CONFIG_DIRS': '/etc/xdg/xdg-ubuntu:/etc/xdg', 'XDG_DATA_DIRS': '/usr/share/ubuntu:/usr/local/share/:/usr/share/:/var/lib/snapd/desktop', 'PYTHONPATH': '/home/gong/onset_ws/build/onsetbot/prefix_override:/usr/lib/python3/dist-packages/colcon_core/task/python/colcon_distutils_commands:/home/gong/onset_ws/install/onsetbot/lib/python3.10/site-packages:/home/gong/onset_ws/install/onsetbot/lib/python3.10/site-packages:/home/gong/onset_ws/install/onset_interfaces/local/lib/python3.10/dist-packages:/home/gong/onset_ws/install/odrive_can/local/lib/python3.10/dist-packages:/opt/ros/humble/lib/python3.10/site-packages:/opt/ros/humble/local/lib/python3.10/dist-packages', 'COLCON': '1', 'VTE_VERSION': '6800', 'CMAKE_PREFIX_PATH': '/home/gong/onset_ws/install/onset_interfaces:/home/gong/onset_ws/install/odrive_can:/home/gong/onset_ws/install/odrive_botwheel_explorer:/home/gong/onset_ws/install/odrive_ros2_control'}, 'shell': False}
[14.796211] (-) TimerEvent: {}
[14.897562] (-) TimerEvent: {}
[15.002791] (-) TimerEvent: {}
[15.104811] (-) TimerEvent: {}
[15.210691] (-) TimerEvent: {}
[15.311146] (-) TimerEvent: {}
[15.411835] (-) TimerEvent: {}
[15.515795] (-) TimerEvent: {}
[15.617158] (-) TimerEvent: {}
[15.719931] (-) TimerEvent: {}
[15.820962] (-) TimerEvent: {}
[15.922970] (-) TimerEvent: {}
[16.025318] (-) TimerEvent: {}
[16.128390] (-) TimerEvent: {}
[16.129559] (onsetbot) StdoutLine: {'line': b'running egg_info\n'}
[16.138228] (onsetbot) StdoutLine: {'line': b'writing ../../build/onsetbot/onsetbot.egg-info/PKG-INFO\n'}
[16.138829] (onsetbot) StdoutLine: {'line': b'writing dependency_links to ../../build/onsetbot/onsetbot.egg-info/dependency_links.txt\n'}
[16.139047] (onsetbot) StdoutLine: {'line': b'writing entry points to ../../build/onsetbot/onsetbot.egg-info/entry_points.txt\n'}
[16.155737] (onsetbot) StdoutLine: {'line': b'writing requirements to ../../build/onsetbot/onsetbot.egg-info/requires.txt\n'}
[16.156169] (onsetbot) StdoutLine: {'line': b'writing top-level names to ../../build/onsetbot/onsetbot.egg-info/top_level.txt\n'}
[16.156306] (onsetbot) StdoutLine: {'line': b"reading manifest file '../../build/onsetbot/onsetbot.egg-info/SOURCES.txt'\n"}
[16.161429] (onsetbot) StdoutLine: {'line': b"writing manifest file '../../build/onsetbot/onsetbot.egg-info/SOURCES.txt'\n"}
[16.162143] (onsetbot) StdoutLine: {'line': b'running build\n'}
[16.162272] (onsetbot) StdoutLine: {'line': b'running build_py\n'}
[16.166107] (onsetbot) StdoutLine: {'line': b'running install\n'}
[16.166370] (onsetbot) StdoutLine: {'line': b'running install_lib\n'}
[16.173125] (onsetbot) StdoutLine: {'line': b'running install_data\n'}
[16.174717] (onsetbot) StdoutLine: {'line': b'running install_egg_info\n'}
[16.184130] (onsetbot) StdoutLine: {'line': b"removing '/home/gong/onset_ws/install/onsetbot/lib/python3.10/site-packages/onsetbot-0.0.0-py3.10.egg-info' (and everything under it)\n"}
[16.190783] (onsetbot) StdoutLine: {'line': b'Copying ../../build/onsetbot/onsetbot.egg-info to /home/gong/onset_ws/install/onsetbot/lib/python3.10/site-packages/onsetbot-0.0.0-py3.10.egg-info\n'}
[16.200658] (onsetbot) StdoutLine: {'line': b'running install_scripts\n'}
[16.230888] (-) TimerEvent: {}
[16.302457] (onsetbot) StdoutLine: {'line': b'Installing actuator_command script to /home/gong/onset_ws/install/onsetbot/lib/onsetbot\n'}
[16.302740] (onsetbot) StdoutLine: {'line': b'Installing actuator_commands script to /home/gong/onset_ws/install/onsetbot/lib/onsetbot\n'}
[16.303101] (onsetbot) StdoutLine: {'line': b'Installing odrive_can_bridge script to /home/gong/onset_ws/install/onsetbot/lib/onsetbot\n'}
[16.305380] (onsetbot) StdoutLine: {'line': b'Installing onset_gui script to /home/gong/onset_ws/install/onsetbot/lib/onsetbot\n'}
[16.308032] (onsetbot) StdoutLine: {'line': b'Installing stm32_bridge script to /home/gong/onset_ws/install/onsetbot/lib/onsetbot\n'}
[16.310501] (onsetbot) StdoutLine: {'line': b"writing list of installed files to '/home/gong/onset_ws/build/onsetbot/install.log'\n"}
[16.333566] (-) TimerEvent: {}
[16.427368] (onsetbot) CommandEnded: {'returncode': 0}
[16.434785] (-) TimerEvent: {}
[16.482430] (onsetbot) JobEnded: {'identifier': 'onsetbot', 'rc': 0}
[16.487410] (-) EventReactorShutdown: {}
