[0.000000] (-) TimerEvent: {}
[0.000686] (odrive_can) JobQueued: {'identifier': 'odrive_can', 'dependencies': OrderedDict()}
[0.000722] (odrive_ros2_control) JobQueued: {'identifier': 'odrive_ros2_control', 'dependencies': OrderedDict()}
[0.000740] (onset_interfaces) JobQueued: {'identifier': 'onset_interfaces', 'dependencies': OrderedDict()}
[0.000753] (odrive_botwheel_explorer) JobQueued: {'identifier': 'odrive_botwheel_explorer', 'dependencies': OrderedDict([('odrive_ros2_control', '/home/gong/onset_ws/install/odrive_ros2_control')])}
[0.000769] (onsetbot) JobQueued: {'identifier': 'onsetbot', 'dependencies': OrderedDict([('odrive_can', '/home/gong/onset_ws/install/odrive_can'), ('onset_interfaces', '/home/gong/onset_ws/install/onset_interfaces')])}
[0.002060] (odrive_can) JobStarted: {'identifier': 'odrive_can'}
[0.017608] (odrive_ros2_control) JobStarted: {'identifier': 'odrive_ros2_control'}
[0.028628] (odrive_can) JobProgress: {'identifier': 'odrive_can', 'progress': 'cmake'}
[0.035106] (odrive_can) JobProgress: {'identifier': 'odrive_can', 'progress': 'build'}
[0.036244] (odrive_can) Command: {'cmd': ['/usr/bin/cmake', '--build', '/home/gong/onset_ws/build/odrive_can', '--', '-j2', '-l2'], 'cwd': '/home/gong/onset_ws/build/odrive_can', 'env': OrderedDict([('LESSOPEN', '| /usr/bin/lesspipe %s'), ('LANGUAGE', 'en_CA:en'), ('USER', 'gong'), ('XDG_SESSION_TYPE', 'wayland'), ('SHLVL', '1'), ('LD_LIBRARY_PATH', '/home/gong/onset_ws/install/onset_interfaces/lib:/home/gong/onset_ws/install/odrive_ros2_control/lib:/home/gong/onset_ws/install/odrive_can/lib:/usr/lib/x86_64-linux-gnu/gazebo-11/plugins:/opt/ros/humble/opt/rviz_ogre_vendor/lib:/opt/ros/humble/lib/x86_64-linux-gnu:/opt/ros/humble/lib'), ('HOME', '/home/gong'), ('OLDPWD', '/home/gong/onset_ws/src/onsetbot'), ('DESKTOP_SESSION', 'ubuntu'), ('ROS_PYTHON_VERSION', '3'), ('GNOME_SHELL_SESSION_MODE', 'ubuntu'), ('GTK_MODULES', 'gail:atk-bridge'), ('SYSTEMD_EXEC_PID', '2256'), ('DBUS_SESSION_BUS_ADDRESS', 'unix:path=/run/user/1000/bus'), ('COLORTERM', 'truecolor'), ('IM_CONFIG_PHASE', '1'), ('WAYLAND_DISPLAY', 'wayland-0'), ('COLCON_PREFIX_PATH', '/home/gong/onset_ws/install'), ('ROS_DISTRO', 'humble'), ('LOGNAME', 'gong'), ('_', '/usr/bin/colcon'), ('ROS_VERSION', '2'), ('XDG_SESSION_CLASS', 'user'), ('USERNAME', 'gong'), ('TERM', 'xterm-256color'), ('GNOME_DESKTOP_SESSION_ID', 'this-is-deprecated'), ('ROS_LOCALHOST_ONLY', '0'), ('PATH', '/opt/ros/humble/bin:/home/gong/.local/bin:/usr/local/sbin:/usr/local/bin:/usr/sbin:/usr/bin:/sbin:/bin:/usr/games:/usr/local/games:/snap/bin:/snap/bin'), ('SESSION_MANAGER', 'local/gong-virtual-machine:@/tmp/.ICE-unix/1641,unix/gong-virtual-machine:/tmp/.ICE-unix/1641'), ('XDG_MENU_PREFIX', 'gnome-'), ('GNOME_TERMINAL_SCREEN', '/org/gnome/Terminal/screen/99195c75_78d1_482e_8bfc_fd6d9a4ec101'), ('GNOME_SETUP_DISPLAY', ':1'), ('XDG_RUNTIME_DIR', '/run/user/1000'), ('DISPLAY', ':0'), ('LANG', 'en_US.UTF-8'), ('XDG_CURRENT_DESKTOP', 'ubuntu:GNOME'), ('XMODIFIERS', '@im=ibus'), ('XDG_SESSION_DESKTOP', 'ubuntu'), ('XAUTHORITY', '/run/user/1000/.mutter-Xwaylandauth.V6J5L3'), ('LS_COLORS', 'rs=0:di=01;34:ln=01;36:mh=00:pi=40;33:so=01;35:do=01;35:bd=40;33;01:cd=40;33;01:or=40;31;01:mi=00:su=37;41:sg=30;43:ca=30;41:tw=30;42:ow=34;42:st=37;44:ex=01;32:*.tar=01;31:*.tgz=01;31:*.arc=01;31:*.arj=01;31:*.taz=01;31:*.lha=01;31:*.lz4=01;31:*.lzh=01;31:*.lzma=01;31:*.tlz=01;31:*.txz=01;31:*.tzo=01;31:*.t7z=01;31:*.zip=01;31:*.z=01;31:*.dz=01;31:*.gz=01;31:*.lrz=01;31:*.lz=01;31:*.lzo=01;31:*.xz=01;31:*.zst=01;31:*.tzst=01;31:*.bz2=01;31:*.bz=01;31:*.tbz=01;31:*.tbz2=01;31:*.tz=01;31:*.deb=01;31:*.rpm=01;31:*.jar=01;31:*.war=01;31:*.ear=01;31:*.sar=01;31:*.rar=01;31:*.alz=01;31:*.ace=01;31:*.zoo=01;31:*.cpio=01;31:*.7z=01;31:*.rz=01;31:*.cab=01;31:*.wim=01;31:*.swm=01;31:*.dwm=01;31:*.esd=01;31:*.jpg=01;35:*.jpeg=01;35:*.mjpg=01;35:*.mjpeg=01;35:*.gif=01;35:*.bmp=01;35:*.pbm=01;35:*.pgm=01;35:*.ppm=01;35:*.tga=01;35:*.xbm=01;35:*.xpm=01;35:*.tif=01;35:*.tiff=01;35:*.png=01;35:*.svg=01;35:*.svgz=01;35:*.mng=01;35:*.pcx=01;35:*.mov=01;35:*.mpg=01;35:*.mpeg=01;35:*.m2v=01;35:*.mkv=01;35:*.webm=01;35:*.webp=01;35:*.ogm=01;35:*.mp4=01;35:*.m4v=01;35:*.mp4v=01;35:*.vob=01;35:*.qt=01;35:*.nuv=01;35:*.wmv=01;35:*.asf=01;35:*.rm=01;35:*.rmvb=01;35:*.flc=01;35:*.avi=01;35:*.fli=01;35:*.flv=01;35:*.gl=01;35:*.dl=01;35:*.xcf=01;35:*.xwd=01;35:*.yuv=01;35:*.cgm=01;35:*.emf=01;35:*.ogv=01;35:*.ogx=01;35:*.aac=00;36:*.au=00;36:*.flac=00;36:*.m4a=00;36:*.mid=00;36:*.midi=00;36:*.mka=00;36:*.mp3=00;36:*.mpc=00;36:*.ogg=00;36:*.ra=00;36:*.wav=00;36:*.oga=00;36:*.opus=00;36:*.spx=00;36:*.xspf=00;36:'), ('GNOME_TERMINAL_SERVICE', ':1.103'), ('SSH_AGENT_LAUNCHER', 'gnome-keyring'), ('SSH_AUTH_SOCK', '/run/user/1000/keyring/ssh'), ('ROS_DOMAIN_ID', '0'), ('AMENT_PREFIX_PATH', '/home/gong/onset_ws/install/onsetbot:/home/gong/onset_ws/install/onset_interfaces:/home/gong/onset_ws/install/odrive_botwheel_explorer:/home/gong/onset_ws/install/odrive_ros2_control:/home/gong/onset_ws/install/odrive_can:/opt/ros/humble'), ('SHELL', '/bin/bash'), ('QT_ACCESSIBILITY', '1'), ('GDMSESSION', 'ubuntu'), ('LESSCLOSE', '/usr/bin/lesspipe %s %s'), ('QT_IM_MODULE', 'ibus'), ('PWD', '/home/gong/onset_ws/build/odrive_can'), ('LC_ALL', 'en_US.UTF-8'), ('XDG_CONFIG_DIRS', '/etc/xdg/xdg-ubuntu:/etc/xdg'), ('XDG_DATA_DIRS', '/usr/share/ubuntu:/usr/local/share/:/usr/share/:/var/lib/snapd/desktop'), ('PYTHONPATH', '/home/gong/onset_ws/install/onsetbot/lib/python3.10/site-packages:/home/gong/onset_ws/install/onset_interfaces/local/lib/python3.10/dist-packages:/home/gong/onset_ws/install/odrive_can/local/lib/python3.10/dist-packages:/opt/ros/humble/lib/python3.10/site-packages:/opt/ros/humble/local/lib/python3.10/dist-packages'), ('COLCON', '1'), ('VTE_VERSION', '6800'), ('CMAKE_PREFIX_PATH', '/home/gong/onset_ws/install/onset_interfaces:/home/gong/onset_ws/install/odrive_botwheel_explorer:/home/gong/onset_ws/install/odrive_ros2_control:/home/gong/onset_ws/install/odrive_can:/home/gong/onset_ws/install/onsetbot:/opt/ros/humble')]), 'shell': False}
[0.050280] (odrive_ros2_control) JobProgress: {'identifier': 'odrive_ros2_control', 'progress': 'cmake'}
[0.056213] (odrive_ros2_control) JobProgress: {'identifier': 'odrive_ros2_control', 'progress': 'build'}
[0.056292] (odrive_ros2_control) Command: {'cmd': ['/usr/bin/cmake', '--build', '/home/gong/onset_ws/build/odrive_ros2_control', '--', '-j2', '-l2'], 'cwd': '/home/gong/onset_ws/build/odrive_ros2_control', 'env': OrderedDict([('LESSOPEN', '| /usr/bin/lesspipe %s'), ('LANGUAGE', 'en_CA:en'), ('USER', 'gong'), ('XDG_SESSION_TYPE', 'wayland'), ('SHLVL', '1'), ('LD_LIBRARY_PATH', '/home/gong/onset_ws/install/onset_interfaces/lib:/home/gong/onset_ws/install/odrive_ros2_control/lib:/home/gong/onset_ws/install/odrive_can/lib:/usr/lib/x86_64-linux-gnu/gazebo-11/plugins:/opt/ros/humble/opt/rviz_ogre_vendor/lib:/opt/ros/humble/lib/x86_64-linux-gnu:/opt/ros/humble/lib'), ('HOME', '/home/gong'), ('OLDPWD', '/home/gong/onset_ws/src/onsetbot'), ('DESKTOP_SESSION', 'ubuntu'), ('ROS_PYTHON_VERSION', '3'), ('GNOME_SHELL_SESSION_MODE', 'ubuntu'), ('GTK_MODULES', 'gail:atk-bridge'), ('SYSTEMD_EXEC_PID', '2256'), ('DBUS_SESSION_BUS_ADDRESS', 'unix:path=/run/user/1000/bus'), ('COLORTERM', 'truecolor'), ('IM_CONFIG_PHASE', '1'), ('WAYLAND_DISPLAY', 'wayland-0'), ('COLCON_PREFIX_PATH', '/home/gong/onset_ws/install'), ('ROS_DISTRO', 'humble'), ('LOGNAME', 'gong'), ('_', '/usr/bin/colcon'), ('ROS_VERSION', '2'), ('XDG_SESSION_CLASS', 'user'), ('USERNAME', 'gong'), ('TERM', 'xterm-256color'), ('GNOME_DESKTOP_SESSION_ID', 'this-is-deprecated'), ('ROS_LOCALHOST_ONLY', '0'), ('PATH', '/opt/ros/humble/bin:/home/gong/.local/bin:/usr/local/sbin:/usr/local/bin:/usr/sbin:/usr/bin:/sbin:/bin:/usr/games:/usr/local/games:/snap/bin:/snap/bin'), ('SESSION_MANAGER', 'local/gong-virtual-machine:@/tmp/.ICE-unix/1641,unix/gong-virtual-machine:/tmp/.ICE-unix/1641'), ('XDG_MENU_PREFIX', 'gnome-'), ('GNOME_TERMINAL_SCREEN', '/org/gnome/Terminal/screen/99195c75_78d1_482e_8bfc_fd6d9a4ec101'), ('GNOME_SETUP_DISPLAY', ':1'), ('XDG_RUNTIME_DIR', '/run/user/1000'), ('DISPLAY', ':0'), ('LANG', 'en_US.UTF-8'), ('XDG_CURRENT_DESKTOP', 'ubuntu:GNOME'), ('XMODIFIERS', '@im=ibus'), ('XDG_SESSION_DESKTOP', 'ubuntu'), ('XAUTHORITY', '/run/user/1000/.mutter-Xwaylandauth.V6J5L3'), ('LS_COLORS', 'rs=0:di=01;34:ln=01;36:mh=00:pi=40;33:so=01;35:do=01;35:bd=40;33;01:cd=40;33;01:or=40;31;01:mi=00:su=37;41:sg=30;43:ca=30;41:tw=30;42:ow=34;42:st=37;44:ex=01;32:*.tar=01;31:*.tgz=01;31:*.arc=01;31:*.arj=01;31:*.taz=01;31:*.lha=01;31:*.lz4=01;31:*.lzh=01;31:*.lzma=01;31:*.tlz=01;31:*.txz=01;31:*.tzo=01;31:*.t7z=01;31:*.zip=01;31:*.z=01;31:*.dz=01;31:*.gz=01;31:*.lrz=01;31:*.lz=01;31:*.lzo=01;31:*.xz=01;31:*.zst=01;31:*.tzst=01;31:*.bz2=01;31:*.bz=01;31:*.tbz=01;31:*.tbz2=01;31:*.tz=01;31:*.deb=01;31:*.rpm=01;31:*.jar=01;31:*.war=01;31:*.ear=01;31:*.sar=01;31:*.rar=01;31:*.alz=01;31:*.ace=01;31:*.zoo=01;31:*.cpio=01;31:*.7z=01;31:*.rz=01;31:*.cab=01;31:*.wim=01;31:*.swm=01;31:*.dwm=01;31:*.esd=01;31:*.jpg=01;35:*.jpeg=01;35:*.mjpg=01;35:*.mjpeg=01;35:*.gif=01;35:*.bmp=01;35:*.pbm=01;35:*.pgm=01;35:*.ppm=01;35:*.tga=01;35:*.xbm=01;35:*.xpm=01;35:*.tif=01;35:*.tiff=01;35:*.png=01;35:*.svg=01;35:*.svgz=01;35:*.mng=01;35:*.pcx=01;35:*.mov=01;35:*.mpg=01;35:*.mpeg=01;35:*.m2v=01;35:*.mkv=01;35:*.webm=01;35:*.webp=01;35:*.ogm=01;35:*.mp4=01;35:*.m4v=01;35:*.mp4v=01;35:*.vob=01;35:*.qt=01;35:*.nuv=01;35:*.wmv=01;35:*.asf=01;35:*.rm=01;35:*.rmvb=01;35:*.flc=01;35:*.avi=01;35:*.fli=01;35:*.flv=01;35:*.gl=01;35:*.dl=01;35:*.xcf=01;35:*.xwd=01;35:*.yuv=01;35:*.cgm=01;35:*.emf=01;35:*.ogv=01;35:*.ogx=01;35:*.aac=00;36:*.au=00;36:*.flac=00;36:*.m4a=00;36:*.mid=00;36:*.midi=00;36:*.mka=00;36:*.mp3=00;36:*.mpc=00;36:*.ogg=00;36:*.ra=00;36:*.wav=00;36:*.oga=00;36:*.opus=00;36:*.spx=00;36:*.xspf=00;36:'), ('GNOME_TERMINAL_SERVICE', ':1.103'), ('SSH_AGENT_LAUNCHER', 'gnome-keyring'), ('SSH_AUTH_SOCK', '/run/user/1000/keyring/ssh'), ('ROS_DOMAIN_ID', '0'), ('AMENT_PREFIX_PATH', '/home/gong/onset_ws/install/onsetbot:/home/gong/onset_ws/install/onset_interfaces:/home/gong/onset_ws/install/odrive_botwheel_explorer:/home/gong/onset_ws/install/odrive_ros2_control:/home/gong/onset_ws/install/odrive_can:/opt/ros/humble'), ('SHELL', '/bin/bash'), ('QT_ACCESSIBILITY', '1'), ('GDMSESSION', 'ubuntu'), ('LESSCLOSE', '/usr/bin/lesspipe %s %s'), ('QT_IM_MODULE', 'ibus'), ('PWD', '/home/gong/onset_ws/build/odrive_ros2_control'), ('LC_ALL', 'en_US.UTF-8'), ('XDG_CONFIG_DIRS', '/etc/xdg/xdg-ubuntu:/etc/xdg'), ('XDG_DATA_DIRS', '/usr/share/ubuntu:/usr/local/share/:/usr/share/:/var/lib/snapd/desktop'), ('PYTHONPATH', '/home/gong/onset_ws/install/onsetbot/lib/python3.10/site-packages:/home/gong/onset_ws/install/onset_interfaces/local/lib/python3.10/dist-packages:/home/gong/onset_ws/install/odrive_can/local/lib/python3.10/dist-packages:/opt/ros/humble/lib/python3.10/site-packages:/opt/ros/humble/local/lib/python3.10/dist-packages'), ('COLCON', '1'), ('VTE_VERSION', '6800'), ('CMAKE_PREFIX_PATH', '/home/gong/onset_ws/install/onset_interfaces:/home/gong/onset_ws/install/odrive_botwheel_explorer:/home/gong/onset_ws/install/odrive_ros2_control:/home/gong/onset_ws/install/odrive_can:/home/gong/onset_ws/install/onsetbot:/opt/ros/humble')]), 'shell': False}
[0.102494] (-) TimerEvent: {}
[0.203129] (-) TimerEvent: {}
[0.306398] (-) TimerEvent: {}
[0.318802] (odrive_can) StdoutLine: {'line': b'[  1%] Built target odrive_can__cpp\n'}
[0.322839] (odrive_ros2_control) StdoutLine: {'line': b'[100%] Built target odrive_ros2_control_plugin\n'}
[0.341611] (odrive_can) StdoutLine: {'line': b'[ 11%] Built target odrive_can__rosidl_generator_c\n'}
[0.376021] (odrive_ros2_control) CommandEnded: {'returncode': 0}
[0.376514] (odrive_ros2_control) JobProgress: {'identifier': 'odrive_ros2_control', 'progress': 'install'}
[0.409586] (odrive_ros2_control) Command: {'cmd': ['/usr/bin/cmake', '--install', '/home/gong/onset_ws/build/odrive_ros2_control'], 'cwd': '/home/gong/onset_ws/build/odrive_ros2_control', 'env': OrderedDict([('LESSOPEN', '| /usr/bin/lesspipe %s'), ('LANGUAGE', 'en_CA:en'), ('USER', 'gong'), ('XDG_SESSION_TYPE', 'wayland'), ('SHLVL', '1'), ('LD_LIBRARY_PATH', '/home/gong/onset_ws/install/onset_interfaces/lib:/home/gong/onset_ws/install/odrive_ros2_control/lib:/home/gong/onset_ws/install/odrive_can/lib:/usr/lib/x86_64-linux-gnu/gazebo-11/plugins:/opt/ros/humble/opt/rviz_ogre_vendor/lib:/opt/ros/humble/lib/x86_64-linux-gnu:/opt/ros/humble/lib'), ('HOME', '/home/gong'), ('OLDPWD', '/home/gong/onset_ws/src/onsetbot'), ('DESKTOP_SESSION', 'ubuntu'), ('ROS_PYTHON_VERSION', '3'), ('GNOME_SHELL_SESSION_MODE', 'ubuntu'), ('GTK_MODULES', 'gail:atk-bridge'), ('SYSTEMD_EXEC_PID', '2256'), ('DBUS_SESSION_BUS_ADDRESS', 'unix:path=/run/user/1000/bus'), ('COLORTERM', 'truecolor'), ('IM_CONFIG_PHASE', '1'), ('WAYLAND_DISPLAY', 'wayland-0'), ('COLCON_PREFIX_PATH', '/home/gong/onset_ws/install'), ('ROS_DISTRO', 'humble'), ('LOGNAME', 'gong'), ('_', '/usr/bin/colcon'), ('ROS_VERSION', '2'), ('XDG_SESSION_CLASS', 'user'), ('USERNAME', 'gong'), ('TERM', 'xterm-256color'), ('GNOME_DESKTOP_SESSION_ID', 'this-is-deprecated'), ('ROS_LOCALHOST_ONLY', '0'), ('PATH', '/opt/ros/humble/bin:/home/gong/.local/bin:/usr/local/sbin:/usr/local/bin:/usr/sbin:/usr/bin:/sbin:/bin:/usr/games:/usr/local/games:/snap/bin:/snap/bin'), ('SESSION_MANAGER', 'local/gong-virtual-machine:@/tmp/.ICE-unix/1641,unix/gong-virtual-machine:/tmp/.ICE-unix/1641'), ('XDG_MENU_PREFIX', 'gnome-'), ('GNOME_TERMINAL_SCREEN', '/org/gnome/Terminal/screen/99195c75_78d1_482e_8bfc_fd6d9a4ec101'), ('GNOME_SETUP_DISPLAY', ':1'), ('XDG_RUNTIME_DIR', '/run/user/1000'), ('DISPLAY', ':0'), ('LANG', 'en_US.UTF-8'), ('XDG_CURRENT_DESKTOP', 'ubuntu:GNOME'), ('XMODIFIERS', '@im=ibus'), ('XDG_SESSION_DESKTOP', 'ubuntu'), ('XAUTHORITY', '/run/user/1000/.mutter-Xwaylandauth.V6J5L3'), ('LS_COLORS', 'rs=0:di=01;34:ln=01;36:mh=00:pi=40;33:so=01;35:do=01;35:bd=40;33;01:cd=40;33;01:or=40;31;01:mi=00:su=37;41:sg=30;43:ca=30;41:tw=30;42:ow=34;42:st=37;44:ex=01;32:*.tar=01;31:*.tgz=01;31:*.arc=01;31:*.arj=01;31:*.taz=01;31:*.lha=01;31:*.lz4=01;31:*.lzh=01;31:*.lzma=01;31:*.tlz=01;31:*.txz=01;31:*.tzo=01;31:*.t7z=01;31:*.zip=01;31:*.z=01;31:*.dz=01;31:*.gz=01;31:*.lrz=01;31:*.lz=01;31:*.lzo=01;31:*.xz=01;31:*.zst=01;31:*.tzst=01;31:*.bz2=01;31:*.bz=01;31:*.tbz=01;31:*.tbz2=01;31:*.tz=01;31:*.deb=01;31:*.rpm=01;31:*.jar=01;31:*.war=01;31:*.ear=01;31:*.sar=01;31:*.rar=01;31:*.alz=01;31:*.ace=01;31:*.zoo=01;31:*.cpio=01;31:*.7z=01;31:*.rz=01;31:*.cab=01;31:*.wim=01;31:*.swm=01;31:*.dwm=01;31:*.esd=01;31:*.jpg=01;35:*.jpeg=01;35:*.mjpg=01;35:*.mjpeg=01;35:*.gif=01;35:*.bmp=01;35:*.pbm=01;35:*.pgm=01;35:*.ppm=01;35:*.tga=01;35:*.xbm=01;35:*.xpm=01;35:*.tif=01;35:*.tiff=01;35:*.png=01;35:*.svg=01;35:*.svgz=01;35:*.mng=01;35:*.pcx=01;35:*.mov=01;35:*.mpg=01;35:*.mpeg=01;35:*.m2v=01;35:*.mkv=01;35:*.webm=01;35:*.webp=01;35:*.ogm=01;35:*.mp4=01;35:*.m4v=01;35:*.mp4v=01;35:*.vob=01;35:*.qt=01;35:*.nuv=01;35:*.wmv=01;35:*.asf=01;35:*.rm=01;35:*.rmvb=01;35:*.flc=01;35:*.avi=01;35:*.fli=01;35:*.flv=01;35:*.gl=01;35:*.dl=01;35:*.xcf=01;35:*.xwd=01;35:*.yuv=01;35:*.cgm=01;35:*.emf=01;35:*.ogv=01;35:*.ogx=01;35:*.aac=00;36:*.au=00;36:*.flac=00;36:*.m4a=00;36:*.mid=00;36:*.midi=00;36:*.mka=00;36:*.mp3=00;36:*.mpc=00;36:*.ogg=00;36:*.ra=00;36:*.wav=00;36:*.oga=00;36:*.opus=00;36:*.spx=00;36:*.xspf=00;36:'), ('GNOME_TERMINAL_SERVICE', ':1.103'), ('SSH_AGENT_LAUNCHER', 'gnome-keyring'), ('SSH_AUTH_SOCK', '/run/user/1000/keyring/ssh'), ('ROS_DOMAIN_ID', '0'), ('AMENT_PREFIX_PATH', '/home/gong/onset_ws/install/onsetbot:/home/gong/onset_ws/install/onset_interfaces:/home/gong/onset_ws/install/odrive_botwheel_explorer:/home/gong/onset_ws/install/odrive_ros2_control:/home/gong/onset_ws/install/odrive_can:/opt/ros/humble'), ('SHELL', '/bin/bash'), ('QT_ACCESSIBILITY', '1'), ('GDMSESSION', 'ubuntu'), ('LESSCLOSE', '/usr/bin/lesspipe %s %s'), ('QT_IM_MODULE', 'ibus'), ('PWD', '/home/gong/onset_ws/build/odrive_ros2_control'), ('LC_ALL', 'en_US.UTF-8'), ('XDG_CONFIG_DIRS', '/etc/xdg/xdg-ubuntu:/etc/xdg'), ('XDG_DATA_DIRS', '/usr/share/ubuntu:/usr/local/share/:/usr/share/:/var/lib/snapd/desktop'), ('PYTHONPATH', '/home/gong/onset_ws/install/onsetbot/lib/python3.10/site-packages:/home/gong/onset_ws/install/onset_interfaces/local/lib/python3.10/dist-packages:/home/gong/onset_ws/install/odrive_can/local/lib/python3.10/dist-packages:/opt/ros/humble/lib/python3.10/site-packages:/opt/ros/humble/local/lib/python3.10/dist-packages'), ('COLCON', '1'), ('VTE_VERSION', '6800'), ('CMAKE_PREFIX_PATH', '/home/gong/onset_ws/install/onset_interfaces:/home/gong/onset_ws/install/odrive_botwheel_explorer:/home/gong/onset_ws/install/odrive_ros2_control:/home/gong/onset_ws/install/odrive_can:/home/gong/onset_ws/install/onsetbot:/opt/ros/humble')]), 'shell': False}
[0.410234] (-) TimerEvent: {}
[0.452479] (odrive_ros2_control) StdoutLine: {'line': b'-- Install configuration: ""\n'}
[0.452694] (odrive_ros2_control) StdoutLine: {'line': b'-- Up-to-date: /home/gong/onset_ws/install/odrive_ros2_control/share/odrive_ros2_control/odrive_hardware_interface.xml\n'}
[0.452806] (odrive_ros2_control) StdoutLine: {'line': b'-- Up-to-date: /home/gong/onset_ws/install/odrive_ros2_control/lib/libodrive_ros2_control_plugin.so\n'}
[0.453321] (odrive_ros2_control) StdoutLine: {'line': b'-- Up-to-date: /home/gong/onset_ws/install/odrive_ros2_control/share/ament_index/resource_index/package_run_dependencies/odrive_ros2_control\n'}
[0.453420] (odrive_ros2_control) StdoutLine: {'line': b'-- Up-to-date: /home/gong/onset_ws/install/odrive_ros2_control/share/ament_index/resource_index/parent_prefix_path/odrive_ros2_control\n'}
[0.453621] (odrive_ros2_control) StdoutLine: {'line': b'-- Up-to-date: /home/gong/onset_ws/install/odrive_ros2_control/share/odrive_ros2_control/environment/ament_prefix_path.sh\n'}
[0.453690] (odrive_ros2_control) StdoutLine: {'line': b'-- Up-to-date: /home/gong/onset_ws/install/odrive_ros2_control/share/odrive_ros2_control/environment/ament_prefix_path.dsv\n'}
[0.453741] (odrive_ros2_control) StdoutLine: {'line': b'-- Up-to-date: /home/gong/onset_ws/install/odrive_ros2_control/share/odrive_ros2_control/environment/path.sh\n'}
[0.453787] (odrive_ros2_control) StdoutLine: {'line': b'-- Up-to-date: /home/gong/onset_ws/install/odrive_ros2_control/share/odrive_ros2_control/environment/path.dsv\n'}
[0.453835] (odrive_ros2_control) StdoutLine: {'line': b'-- Up-to-date: /home/gong/onset_ws/install/odrive_ros2_control/share/odrive_ros2_control/local_setup.bash\n'}
[0.453880] (odrive_ros2_control) StdoutLine: {'line': b'-- Up-to-date: /home/gong/onset_ws/install/odrive_ros2_control/share/odrive_ros2_control/local_setup.sh\n'}
[0.453924] (odrive_ros2_control) StdoutLine: {'line': b'-- Up-to-date: /home/gong/onset_ws/install/odrive_ros2_control/share/odrive_ros2_control/local_setup.zsh\n'}
[0.453968] (odrive_ros2_control) StdoutLine: {'line': b'-- Up-to-date: /home/gong/onset_ws/install/odrive_ros2_control/share/odrive_ros2_control/local_setup.dsv\n'}
[0.454111] (odrive_ros2_control) StdoutLine: {'line': b'-- Installing: /home/gong/onset_ws/install/odrive_ros2_control/share/odrive_ros2_control/package.dsv\n'}
[0.467502] (odrive_ros2_control) StdoutLine: {'line': b'-- Up-to-date: /home/gong/onset_ws/install/odrive_ros2_control/share/ament_index/resource_index/packages/odrive_ros2_control\n'}
[0.467883] (odrive_ros2_control) StdoutLine: {'line': b'-- Up-to-date: /home/gong/onset_ws/install/odrive_ros2_control/share/ament_index/resource_index/hardware_interface__pluginlib__plugin/odrive_ros2_control\n'}
[0.467951] (odrive_ros2_control) StdoutLine: {'line': b'-- Up-to-date: /home/gong/onset_ws/install/odrive_ros2_control/share/odrive_ros2_control/cmake/ament_cmake_export_dependencies-extras.cmake\n'}
[0.468003] (odrive_ros2_control) StdoutLine: {'line': b'-- Up-to-date: /home/gong/onset_ws/install/odrive_ros2_control/share/odrive_ros2_control/cmake/odrive_ros2_controlConfig.cmake\n'}
[0.468050] (odrive_ros2_control) StdoutLine: {'line': b'-- Up-to-date: /home/gong/onset_ws/install/odrive_ros2_control/share/odrive_ros2_control/cmake/odrive_ros2_controlConfig-version.cmake\n'}
[0.468095] (odrive_ros2_control) StdoutLine: {'line': b'-- Up-to-date: /home/gong/onset_ws/install/odrive_ros2_control/share/odrive_ros2_control/package.xml\n'}
[0.468142] (odrive_ros2_control) CommandEnded: {'returncode': 0}
[0.509110] (odrive_can) StdoutLine: {'line': b'[ 11%] Built target ament_cmake_python_copy_odrive_can\n'}
[0.509335] (odrive_can) StdoutLine: {'line': b'[ 21%] Built target odrive_can__rosidl_typesupport_cpp\n'}
[0.518965] (-) TimerEvent: {}
[0.552764] (odrive_ros2_control) JobEnded: {'identifier': 'odrive_ros2_control', 'rc': 0}
[0.554728] (onset_interfaces) JobStarted: {'identifier': 'onset_interfaces'}
[0.598295] (onset_interfaces) JobProgress: {'identifier': 'onset_interfaces', 'progress': 'cmake'}
[0.598448] (onset_interfaces) JobProgress: {'identifier': 'onset_interfaces', 'progress': 'build'}
[0.598479] (onset_interfaces) Command: {'cmd': ['/usr/bin/cmake', '--build', '/home/gong/onset_ws/build/onset_interfaces', '--', '-j2', '-l2'], 'cwd': '/home/gong/onset_ws/build/onset_interfaces', 'env': OrderedDict([('LESSOPEN', '| /usr/bin/lesspipe %s'), ('LANGUAGE', 'en_CA:en'), ('USER', 'gong'), ('XDG_SESSION_TYPE', 'wayland'), ('SHLVL', '1'), ('LD_LIBRARY_PATH', '/home/gong/onset_ws/install/onset_interfaces/lib:/home/gong/onset_ws/install/odrive_ros2_control/lib:/home/gong/onset_ws/install/odrive_can/lib:/usr/lib/x86_64-linux-gnu/gazebo-11/plugins:/opt/ros/humble/opt/rviz_ogre_vendor/lib:/opt/ros/humble/lib/x86_64-linux-gnu:/opt/ros/humble/lib'), ('HOME', '/home/gong'), ('OLDPWD', '/home/gong/onset_ws/src/onsetbot'), ('DESKTOP_SESSION', 'ubuntu'), ('ROS_PYTHON_VERSION', '3'), ('GNOME_SHELL_SESSION_MODE', 'ubuntu'), ('GTK_MODULES', 'gail:atk-bridge'), ('SYSTEMD_EXEC_PID', '2256'), ('DBUS_SESSION_BUS_ADDRESS', 'unix:path=/run/user/1000/bus'), ('COLORTERM', 'truecolor'), ('IM_CONFIG_PHASE', '1'), ('WAYLAND_DISPLAY', 'wayland-0'), ('COLCON_PREFIX_PATH', '/home/gong/onset_ws/install'), ('ROS_DISTRO', 'humble'), ('LOGNAME', 'gong'), ('_', '/usr/bin/colcon'), ('ROS_VERSION', '2'), ('XDG_SESSION_CLASS', 'user'), ('USERNAME', 'gong'), ('TERM', 'xterm-256color'), ('GNOME_DESKTOP_SESSION_ID', 'this-is-deprecated'), ('ROS_LOCALHOST_ONLY', '0'), ('PATH', '/opt/ros/humble/bin:/home/gong/.local/bin:/usr/local/sbin:/usr/local/bin:/usr/sbin:/usr/bin:/sbin:/bin:/usr/games:/usr/local/games:/snap/bin:/snap/bin'), ('SESSION_MANAGER', 'local/gong-virtual-machine:@/tmp/.ICE-unix/1641,unix/gong-virtual-machine:/tmp/.ICE-unix/1641'), ('XDG_MENU_PREFIX', 'gnome-'), ('GNOME_TERMINAL_SCREEN', '/org/gnome/Terminal/screen/99195c75_78d1_482e_8bfc_fd6d9a4ec101'), ('GNOME_SETUP_DISPLAY', ':1'), ('XDG_RUNTIME_DIR', '/run/user/1000'), ('DISPLAY', ':0'), ('LANG', 'en_US.UTF-8'), ('XDG_CURRENT_DESKTOP', 'ubuntu:GNOME'), ('XMODIFIERS', '@im=ibus'), ('XDG_SESSION_DESKTOP', 'ubuntu'), ('XAUTHORITY', '/run/user/1000/.mutter-Xwaylandauth.V6J5L3'), ('LS_COLORS', 'rs=0:di=01;34:ln=01;36:mh=00:pi=40;33:so=01;35:do=01;35:bd=40;33;01:cd=40;33;01:or=40;31;01:mi=00:su=37;41:sg=30;43:ca=30;41:tw=30;42:ow=34;42:st=37;44:ex=01;32:*.tar=01;31:*.tgz=01;31:*.arc=01;31:*.arj=01;31:*.taz=01;31:*.lha=01;31:*.lz4=01;31:*.lzh=01;31:*.lzma=01;31:*.tlz=01;31:*.txz=01;31:*.tzo=01;31:*.t7z=01;31:*.zip=01;31:*.z=01;31:*.dz=01;31:*.gz=01;31:*.lrz=01;31:*.lz=01;31:*.lzo=01;31:*.xz=01;31:*.zst=01;31:*.tzst=01;31:*.bz2=01;31:*.bz=01;31:*.tbz=01;31:*.tbz2=01;31:*.tz=01;31:*.deb=01;31:*.rpm=01;31:*.jar=01;31:*.war=01;31:*.ear=01;31:*.sar=01;31:*.rar=01;31:*.alz=01;31:*.ace=01;31:*.zoo=01;31:*.cpio=01;31:*.7z=01;31:*.rz=01;31:*.cab=01;31:*.wim=01;31:*.swm=01;31:*.dwm=01;31:*.esd=01;31:*.jpg=01;35:*.jpeg=01;35:*.mjpg=01;35:*.mjpeg=01;35:*.gif=01;35:*.bmp=01;35:*.pbm=01;35:*.pgm=01;35:*.ppm=01;35:*.tga=01;35:*.xbm=01;35:*.xpm=01;35:*.tif=01;35:*.tiff=01;35:*.png=01;35:*.svg=01;35:*.svgz=01;35:*.mng=01;35:*.pcx=01;35:*.mov=01;35:*.mpg=01;35:*.mpeg=01;35:*.m2v=01;35:*.mkv=01;35:*.webm=01;35:*.webp=01;35:*.ogm=01;35:*.mp4=01;35:*.m4v=01;35:*.mp4v=01;35:*.vob=01;35:*.qt=01;35:*.nuv=01;35:*.wmv=01;35:*.asf=01;35:*.rm=01;35:*.rmvb=01;35:*.flc=01;35:*.avi=01;35:*.fli=01;35:*.flv=01;35:*.gl=01;35:*.dl=01;35:*.xcf=01;35:*.xwd=01;35:*.yuv=01;35:*.cgm=01;35:*.emf=01;35:*.ogv=01;35:*.ogx=01;35:*.aac=00;36:*.au=00;36:*.flac=00;36:*.m4a=00;36:*.mid=00;36:*.midi=00;36:*.mka=00;36:*.mp3=00;36:*.mpc=00;36:*.ogg=00;36:*.ra=00;36:*.wav=00;36:*.oga=00;36:*.opus=00;36:*.spx=00;36:*.xspf=00;36:'), ('GNOME_TERMINAL_SERVICE', ':1.103'), ('SSH_AGENT_LAUNCHER', 'gnome-keyring'), ('SSH_AUTH_SOCK', '/run/user/1000/keyring/ssh'), ('ROS_DOMAIN_ID', '0'), ('AMENT_PREFIX_PATH', '/home/gong/onset_ws/install/onsetbot:/home/gong/onset_ws/install/onset_interfaces:/home/gong/onset_ws/install/odrive_botwheel_explorer:/home/gong/onset_ws/install/odrive_ros2_control:/home/gong/onset_ws/install/odrive_can:/opt/ros/humble'), ('SHELL', '/bin/bash'), ('QT_ACCESSIBILITY', '1'), ('GDMSESSION', 'ubuntu'), ('LESSCLOSE', '/usr/bin/lesspipe %s %s'), ('QT_IM_MODULE', 'ibus'), ('PWD', '/home/gong/onset_ws/build/onset_interfaces'), ('LC_ALL', 'en_US.UTF-8'), ('XDG_CONFIG_DIRS', '/etc/xdg/xdg-ubuntu:/etc/xdg'), ('XDG_DATA_DIRS', '/usr/share/ubuntu:/usr/local/share/:/usr/share/:/var/lib/snapd/desktop'), ('PYTHONPATH', '/home/gong/onset_ws/install/onsetbot/lib/python3.10/site-packages:/home/gong/onset_ws/install/onset_interfaces/local/lib/python3.10/dist-packages:/home/gong/onset_ws/install/odrive_can/local/lib/python3.10/dist-packages:/opt/ros/humble/lib/python3.10/site-packages:/opt/ros/humble/local/lib/python3.10/dist-packages'), ('COLCON', '1'), ('VTE_VERSION', '6800'), ('CMAKE_PREFIX_PATH', '/home/gong/onset_ws/install/onset_interfaces:/home/gong/onset_ws/install/odrive_botwheel_explorer:/home/gong/onset_ws/install/odrive_ros2_control:/home/gong/onset_ws/install/odrive_can:/home/gong/onset_ws/install/onsetbot:/opt/ros/humble')]), 'shell': False}
[0.604895] (odrive_can) StdoutLine: {'line': b'[ 31%] Built target odrive_can__rosidl_typesupport_fastrtps_c\n'}
[0.619345] (-) TimerEvent: {}
[0.690616] (odrive_can) StdoutLine: {'line': b'[ 41%] Built target odrive_can__rosidl_typesupport_fastrtps_cpp\n'}
[0.719513] (-) TimerEvent: {}
[0.762085] (odrive_can) StdoutLine: {'line': b'[ 51%] Built target odrive_can__rosidl_typesupport_introspection_c\n'}
[0.790403] (odrive_can) StdoutLine: {'line': b'[ 61%] Built target odrive_can__rosidl_typesupport_c\n'}
[0.824669] (-) TimerEvent: {}
[0.918714] (onset_interfaces) StdoutLine: {'line': b'[  1%] Built target onset_interfaces__cpp\n'}
[0.924895] (-) TimerEvent: {}
[0.943290] (onset_interfaces) StdoutLine: {'line': b'[ 12%] Built target onset_interfaces__rosidl_generator_c\n'}
[0.945479] (odrive_can) StdoutLine: {'line': b'[ 71%] Built target odrive_can__rosidl_typesupport_introspection_cpp\n'}
[1.025268] (-) TimerEvent: {}
[1.105328] (onset_interfaces) StdoutLine: {'line': b'[ 23%] Built target onset_interfaces__rosidl_typesupport_cpp\n'}
[1.123365] (onset_interfaces) StdoutLine: {'line': b'[ 23%] Built target ament_cmake_python_copy_onset_interfaces\n'}
[1.129973] (-) TimerEvent: {}
[1.173648] (odrive_can) StdoutLine: {'line': b'[ 80%] Built target odrive_can_node\n'}
[1.231240] (-) TimerEvent: {}
[1.281956] (onset_interfaces) StdoutLine: {'line': b'[ 34%] Built target onset_interfaces__rosidl_typesupport_introspection_c\n'}
[1.300207] (odrive_can) StdoutLine: {'line': b'[ 80%] Built target odrive_can\n'}
[1.300387] (onset_interfaces) StdoutLine: {'line': b'[ 46%] Built target onset_interfaces__rosidl_typesupport_fastrtps_c\n'}
[1.331684] (-) TimerEvent: {}
[1.435502] (-) TimerEvent: {}
[1.449431] (onset_interfaces) StdoutLine: {'line': b'[ 57%] Built target onset_interfaces__rosidl_typesupport_c\n'}
[1.452839] (odrive_can) StdoutLine: {'line': b'[ 81%] Built target odrive_can__py\n'}
[1.456142] (onset_interfaces) StdoutLine: {'line': b'[ 68%] Built target onset_interfaces__rosidl_typesupport_fastrtps_cpp\n'}
[1.535740] (-) TimerEvent: {}
[1.609796] (odrive_can) StdoutLine: {'line': b'[ 90%] Built target odrive_can__rosidl_generator_py\n'}
[1.629676] (onset_interfaces) StdoutLine: {'line': b'[ 79%] Built target onset_interfaces__rosidl_typesupport_introspection_cpp\n'}
[1.636419] (-) TimerEvent: {}
[1.739284] (-) TimerEvent: {}
[1.800338] (onset_interfaces) StdoutLine: {'line': b'[ 79%] Built target onset_interfaces\n'}
[1.830009] (odrive_can) StdoutLine: {'line': b'[ 93%] Built target odrive_can__rosidl_typesupport_fastrtps_c__pyext\n'}
[1.841326] (-) TimerEvent: {}
[1.944428] (-) TimerEvent: {}
[1.963835] (onset_interfaces) StdoutLine: {'line': b'[ 80%] Built target onset_interfaces__py\n'}
[2.022271] (odrive_can) StdoutLine: {'line': b'[ 96%] Built target odrive_can__rosidl_typesupport_introspection_c__pyext\n'}
[2.048252] (-) TimerEvent: {}
[2.154371] (-) TimerEvent: {}
[2.154692] (onset_interfaces) StdoutLine: {'line': b'[ 90%] Built target onset_interfaces__rosidl_generator_py\n'}
[2.192474] (odrive_can) StdoutLine: {'line': b'running egg_info\n'}
[2.193440] (odrive_can) StdoutLine: {'line': b'[100%] Built target odrive_can__rosidl_typesupport_c__pyext\n'}
[2.195199] (odrive_can) StdoutLine: {'line': b'writing odrive_can.egg-info/PKG-INFO\n'}
[2.196791] (odrive_can) StdoutLine: {'line': b'writing dependency_links to odrive_can.egg-info/dependency_links.txt\n'}
[2.198654] (odrive_can) StdoutLine: {'line': b'writing top-level names to odrive_can.egg-info/top_level.txt\n'}
[2.213715] (odrive_can) StdoutLine: {'line': b"reading manifest file 'odrive_can.egg-info/SOURCES.txt'\n"}
[2.221174] (odrive_can) StdoutLine: {'line': b"writing manifest file 'odrive_can.egg-info/SOURCES.txt'\n"}
[2.254831] (-) TimerEvent: {}
[2.328679] (onset_interfaces) StdoutLine: {'line': b'[ 93%] Built target onset_interfaces__rosidl_typesupport_fastrtps_c__pyext\n'}
[2.339169] (odrive_can) StdoutLine: {'line': b'[100%] Built target ament_cmake_python_build_odrive_can_egg\n'}
[2.356397] (-) TimerEvent: {}
[2.395067] (odrive_can) CommandEnded: {'returncode': 0}
[2.399936] (odrive_can) JobProgress: {'identifier': 'odrive_can', 'progress': 'install'}
[2.400054] (odrive_can) Command: {'cmd': ['/usr/bin/cmake', '--install', '/home/gong/onset_ws/build/odrive_can'], 'cwd': '/home/gong/onset_ws/build/odrive_can', 'env': OrderedDict([('LESSOPEN', '| /usr/bin/lesspipe %s'), ('LANGUAGE', 'en_CA:en'), ('USER', 'gong'), ('XDG_SESSION_TYPE', 'wayland'), ('SHLVL', '1'), ('LD_LIBRARY_PATH', '/home/gong/onset_ws/install/onset_interfaces/lib:/home/gong/onset_ws/install/odrive_ros2_control/lib:/home/gong/onset_ws/install/odrive_can/lib:/usr/lib/x86_64-linux-gnu/gazebo-11/plugins:/opt/ros/humble/opt/rviz_ogre_vendor/lib:/opt/ros/humble/lib/x86_64-linux-gnu:/opt/ros/humble/lib'), ('HOME', '/home/gong'), ('OLDPWD', '/home/gong/onset_ws/src/onsetbot'), ('DESKTOP_SESSION', 'ubuntu'), ('ROS_PYTHON_VERSION', '3'), ('GNOME_SHELL_SESSION_MODE', 'ubuntu'), ('GTK_MODULES', 'gail:atk-bridge'), ('SYSTEMD_EXEC_PID', '2256'), ('DBUS_SESSION_BUS_ADDRESS', 'unix:path=/run/user/1000/bus'), ('COLORTERM', 'truecolor'), ('IM_CONFIG_PHASE', '1'), ('WAYLAND_DISPLAY', 'wayland-0'), ('COLCON_PREFIX_PATH', '/home/gong/onset_ws/install'), ('ROS_DISTRO', 'humble'), ('LOGNAME', 'gong'), ('_', '/usr/bin/colcon'), ('ROS_VERSION', '2'), ('XDG_SESSION_CLASS', 'user'), ('USERNAME', 'gong'), ('TERM', 'xterm-256color'), ('GNOME_DESKTOP_SESSION_ID', 'this-is-deprecated'), ('ROS_LOCALHOST_ONLY', '0'), ('PATH', '/opt/ros/humble/bin:/home/gong/.local/bin:/usr/local/sbin:/usr/local/bin:/usr/sbin:/usr/bin:/sbin:/bin:/usr/games:/usr/local/games:/snap/bin:/snap/bin'), ('SESSION_MANAGER', 'local/gong-virtual-machine:@/tmp/.ICE-unix/1641,unix/gong-virtual-machine:/tmp/.ICE-unix/1641'), ('XDG_MENU_PREFIX', 'gnome-'), ('GNOME_TERMINAL_SCREEN', '/org/gnome/Terminal/screen/99195c75_78d1_482e_8bfc_fd6d9a4ec101'), ('GNOME_SETUP_DISPLAY', ':1'), ('XDG_RUNTIME_DIR', '/run/user/1000'), ('DISPLAY', ':0'), ('LANG', 'en_US.UTF-8'), ('XDG_CURRENT_DESKTOP', 'ubuntu:GNOME'), ('XMODIFIERS', '@im=ibus'), ('XDG_SESSION_DESKTOP', 'ubuntu'), ('XAUTHORITY', '/run/user/1000/.mutter-Xwaylandauth.V6J5L3'), ('LS_COLORS', 'rs=0:di=01;34:ln=01;36:mh=00:pi=40;33:so=01;35:do=01;35:bd=40;33;01:cd=40;33;01:or=40;31;01:mi=00:su=37;41:sg=30;43:ca=30;41:tw=30;42:ow=34;42:st=37;44:ex=01;32:*.tar=01;31:*.tgz=01;31:*.arc=01;31:*.arj=01;31:*.taz=01;31:*.lha=01;31:*.lz4=01;31:*.lzh=01;31:*.lzma=01;31:*.tlz=01;31:*.txz=01;31:*.tzo=01;31:*.t7z=01;31:*.zip=01;31:*.z=01;31:*.dz=01;31:*.gz=01;31:*.lrz=01;31:*.lz=01;31:*.lzo=01;31:*.xz=01;31:*.zst=01;31:*.tzst=01;31:*.bz2=01;31:*.bz=01;31:*.tbz=01;31:*.tbz2=01;31:*.tz=01;31:*.deb=01;31:*.rpm=01;31:*.jar=01;31:*.war=01;31:*.ear=01;31:*.sar=01;31:*.rar=01;31:*.alz=01;31:*.ace=01;31:*.zoo=01;31:*.cpio=01;31:*.7z=01;31:*.rz=01;31:*.cab=01;31:*.wim=01;31:*.swm=01;31:*.dwm=01;31:*.esd=01;31:*.jpg=01;35:*.jpeg=01;35:*.mjpg=01;35:*.mjpeg=01;35:*.gif=01;35:*.bmp=01;35:*.pbm=01;35:*.pgm=01;35:*.ppm=01;35:*.tga=01;35:*.xbm=01;35:*.xpm=01;35:*.tif=01;35:*.tiff=01;35:*.png=01;35:*.svg=01;35:*.svgz=01;35:*.mng=01;35:*.pcx=01;35:*.mov=01;35:*.mpg=01;35:*.mpeg=01;35:*.m2v=01;35:*.mkv=01;35:*.webm=01;35:*.webp=01;35:*.ogm=01;35:*.mp4=01;35:*.m4v=01;35:*.mp4v=01;35:*.vob=01;35:*.qt=01;35:*.nuv=01;35:*.wmv=01;35:*.asf=01;35:*.rm=01;35:*.rmvb=01;35:*.flc=01;35:*.avi=01;35:*.fli=01;35:*.flv=01;35:*.gl=01;35:*.dl=01;35:*.xcf=01;35:*.xwd=01;35:*.yuv=01;35:*.cgm=01;35:*.emf=01;35:*.ogv=01;35:*.ogx=01;35:*.aac=00;36:*.au=00;36:*.flac=00;36:*.m4a=00;36:*.mid=00;36:*.midi=00;36:*.mka=00;36:*.mp3=00;36:*.mpc=00;36:*.ogg=00;36:*.ra=00;36:*.wav=00;36:*.oga=00;36:*.opus=00;36:*.spx=00;36:*.xspf=00;36:'), ('GNOME_TERMINAL_SERVICE', ':1.103'), ('SSH_AGENT_LAUNCHER', 'gnome-keyring'), ('SSH_AUTH_SOCK', '/run/user/1000/keyring/ssh'), ('ROS_DOMAIN_ID', '0'), ('AMENT_PREFIX_PATH', '/home/gong/onset_ws/install/onsetbot:/home/gong/onset_ws/install/onset_interfaces:/home/gong/onset_ws/install/odrive_botwheel_explorer:/home/gong/onset_ws/install/odrive_ros2_control:/home/gong/onset_ws/install/odrive_can:/opt/ros/humble'), ('SHELL', '/bin/bash'), ('QT_ACCESSIBILITY', '1'), ('GDMSESSION', 'ubuntu'), ('LESSCLOSE', '/usr/bin/lesspipe %s %s'), ('QT_IM_MODULE', 'ibus'), ('PWD', '/home/gong/onset_ws/build/odrive_can'), ('LC_ALL', 'en_US.UTF-8'), ('XDG_CONFIG_DIRS', '/etc/xdg/xdg-ubuntu:/etc/xdg'), ('XDG_DATA_DIRS', '/usr/share/ubuntu:/usr/local/share/:/usr/share/:/var/lib/snapd/desktop'), ('PYTHONPATH', '/home/gong/onset_ws/install/onsetbot/lib/python3.10/site-packages:/home/gong/onset_ws/install/onset_interfaces/local/lib/python3.10/dist-packages:/home/gong/onset_ws/install/odrive_can/local/lib/python3.10/dist-packages:/opt/ros/humble/lib/python3.10/site-packages:/opt/ros/humble/local/lib/python3.10/dist-packages'), ('COLCON', '1'), ('VTE_VERSION', '6800'), ('CMAKE_PREFIX_PATH', '/home/gong/onset_ws/install/onset_interfaces:/home/gong/onset_ws/install/odrive_botwheel_explorer:/home/gong/onset_ws/install/odrive_ros2_control:/home/gong/onset_ws/install/odrive_can:/home/gong/onset_ws/install/onsetbot:/opt/ros/humble')]), 'shell': False}
[2.431844] (odrive_can) StdoutLine: {'line': b'-- Install configuration: ""\n'}
[2.432012] (odrive_can) StdoutLine: {'line': b'-- Up-to-date: /home/gong/onset_ws/install/odrive_can/share/ament_index/resource_index/rosidl_interfaces/odrive_can\n'}
[2.432069] (odrive_can) StdoutLine: {'line': b'-- Up-to-date: /home/gong/onset_ws/install/odrive_can/include/odrive_can/odrive_can\n'}
[2.432116] (odrive_can) StdoutLine: {'line': b'-- Up-to-date: /home/gong/onset_ws/install/odrive_can/include/odrive_can/odrive_can/msg\n'}
[2.432200] (odrive_can) StdoutLine: {'line': b'-- Up-to-date: /home/gong/onset_ws/install/odrive_can/include/odrive_can/odrive_can/msg/controller_status.h\n'}
[2.432252] (odrive_can) StdoutLine: {'line': b'-- Up-to-date: /home/gong/onset_ws/install/odrive_can/include/odrive_can/odrive_can/msg/detail\n'}
[2.432345] (odrive_can) StdoutLine: {'line': b'-- Up-to-date: /home/gong/onset_ws/install/odrive_can/include/odrive_can/odrive_can/msg/detail/control_message__functions.h\n'}
[2.432491] (odrive_can) StdoutLine: {'line': b'-- Up-to-date: /home/gong/onset_ws/install/odrive_can/include/odrive_can/odrive_can/msg/detail/controller_status__functions.h\n'}
[2.432729] (odrive_can) StdoutLine: {'line': b'-- Up-to-date: /home/gong/onset_ws/install/odrive_can/include/odrive_can/odrive_can/msg/detail/o_drive_status__type_support.h\n'}
[2.434272] (odrive_can) StdoutLine: {'line': b'-- Up-to-date: /home/gong/onset_ws/install/odrive_can/include/odrive_can/odrive_can/msg/detail/o_drive_status__functions.c\n'}
[2.434447] (odrive_can) StdoutLine: {'line': b'-- Up-to-date: /home/gong/onset_ws/install/odrive_can/include/odrive_can/odrive_can/msg/detail/controller_status__functions.c\n'}
[2.434611] (odrive_can) StdoutLine: {'line': b'-- Up-to-date: /home/gong/onset_ws/install/odrive_can/include/odrive_can/odrive_can/msg/detail/control_message__type_support.h\n'}
[2.435007] (odrive_can) StdoutLine: {'line': b'-- Up-to-date: /home/gong/onset_ws/install/odrive_can/include/odrive_can/odrive_can/msg/detail/o_drive_status__functions.h\n'}
[2.435073] (odrive_can) StdoutLine: {'line': b'-- Up-to-date: /home/gong/onset_ws/install/odrive_can/include/odrive_can/odrive_can/msg/detail/controller_status__type_support.h\n'}
[2.435122] (odrive_can) StdoutLine: {'line': b'-- Up-to-date: /home/gong/onset_ws/install/odrive_can/include/odrive_can/odrive_can/msg/detail/control_message__struct.h\n'}
[2.435256] (odrive_can) StdoutLine: {'line': b'-- Up-to-date: /home/gong/onset_ws/install/odrive_can/include/odrive_can/odrive_can/msg/detail/o_drive_status__struct.h\n'}
[2.435319] (odrive_can) StdoutLine: {'line': b'-- Up-to-date: /home/gong/onset_ws/install/odrive_can/include/odrive_can/odrive_can/msg/detail/controller_status__struct.h\n'}
[2.435377] (odrive_can) StdoutLine: {'line': b'-- Up-to-date: /home/gong/onset_ws/install/odrive_can/include/odrive_can/odrive_can/msg/detail/control_message__functions.c\n'}
[2.435422] (odrive_can) StdoutLine: {'line': b'-- Up-to-date: /home/gong/onset_ws/install/odrive_can/include/odrive_can/odrive_can/msg/control_message.h\n'}
[2.435702] (odrive_can) StdoutLine: {'line': b'-- Up-to-date: /home/gong/onset_ws/install/odrive_can/include/odrive_can/odrive_can/msg/rosidl_generator_c__visibility_control.h\n'}
[2.435768] (odrive_can) StdoutLine: {'line': b'-- Up-to-date: /home/gong/onset_ws/install/odrive_can/include/odrive_can/odrive_can/msg/o_drive_status.h\n'}
[2.435815] (odrive_can) StdoutLine: {'line': b'-- Up-to-date: /home/gong/onset_ws/install/odrive_can/include/odrive_can/odrive_can/srv\n'}
[2.435857] (odrive_can) StdoutLine: {'line': b'-- Up-to-date: /home/gong/onset_ws/install/odrive_can/include/odrive_can/odrive_can/srv/detail\n'}
[2.436017] (odrive_can) StdoutLine: {'line': b'-- Up-to-date: /home/gong/onset_ws/install/odrive_can/include/odrive_can/odrive_can/srv/detail/axis_state__struct.h\n'}
[2.436078] (odrive_can) StdoutLine: {'line': b'-- Up-to-date: /home/gong/onset_ws/install/odrive_can/include/odrive_can/odrive_can/srv/detail/axis_state__type_support.h\n'}
[2.436518] (odrive_can) StdoutLine: {'line': b'-- Up-to-date: /home/gong/onset_ws/install/odrive_can/include/odrive_can/odrive_can/srv/detail/axis_state__functions.h\n'}
[2.436967] (odrive_can) StdoutLine: {'line': b'-- Up-to-date: /home/gong/onset_ws/install/odrive_can/include/odrive_can/odrive_can/srv/detail/axis_state__functions.c\n'}
[2.439762] (odrive_can) StdoutLine: {'line': b'-- Up-to-date: /home/gong/onset_ws/install/odrive_can/include/odrive_can/odrive_can/srv/axis_state.h\n'}
[2.439863] (odrive_can) StdoutLine: {'line': b'-- Up-to-date: /home/gong/onset_ws/install/odrive_can/share/odrive_can/environment/library_path.sh\n'}
[2.439917] (odrive_can) StdoutLine: {'line': b'-- Up-to-date: /home/gong/onset_ws/install/odrive_can/share/odrive_can/environment/library_path.dsv\n'}
[2.439964] (odrive_can) StdoutLine: {'line': b'-- Up-to-date: /home/gong/onset_ws/install/odrive_can/lib/libodrive_can__rosidl_generator_c.so\n'}
[2.440124] (odrive_can) StdoutLine: {'line': b'-- Up-to-date: /home/gong/onset_ws/install/odrive_can/include/odrive_can/odrive_can\n'}
[2.440276] (odrive_can) StdoutLine: {'line': b'-- Up-to-date: /home/gong/onset_ws/install/odrive_can/include/odrive_can/odrive_can/msg\n'}
[2.440328] (odrive_can) StdoutLine: {'line': b'-- Up-to-date: /home/gong/onset_ws/install/odrive_can/include/odrive_can/odrive_can/msg/detail\n'}
[2.440373] (odrive_can) StdoutLine: {'line': b'-- Up-to-date: /home/gong/onset_ws/install/odrive_can/include/odrive_can/odrive_can/msg/detail/controller_status__rosidl_typesupport_fastrtps_c.h\n'}
[2.440419] (odrive_can) StdoutLine: {'line': b'-- Up-to-date: /home/gong/onset_ws/install/odrive_can/include/odrive_can/odrive_can/msg/detail/control_message__rosidl_typesupport_fastrtps_c.h\n'}
[2.440473] (odrive_can) StdoutLine: {'line': b'-- Up-to-date: /home/gong/onset_ws/install/odrive_can/include/odrive_can/odrive_can/msg/detail/o_drive_status__rosidl_typesupport_fastrtps_c.h\n'}
[2.440516] (odrive_can) StdoutLine: {'line': b'-- Up-to-date: /home/gong/onset_ws/install/odrive_can/include/odrive_can/odrive_can/msg/rosidl_typesupport_fastrtps_c__visibility_control.h\n'}
[2.440563] (odrive_can) StdoutLine: {'line': b'-- Up-to-date: /home/gong/onset_ws/install/odrive_can/include/odrive_can/odrive_can/srv\n'}
[2.440605] (odrive_can) StdoutLine: {'line': b'-- Up-to-date: /home/gong/onset_ws/install/odrive_can/include/odrive_can/odrive_can/srv/detail\n'}
[2.443623] (odrive_can) StdoutLine: {'line': b'-- Up-to-date: /home/gong/onset_ws/install/odrive_can/include/odrive_can/odrive_can/srv/detail/axis_state__rosidl_typesupport_fastrtps_c.h\n'}
[2.443740] (odrive_can) StdoutLine: {'line': b'-- Up-to-date: /home/gong/onset_ws/install/odrive_can/lib/libodrive_can__rosidl_typesupport_fastrtps_c.so\n'}
[2.443797] (odrive_can) StdoutLine: {'line': b'-- Up-to-date: /home/gong/onset_ws/install/odrive_can/include/odrive_can/odrive_can\n'}
[2.443847] (odrive_can) StdoutLine: {'line': b'-- Up-to-date: /home/gong/onset_ws/install/odrive_can/include/odrive_can/odrive_can/msg\n'}
[2.443899] (odrive_can) StdoutLine: {'line': b'-- Up-to-date: /home/gong/onset_ws/install/odrive_can/include/odrive_can/odrive_can/msg/control_message.hpp\n'}
[2.443946] (odrive_can) StdoutLine: {'line': b'-- Up-to-date: /home/gong/onset_ws/install/odrive_can/include/odrive_can/odrive_can/msg/rosidl_generator_cpp__visibility_control.hpp\n'}
[2.444041] (odrive_can) StdoutLine: {'line': b'-- Up-to-date: /home/gong/onset_ws/install/odrive_can/include/odrive_can/odrive_can/msg/o_drive_status.hpp\n'}
[2.444105] (odrive_can) StdoutLine: {'line': b'-- Up-to-date: /home/gong/onset_ws/install/odrive_can/include/odrive_can/odrive_can/msg/detail\n'}
[2.444153] (odrive_can) StdoutLine: {'line': b'-- Up-to-date: /home/gong/onset_ws/install/odrive_can/include/odrive_can/odrive_can/msg/detail/control_message__type_support.hpp\n'}
[2.444285] (odrive_can) StdoutLine: {'line': b'-- Up-to-date: /home/gong/onset_ws/install/odrive_can/include/odrive_can/odrive_can/msg/detail/controller_status__builder.hpp\n'}
[2.444344] (odrive_can) StdoutLine: {'line': b'-- Up-to-date: /home/gong/onset_ws/install/odrive_can/include/odrive_can/odrive_can/msg/detail/controller_status__struct.hpp\n'}
[2.444409] (odrive_can) StdoutLine: {'line': b'-- Up-to-date: /home/gong/onset_ws/install/odrive_can/include/odrive_can/odrive_can/msg/detail/o_drive_status__builder.hpp\n'}
[2.444455] (odrive_can) StdoutLine: {'line': b'-- Up-to-date: /home/gong/onset_ws/install/odrive_can/include/odrive_can/odrive_can/msg/detail/controller_status__type_support.hpp\n'}
[2.444498] (odrive_can) StdoutLine: {'line': b'-- Up-to-date: /home/gong/onset_ws/install/odrive_can/include/odrive_can/odrive_can/msg/detail/o_drive_status__traits.hpp\n'}
[2.444539] (odrive_can) StdoutLine: {'line': b'-- Up-to-date: /home/gong/onset_ws/install/odrive_can/include/odrive_can/odrive_can/msg/detail/control_message__builder.hpp\n'}
[2.444580] (odrive_can) StdoutLine: {'line': b'-- Up-to-date: /home/gong/onset_ws/install/odrive_can/include/odrive_can/odrive_can/msg/detail/controller_status__traits.hpp\n'}
[2.444621] (odrive_can) StdoutLine: {'line': b'-- Up-to-date: /home/gong/onset_ws/install/odrive_can/include/odrive_can/odrive_can/msg/detail/o_drive_status__struct.hpp\n'}
[2.446969] (odrive_can) StdoutLine: {'line': b'-- Up-to-date: /home/gong/onset_ws/install/odrive_can/include/odrive_can/odrive_can/msg/detail/control_message__struct.hpp\n'}
[2.447064] (odrive_can) StdoutLine: {'line': b'-- Up-to-date: /home/gong/onset_ws/install/odrive_can/include/odrive_can/odrive_can/msg/detail/control_message__traits.hpp\n'}
[2.447117] (odrive_can) StdoutLine: {'line': b'-- Up-to-date: /home/gong/onset_ws/install/odrive_can/include/odrive_can/odrive_can/msg/detail/o_drive_status__type_support.hpp\n'}
[2.447176] (odrive_can) StdoutLine: {'line': b'-- Up-to-date: /home/gong/onset_ws/install/odrive_can/include/odrive_can/odrive_can/msg/controller_status.hpp\n'}
[2.447223] (odrive_can) StdoutLine: {'line': b'-- Up-to-date: /home/gong/onset_ws/install/odrive_can/include/odrive_can/odrive_can/srv\n'}
[2.449472] (odrive_can) StdoutLine: {'line': b'-- Up-to-date: /home/gong/onset_ws/install/odrive_can/include/odrive_can/odrive_can/srv/detail\n'}
[2.449561] (odrive_can) StdoutLine: {'line': b'-- Up-to-date: /home/gong/onset_ws/install/odrive_can/include/odrive_can/odrive_can/srv/detail/axis_state__builder.hpp\n'}
[2.449615] (odrive_can) StdoutLine: {'line': b'-- Up-to-date: /home/gong/onset_ws/install/odrive_can/include/odrive_can/odrive_can/srv/detail/axis_state__struct.hpp\n'}
[2.449723] (odrive_can) StdoutLine: {'line': b'-- Up-to-date: /home/gong/onset_ws/install/odrive_can/include/odrive_can/odrive_can/srv/detail/axis_state__traits.hpp\n'}
[2.449798] (odrive_can) StdoutLine: {'line': b'-- Up-to-date: /home/gong/onset_ws/install/odrive_can/include/odrive_can/odrive_can/srv/detail/axis_state__type_support.hpp\n'}
[2.450238] (odrive_can) StdoutLine: {'line': b'-- Up-to-date: /home/gong/onset_ws/install/odrive_can/include/odrive_can/odrive_can/srv/axis_state.hpp\n'}
[2.450298] (odrive_can) StdoutLine: {'line': b'-- Up-to-date: /home/gong/onset_ws/install/odrive_can/include/odrive_can/odrive_can\n'}
[2.450346] (odrive_can) StdoutLine: {'line': b'-- Up-to-date: /home/gong/onset_ws/install/odrive_can/include/odrive_can/odrive_can/msg\n'}
[2.450389] (odrive_can) StdoutLine: {'line': b'-- Up-to-date: /home/gong/onset_ws/install/odrive_can/include/odrive_can/odrive_can/msg/detail\n'}
[2.450431] (odrive_can) StdoutLine: {'line': b'-- Up-to-date: /home/gong/onset_ws/install/odrive_can/include/odrive_can/odrive_can/msg/detail/o_drive_status__rosidl_typesupport_fastrtps_cpp.hpp\n'}
[2.450474] (odrive_can) StdoutLine: {'line': b'-- Up-to-date: /home/gong/onset_ws/install/odrive_can/include/odrive_can/odrive_can/msg/detail/controller_status__rosidl_typesupport_fastrtps_cpp.hpp\n'}
[2.450516] (odrive_can) StdoutLine: {'line': b'-- Up-to-date: /home/gong/onset_ws/install/odrive_can/include/odrive_can/odrive_can/msg/detail/dds_fastrtps\n'}
[2.450557] (odrive_can) StdoutLine: {'line': b'-- Up-to-date: /home/gong/onset_ws/install/odrive_can/include/odrive_can/odrive_can/msg/detail/control_message__rosidl_typesupport_fastrtps_cpp.hpp\n'}
[2.450598] (odrive_can) StdoutLine: {'line': b'-- Up-to-date: /home/gong/onset_ws/install/odrive_can/include/odrive_can/odrive_can/msg/rosidl_typesupport_fastrtps_cpp__visibility_control.h\n'}
[2.450638] (odrive_can) StdoutLine: {'line': b'-- Up-to-date: /home/gong/onset_ws/install/odrive_can/include/odrive_can/odrive_can/srv\n'}
[2.450678] (odrive_can) StdoutLine: {'line': b'-- Up-to-date: /home/gong/onset_ws/install/odrive_can/include/odrive_can/odrive_can/srv/detail\n'}
[2.450717] (odrive_can) StdoutLine: {'line': b'-- Up-to-date: /home/gong/onset_ws/install/odrive_can/include/odrive_can/odrive_can/srv/detail/axis_state__rosidl_typesupport_fastrtps_cpp.hpp\n'}
[2.450756] (odrive_can) StdoutLine: {'line': b'-- Up-to-date: /home/gong/onset_ws/install/odrive_can/include/odrive_can/odrive_can/srv/detail/dds_fastrtps\n'}
[2.450796] (odrive_can) StdoutLine: {'line': b'-- Up-to-date: /home/gong/onset_ws/install/odrive_can/lib/libodrive_can__rosidl_typesupport_fastrtps_cpp.so\n'}
[2.450835] (odrive_can) StdoutLine: {'line': b'-- Up-to-date: /home/gong/onset_ws/install/odrive_can/include/odrive_can/odrive_can\n'}
[2.451668] (odrive_can) StdoutLine: {'line': b'-- Up-to-date: /home/gong/onset_ws/install/odrive_can/include/odrive_can/odrive_can/msg\n'}
[2.451736] (odrive_can) StdoutLine: {'line': b'-- Up-to-date: /home/gong/onset_ws/install/odrive_can/include/odrive_can/odrive_can/msg/detail\n'}
[2.451918] (odrive_can) StdoutLine: {'line': b'-- Up-to-date: /home/gong/onset_ws/install/odrive_can/include/odrive_can/odrive_can/msg/detail/o_drive_status__rosidl_typesupport_introspection_c.h\n'}
[2.452008] (odrive_can) StdoutLine: {'line': b'-- Up-to-date: /home/gong/onset_ws/install/odrive_can/include/odrive_can/odrive_can/msg/detail/controller_status__type_support.c\n'}
[2.452067] (odrive_can) StdoutLine: {'line': b'-- Up-to-date: /home/gong/onset_ws/install/odrive_can/include/odrive_can/odrive_can/msg/detail/controller_status__rosidl_typesupport_introspection_c.h\n'}
[2.452119] (odrive_can) StdoutLine: {'line': b'-- Up-to-date: /home/gong/onset_ws/install/odrive_can/include/odrive_can/odrive_can/msg/detail/control_message__type_support.c\n'}
[2.452161] (odrive_can) StdoutLine: {'line': b'-- Up-to-date: /home/gong/onset_ws/install/odrive_can/include/odrive_can/odrive_can/msg/detail/control_message__rosidl_typesupport_introspection_c.h\n'}
[2.452201] (odrive_can) StdoutLine: {'line': b'-- Up-to-date: /home/gong/onset_ws/install/odrive_can/include/odrive_can/odrive_can/msg/detail/o_drive_status__type_support.c\n'}
[2.452265] (odrive_can) StdoutLine: {'line': b'-- Up-to-date: /home/gong/onset_ws/install/odrive_can/include/odrive_can/odrive_can/msg/rosidl_typesupport_introspection_c__visibility_control.h\n'}
[2.452312] (odrive_can) StdoutLine: {'line': b'-- Up-to-date: /home/gong/onset_ws/install/odrive_can/include/odrive_can/odrive_can/srv\n'}
[2.452355] (odrive_can) StdoutLine: {'line': b'-- Up-to-date: /home/gong/onset_ws/install/odrive_can/include/odrive_can/odrive_can/srv/detail\n'}
[2.455041] (odrive_can) StdoutLine: {'line': b'-- Up-to-date: /home/gong/onset_ws/install/odrive_can/include/odrive_can/odrive_can/srv/detail/axis_state__rosidl_typesupport_introspection_c.h\n'}
[2.455230] (odrive_can) StdoutLine: {'line': b'-- Up-to-date: /home/gong/onset_ws/install/odrive_can/include/odrive_can/odrive_can/srv/detail/axis_state__type_support.c\n'}
[2.455288] (odrive_can) StdoutLine: {'line': b'-- Up-to-date: /home/gong/onset_ws/install/odrive_can/lib/libodrive_can__rosidl_typesupport_introspection_c.so\n'}
[2.455335] (odrive_can) StdoutLine: {'line': b'-- Up-to-date: /home/gong/onset_ws/install/odrive_can/lib/libodrive_can__rosidl_typesupport_c.so\n'}
[2.455396] (odrive_can) StdoutLine: {'line': b'-- Up-to-date: /home/gong/onset_ws/install/odrive_can/include/odrive_can/odrive_can\n'}
[2.455440] (odrive_can) StdoutLine: {'line': b'-- Up-to-date: /home/gong/onset_ws/install/odrive_can/include/odrive_can/odrive_can/msg\n'}
[2.456116] (odrive_can) StdoutLine: {'line': b'-- Up-to-date: /home/gong/onset_ws/install/odrive_can/include/odrive_can/odrive_can/msg/detail\n'}
[2.456264] (odrive_can) StdoutLine: {'line': b'-- Up-to-date: /home/gong/onset_ws/install/odrive_can/include/odrive_can/odrive_can/msg/detail/o_drive_status__rosidl_typesupport_introspection_cpp.hpp\n'}
[2.456465] (-) TimerEvent: {}
[2.456779] (odrive_can) StdoutLine: {'line': b'-- Up-to-date: /home/gong/onset_ws/install/odrive_can/include/odrive_can/odrive_can/msg/detail/controller_status__rosidl_typesupport_introspection_cpp.hpp\n'}
[2.464433] (onset_interfaces) StdoutLine: {'line': b'[ 96%] Built target onset_interfaces__rosidl_typesupport_introspection_c__pyext\n'}
[2.464610] (odrive_can) StdoutLine: {'line': b'-- Up-to-date: /home/gong/onset_ws/install/odrive_can/include/odrive_can/odrive_can/msg/detail/o_drive_status__type_support.cpp\n'}
[2.464679] (odrive_can) StdoutLine: {'line': b'-- Up-to-date: /home/gong/onset_ws/install/odrive_can/include/odrive_can/odrive_can/msg/detail/control_message__rosidl_typesupport_introspection_cpp.hpp\n'}
[2.464732] (odrive_can) StdoutLine: {'line': b'-- Up-to-date: /home/gong/onset_ws/install/odrive_can/include/odrive_can/odrive_can/msg/detail/control_message__type_support.cpp\n'}
[2.464777] (odrive_can) StdoutLine: {'line': b'-- Up-to-date: /home/gong/onset_ws/install/odrive_can/include/odrive_can/odrive_can/msg/detail/controller_status__type_support.cpp\n'}
[2.464822] (odrive_can) StdoutLine: {'line': b'-- Up-to-date: /home/gong/onset_ws/install/odrive_can/include/odrive_can/odrive_can/srv\n'}
[2.464863] (odrive_can) StdoutLine: {'line': b'-- Up-to-date: /home/gong/onset_ws/install/odrive_can/include/odrive_can/odrive_can/srv/detail\n'}
[2.464920] (odrive_can) StdoutLine: {'line': b'-- Up-to-date: /home/gong/onset_ws/install/odrive_can/include/odrive_can/odrive_can/srv/detail/axis_state__type_support.cpp\n'}
[2.464963] (odrive_can) StdoutLine: {'line': b'-- Up-to-date: /home/gong/onset_ws/install/odrive_can/include/odrive_can/odrive_can/srv/detail/axis_state__rosidl_typesupport_introspection_cpp.hpp\n'}
[2.465005] (odrive_can) StdoutLine: {'line': b'-- Up-to-date: /home/gong/onset_ws/install/odrive_can/lib/libodrive_can__rosidl_typesupport_introspection_cpp.so\n'}
[2.465052] (odrive_can) StdoutLine: {'line': b'-- Up-to-date: /home/gong/onset_ws/install/odrive_can/lib/libodrive_can__rosidl_typesupport_cpp.so\n'}
[2.465094] (odrive_can) StdoutLine: {'line': b'-- Up-to-date: /home/gong/onset_ws/install/odrive_can/share/odrive_can/environment/pythonpath.sh\n'}
[2.465205] (odrive_can) StdoutLine: {'line': b'-- Up-to-date: /home/gong/onset_ws/install/odrive_can/share/odrive_can/environment/pythonpath.dsv\n'}
[2.465273] (odrive_can) StdoutLine: {'line': b'-- Up-to-date: /home/gong/onset_ws/install/odrive_can/local/lib/python3.10/dist-packages/odrive_can-0.0.1-py3.10.egg-info\n'}
[2.465547] (odrive_can) StdoutLine: {'line': b'-- Installing: /home/gong/onset_ws/install/odrive_can/local/lib/python3.10/dist-packages/odrive_can-0.0.1-py3.10.egg-info/SOURCES.txt\n'}
[2.466655] (odrive_can) StdoutLine: {'line': b'-- Installing: /home/gong/onset_ws/install/odrive_can/local/lib/python3.10/dist-packages/odrive_can-0.0.1-py3.10.egg-info/top_level.txt\n'}
[2.467849] (odrive_can) StdoutLine: {'line': b'-- Installing: /home/gong/onset_ws/install/odrive_can/local/lib/python3.10/dist-packages/odrive_can-0.0.1-py3.10.egg-info/dependency_links.txt\n'}
[2.473428] (odrive_can) StdoutLine: {'line': b'-- Installing: /home/gong/onset_ws/install/odrive_can/local/lib/python3.10/dist-packages/odrive_can-0.0.1-py3.10.egg-info/PKG-INFO\n'}
[2.473698] (odrive_can) StdoutLine: {'line': b'-- Up-to-date: /home/gong/onset_ws/install/odrive_can/local/lib/python3.10/dist-packages/odrive_can\n'}
[2.473896] (odrive_can) StdoutLine: {'line': b'-- Up-to-date: /home/gong/onset_ws/install/odrive_can/local/lib/python3.10/dist-packages/odrive_can/odrive_can_s__rosidl_typesupport_fastrtps_c.cpython-310-x86_64-linux-gnu.so\n'}
[2.474518] (odrive_can) StdoutLine: {'line': b'-- Up-to-date: /home/gong/onset_ws/install/odrive_can/local/lib/python3.10/dist-packages/odrive_can/_odrive_can_s.ep.rosidl_typesupport_introspection_c.c\n'}
[2.477479] (odrive_can) StdoutLine: {'line': b'-- Up-to-date: /home/gong/onset_ws/install/odrive_can/local/lib/python3.10/dist-packages/odrive_can/__init__.py\n'}
[2.477628] (odrive_can) StdoutLine: {'line': b'-- Up-to-date: /home/gong/onset_ws/install/odrive_can/local/lib/python3.10/dist-packages/odrive_can/odrive_can_s__rosidl_typesupport_introspection_c.cpython-310-x86_64-linux-gnu.so\n'}
[2.477684] (odrive_can) StdoutLine: {'line': b'-- Up-to-date: /home/gong/onset_ws/install/odrive_can/local/lib/python3.10/dist-packages/odrive_can/libodrive_can__rosidl_generator_py.so\n'}
[2.477730] (odrive_can) StdoutLine: {'line': b'-- Up-to-date: /home/gong/onset_ws/install/odrive_can/local/lib/python3.10/dist-packages/odrive_can/msg\n'}
[2.477773] (odrive_can) StdoutLine: {'line': b'-- Up-to-date: /home/gong/onset_ws/install/odrive_can/local/lib/python3.10/dist-packages/odrive_can/msg/_control_message_s.c\n'}
[2.477815] (odrive_can) StdoutLine: {'line': b'-- Up-to-date: /home/gong/onset_ws/install/odrive_can/local/lib/python3.10/dist-packages/odrive_can/msg/_controller_status.py\n'}
[2.477857] (odrive_can) StdoutLine: {'line': b'-- Up-to-date: /home/gong/onset_ws/install/odrive_can/local/lib/python3.10/dist-packages/odrive_can/msg/__init__.py\n'}
[2.477899] (odrive_can) StdoutLine: {'line': b'-- Up-to-date: /home/gong/onset_ws/install/odrive_can/local/lib/python3.10/dist-packages/odrive_can/msg/_o_drive_status.py\n'}
[2.477957] (odrive_can) StdoutLine: {'line': b'-- Up-to-date: /home/gong/onset_ws/install/odrive_can/local/lib/python3.10/dist-packages/odrive_can/msg/_controller_status_s.c\n'}
[2.478002] (odrive_can) StdoutLine: {'line': b'-- Up-to-date: /home/gong/onset_ws/install/odrive_can/local/lib/python3.10/dist-packages/odrive_can/msg/_control_message.py\n'}
[2.478132] (odrive_can) StdoutLine: {'line': b'-- Up-to-date: /home/gong/onset_ws/install/odrive_can/local/lib/python3.10/dist-packages/odrive_can/msg/_o_drive_status_s.c\n'}
[2.478186] (odrive_can) StdoutLine: {'line': b'-- Up-to-date: /home/gong/onset_ws/install/odrive_can/local/lib/python3.10/dist-packages/odrive_can/_odrive_can_s.ep.rosidl_typesupport_fastrtps_c.c\n'}
[2.478229] (odrive_can) StdoutLine: {'line': b'-- Up-to-date: /home/gong/onset_ws/install/odrive_can/local/lib/python3.10/dist-packages/odrive_can/odrive_can_s__rosidl_typesupport_c.cpython-310-x86_64-linux-gnu.so\n'}
[2.478270] (odrive_can) StdoutLine: {'line': b'-- Up-to-date: /home/gong/onset_ws/install/odrive_can/local/lib/python3.10/dist-packages/odrive_can/_odrive_can_s.ep.rosidl_typesupport_c.c\n'}
[2.478311] (odrive_can) StdoutLine: {'line': b'-- Up-to-date: /home/gong/onset_ws/install/odrive_can/local/lib/python3.10/dist-packages/odrive_can/srv\n'}
[2.478350] (odrive_can) StdoutLine: {'line': b'-- Up-to-date: /home/gong/onset_ws/install/odrive_can/local/lib/python3.10/dist-packages/odrive_can/srv/_axis_state_s.c\n'}
[2.478389] (odrive_can) StdoutLine: {'line': b'-- Up-to-date: /home/gong/onset_ws/install/odrive_can/local/lib/python3.10/dist-packages/odrive_can/srv/_axis_state.py\n'}
[2.479809] (odrive_can) StdoutLine: {'line': b'-- Up-to-date: /home/gong/onset_ws/install/odrive_can/local/lib/python3.10/dist-packages/odrive_can/srv/__init__.py\n'}
[2.558334] (-) TimerEvent: {}
[2.573172] (onset_interfaces) StdoutLine: {'line': b'[100%] Built target onset_interfaces__rosidl_typesupport_c__pyext\n'}
[2.624670] (onset_interfaces) StdoutLine: {'line': b'running egg_info\n'}
[2.625903] (onset_interfaces) StdoutLine: {'line': b'writing onset_interfaces.egg-info/PKG-INFO\n'}
[2.626583] (onset_interfaces) StdoutLine: {'line': b'writing dependency_links to onset_interfaces.egg-info/dependency_links.txt\n'}
[2.627541] (onset_interfaces) StdoutLine: {'line': b'writing top-level names to onset_interfaces.egg-info/top_level.txt\n'}
[2.631273] (onset_interfaces) StdoutLine: {'line': b"reading manifest file 'onset_interfaces.egg-info/SOURCES.txt'\n"}
[2.632074] (onset_interfaces) StdoutLine: {'line': b"writing manifest file 'onset_interfaces.egg-info/SOURCES.txt'\n"}
[2.642321] (odrive_can) StdoutLine: {'line': b"Listing '/home/gong/onset_ws/install/odrive_can/local/lib/python3.10/dist-packages/odrive_can'...\n"}
[2.642494] (odrive_can) StdoutLine: {'line': b"Listing '/home/gong/onset_ws/install/odrive_can/local/lib/python3.10/dist-packages/odrive_can/msg'...\n"}
[2.642553] (odrive_can) StdoutLine: {'line': b"Listing '/home/gong/onset_ws/install/odrive_can/local/lib/python3.10/dist-packages/odrive_can/srv'...\n"}
[2.658547] (-) TimerEvent: {}
[2.665209] (odrive_can) StdoutLine: {'line': b'-- Up-to-date: /home/gong/onset_ws/install/odrive_can/local/lib/python3.10/dist-packages/odrive_can/odrive_can_s__rosidl_typesupport_fastrtps_c.cpython-310-x86_64-linux-gnu.so\n'}
[2.665485] (odrive_can) StdoutLine: {'line': b'-- Up-to-date: /home/gong/onset_ws/install/odrive_can/local/lib/python3.10/dist-packages/odrive_can/odrive_can_s__rosidl_typesupport_introspection_c.cpython-310-x86_64-linux-gnu.so\n'}
[2.665941] (odrive_can) StdoutLine: {'line': b'-- Up-to-date: /home/gong/onset_ws/install/odrive_can/local/lib/python3.10/dist-packages/odrive_can/odrive_can_s__rosidl_typesupport_c.cpython-310-x86_64-linux-gnu.so\n'}
[2.666067] (odrive_can) StdoutLine: {'line': b'-- Up-to-date: /home/gong/onset_ws/install/odrive_can/lib/libodrive_can__rosidl_generator_py.so\n'}
[2.666185] (odrive_can) StdoutLine: {'line': b'-- Up-to-date: /home/gong/onset_ws/install/odrive_can/share/odrive_can/msg/ControlMessage.idl\n'}
[2.666299] (odrive_can) StdoutLine: {'line': b'-- Up-to-date: /home/gong/onset_ws/install/odrive_can/share/odrive_can/msg/ControllerStatus.idl\n'}
[2.668506] (odrive_can) StdoutLine: {'line': b'-- Up-to-date: /home/gong/onset_ws/install/odrive_can/share/odrive_can/msg/ODriveStatus.idl\n'}
[2.669403] (odrive_can) StdoutLine: {'line': b'-- Up-to-date: /home/gong/onset_ws/install/odrive_can/share/odrive_can/srv/AxisState.idl\n'}
[2.669474] (odrive_can) StdoutLine: {'line': b'-- Up-to-date: /home/gong/onset_ws/install/odrive_can/share/odrive_can/msg/ControlMessage.msg\n'}
[2.669525] (odrive_can) StdoutLine: {'line': b'-- Up-to-date: /home/gong/onset_ws/install/odrive_can/share/odrive_can/msg/ControllerStatus.msg\n'}
[2.669570] (odrive_can) StdoutLine: {'line': b'-- Up-to-date: /home/gong/onset_ws/install/odrive_can/share/odrive_can/msg/ODriveStatus.msg\n'}
[2.669613] (odrive_can) StdoutLine: {'line': b'-- Up-to-date: /home/gong/onset_ws/install/odrive_can/share/odrive_can/srv/AxisState.srv\n'}
[2.669654] (odrive_can) StdoutLine: {'line': b'-- Up-to-date: /home/gong/onset_ws/install/odrive_can/share/odrive_can/srv/AxisState_Request.msg\n'}
[2.669694] (odrive_can) StdoutLine: {'line': b'-- Up-to-date: /home/gong/onset_ws/install/odrive_can/share/odrive_can/srv/AxisState_Response.msg\n'}
[2.669733] (odrive_can) StdoutLine: {'line': b'-- Up-to-date: /home/gong/onset_ws/install/odrive_can/lib/odrive_can/odrive_can_node\n'}
[2.673310] (odrive_can) StdoutLine: {'line': b'-- Up-to-date: /home/gong/onset_ws/install/odrive_can/share/odrive_can/launch\n'}
[2.673642] (odrive_can) StdoutLine: {'line': b'-- Up-to-date: /home/gong/onset_ws/install/odrive_can/share/odrive_can/launch/example_launch.yaml\n'}
[2.673702] (odrive_can) StdoutLine: {'line': b'-- Up-to-date: /home/gong/onset_ws/install/odrive_can/share/ament_index/resource_index/package_run_dependencies/odrive_can\n'}
[2.673750] (odrive_can) StdoutLine: {'line': b'-- Up-to-date: /home/gong/onset_ws/install/odrive_can/share/ament_index/resource_index/parent_prefix_path/odrive_can\n'}
[2.673795] (odrive_can) StdoutLine: {'line': b'-- Up-to-date: /home/gong/onset_ws/install/odrive_can/share/odrive_can/environment/ament_prefix_path.sh\n'}
[2.673837] (odrive_can) StdoutLine: {'line': b'-- Up-to-date: /home/gong/onset_ws/install/odrive_can/share/odrive_can/environment/ament_prefix_path.dsv\n'}
[2.673882] (odrive_can) StdoutLine: {'line': b'-- Up-to-date: /home/gong/onset_ws/install/odrive_can/share/odrive_can/environment/path.sh\n'}
[2.673924] (odrive_can) StdoutLine: {'line': b'-- Up-to-date: /home/gong/onset_ws/install/odrive_can/share/odrive_can/environment/path.dsv\n'}
[2.673972] (odrive_can) StdoutLine: {'line': b'-- Up-to-date: /home/gong/onset_ws/install/odrive_can/share/odrive_can/local_setup.bash\n'}
[2.674044] (odrive_can) StdoutLine: {'line': b'-- Up-to-date: /home/gong/onset_ws/install/odrive_can/share/odrive_can/local_setup.sh\n'}
[2.674087] (odrive_can) StdoutLine: {'line': b'-- Up-to-date: /home/gong/onset_ws/install/odrive_can/share/odrive_can/local_setup.zsh\n'}
[2.674128] (odrive_can) StdoutLine: {'line': b'-- Up-to-date: /home/gong/onset_ws/install/odrive_can/share/odrive_can/local_setup.dsv\n'}
[2.674277] (odrive_can) StdoutLine: {'line': b'-- Installing: /home/gong/onset_ws/install/odrive_can/share/odrive_can/package.dsv\n'}
[2.684006] (odrive_can) StdoutLine: {'line': b'-- Up-to-date: /home/gong/onset_ws/install/odrive_can/share/ament_index/resource_index/packages/odrive_can\n'}
[2.684456] (odrive_can) StdoutLine: {'line': b'-- Up-to-date: /home/gong/onset_ws/install/odrive_can/share/odrive_can/cmake/export_odrive_can__rosidl_generator_cExport.cmake\n'}
[2.684520] (odrive_can) StdoutLine: {'line': b'-- Up-to-date: /home/gong/onset_ws/install/odrive_can/share/odrive_can/cmake/export_odrive_can__rosidl_generator_cExport-noconfig.cmake\n'}
[2.684571] (odrive_can) StdoutLine: {'line': b'-- Up-to-date: /home/gong/onset_ws/install/odrive_can/share/odrive_can/cmake/export_odrive_can__rosidl_typesupport_fastrtps_cExport.cmake\n'}
[2.684616] (odrive_can) StdoutLine: {'line': b'-- Up-to-date: /home/gong/onset_ws/install/odrive_can/share/odrive_can/cmake/export_odrive_can__rosidl_typesupport_fastrtps_cExport-noconfig.cmake\n'}
[2.684672] (odrive_can) StdoutLine: {'line': b'-- Up-to-date: /home/gong/onset_ws/install/odrive_can/share/odrive_can/cmake/export_odrive_can__rosidl_generator_cppExport.cmake\n'}
[2.684714] (odrive_can) StdoutLine: {'line': b'-- Up-to-date: /home/gong/onset_ws/install/odrive_can/share/odrive_can/cmake/export_odrive_can__rosidl_typesupport_fastrtps_cppExport.cmake\n'}
[2.684756] (odrive_can) StdoutLine: {'line': b'-- Up-to-date: /home/gong/onset_ws/install/odrive_can/share/odrive_can/cmake/export_odrive_can__rosidl_typesupport_fastrtps_cppExport-noconfig.cmake\n'}
[2.684798] (odrive_can) StdoutLine: {'line': b'-- Up-to-date: /home/gong/onset_ws/install/odrive_can/share/odrive_can/cmake/odrive_can__rosidl_typesupport_introspection_cExport.cmake\n'}
[2.684860] (odrive_can) StdoutLine: {'line': b'-- Up-to-date: /home/gong/onset_ws/install/odrive_can/share/odrive_can/cmake/odrive_can__rosidl_typesupport_introspection_cExport-noconfig.cmake\n'}
[2.684904] (odrive_can) StdoutLine: {'line': b'-- Up-to-date: /home/gong/onset_ws/install/odrive_can/share/odrive_can/cmake/odrive_can__rosidl_typesupport_cExport.cmake\n'}
[2.684945] (odrive_can) StdoutLine: {'line': b'-- Up-to-date: /home/gong/onset_ws/install/odrive_can/share/odrive_can/cmake/odrive_can__rosidl_typesupport_cExport-noconfig.cmake\n'}
[2.684984] (odrive_can) StdoutLine: {'line': b'-- Up-to-date: /home/gong/onset_ws/install/odrive_can/share/odrive_can/cmake/odrive_can__rosidl_typesupport_introspection_cppExport.cmake\n'}
[2.685024] (odrive_can) StdoutLine: {'line': b'-- Up-to-date: /home/gong/onset_ws/install/odrive_can/share/odrive_can/cmake/odrive_can__rosidl_typesupport_introspection_cppExport-noconfig.cmake\n'}
[2.685064] (odrive_can) StdoutLine: {'line': b'-- Up-to-date: /home/gong/onset_ws/install/odrive_can/share/odrive_can/cmake/odrive_can__rosidl_typesupport_cppExport.cmake\n'}
[2.685106] (odrive_can) StdoutLine: {'line': b'-- Up-to-date: /home/gong/onset_ws/install/odrive_can/share/odrive_can/cmake/odrive_can__rosidl_typesupport_cppExport-noconfig.cmake\n'}
[2.685146] (odrive_can) StdoutLine: {'line': b'-- Up-to-date: /home/gong/onset_ws/install/odrive_can/share/odrive_can/cmake/export_odrive_can__rosidl_generator_pyExport.cmake\n'}
[2.685185] (odrive_can) StdoutLine: {'line': b'-- Up-to-date: /home/gong/onset_ws/install/odrive_can/share/odrive_can/cmake/export_odrive_can__rosidl_generator_pyExport-noconfig.cmake\n'}
[2.685224] (odrive_can) StdoutLine: {'line': b'-- Up-to-date: /home/gong/onset_ws/install/odrive_can/share/odrive_can/cmake/rosidl_cmake-extras.cmake\n'}
[2.685264] (odrive_can) StdoutLine: {'line': b'-- Up-to-date: /home/gong/onset_ws/install/odrive_can/share/odrive_can/cmake/ament_cmake_export_include_directories-extras.cmake\n'}
[2.685303] (odrive_can) StdoutLine: {'line': b'-- Up-to-date: /home/gong/onset_ws/install/odrive_can/share/odrive_can/cmake/ament_cmake_export_libraries-extras.cmake\n'}
[2.685341] (odrive_can) StdoutLine: {'line': b'-- Up-to-date: /home/gong/onset_ws/install/odrive_can/share/odrive_can/cmake/ament_cmake_export_targets-extras.cmake\n'}
[2.690210] (odrive_can) StdoutLine: {'line': b'-- Up-to-date: /home/gong/onset_ws/install/odrive_can/share/odrive_can/cmake/rosidl_cmake_export_typesupport_targets-extras.cmake\n'}
[2.690314] (odrive_can) StdoutLine: {'line': b'-- Up-to-date: /home/gong/onset_ws/install/odrive_can/share/odrive_can/cmake/ament_cmake_export_dependencies-extras.cmake\n'}
[2.690366] (odrive_can) StdoutLine: {'line': b'-- Up-to-date: /home/gong/onset_ws/install/odrive_can/share/odrive_can/cmake/rosidl_cmake_export_typesupport_libraries-extras.cmake\n'}
[2.690782] (odrive_can) StdoutLine: {'line': b'-- Up-to-date: /home/gong/onset_ws/install/odrive_can/share/odrive_can/cmake/odrive_canConfig.cmake\n'}
[2.690922] (odrive_can) StdoutLine: {'line': b'-- Up-to-date: /home/gong/onset_ws/install/odrive_can/share/odrive_can/cmake/odrive_canConfig-version.cmake\n'}
[2.691342] (odrive_can) StdoutLine: {'line': b'-- Up-to-date: /home/gong/onset_ws/install/odrive_can/share/odrive_can/package.xml\n'}
[2.693387] (odrive_can) CommandEnded: {'returncode': 0}
[2.727338] (odrive_can) JobEnded: {'identifier': 'odrive_can', 'rc': 0}
[2.728088] (odrive_botwheel_explorer) JobStarted: {'identifier': 'odrive_botwheel_explorer'}
[2.729003] (onset_interfaces) StdoutLine: {'line': b'[100%] Built target ament_cmake_python_build_onset_interfaces_egg\n'}
[2.757184] (odrive_botwheel_explorer) JobProgress: {'identifier': 'odrive_botwheel_explorer', 'progress': 'cmake'}
[2.765565] (odrive_botwheel_explorer) JobProgress: {'identifier': 'odrive_botwheel_explorer', 'progress': 'build'}
[2.765637] (-) TimerEvent: {}
[2.765743] (odrive_botwheel_explorer) Command: {'cmd': ['/usr/bin/cmake', '--build', '/home/gong/onset_ws/build/odrive_botwheel_explorer', '--', '-j2', '-l2'], 'cwd': '/home/gong/onset_ws/build/odrive_botwheel_explorer', 'env': OrderedDict([('LESSOPEN', '| /usr/bin/lesspipe %s'), ('LANGUAGE', 'en_CA:en'), ('USER', 'gong'), ('XDG_SESSION_TYPE', 'wayland'), ('SHLVL', '1'), ('LD_LIBRARY_PATH', '/home/gong/onset_ws/install/odrive_ros2_control/lib:/home/gong/onset_ws/install/onset_interfaces/lib:/home/gong/onset_ws/install/odrive_can/lib:/usr/lib/x86_64-linux-gnu/gazebo-11/plugins:/opt/ros/humble/opt/rviz_ogre_vendor/lib:/opt/ros/humble/lib/x86_64-linux-gnu:/opt/ros/humble/lib'), ('HOME', '/home/gong'), ('OLDPWD', '/home/gong/onset_ws/src/onsetbot'), ('DESKTOP_SESSION', 'ubuntu'), ('ROS_PYTHON_VERSION', '3'), ('GNOME_SHELL_SESSION_MODE', 'ubuntu'), ('GTK_MODULES', 'gail:atk-bridge'), ('SYSTEMD_EXEC_PID', '2256'), ('DBUS_SESSION_BUS_ADDRESS', 'unix:path=/run/user/1000/bus'), ('COLORTERM', 'truecolor'), ('IM_CONFIG_PHASE', '1'), ('WAYLAND_DISPLAY', 'wayland-0'), ('COLCON_PREFIX_PATH', '/home/gong/onset_ws/install'), ('ROS_DISTRO', 'humble'), ('LOGNAME', 'gong'), ('_', '/usr/bin/colcon'), ('ROS_VERSION', '2'), ('XDG_SESSION_CLASS', 'user'), ('USERNAME', 'gong'), ('TERM', 'xterm-256color'), ('GNOME_DESKTOP_SESSION_ID', 'this-is-deprecated'), ('ROS_LOCALHOST_ONLY', '0'), ('PATH', '/opt/ros/humble/bin:/home/gong/.local/bin:/usr/local/sbin:/usr/local/bin:/usr/sbin:/usr/bin:/sbin:/bin:/usr/games:/usr/local/games:/snap/bin:/snap/bin'), ('SESSION_MANAGER', 'local/gong-virtual-machine:@/tmp/.ICE-unix/1641,unix/gong-virtual-machine:/tmp/.ICE-unix/1641'), ('XDG_MENU_PREFIX', 'gnome-'), ('GNOME_TERMINAL_SCREEN', '/org/gnome/Terminal/screen/99195c75_78d1_482e_8bfc_fd6d9a4ec101'), ('GNOME_SETUP_DISPLAY', ':1'), ('XDG_RUNTIME_DIR', '/run/user/1000'), ('DISPLAY', ':0'), ('LANG', 'en_US.UTF-8'), ('XDG_CURRENT_DESKTOP', 'ubuntu:GNOME'), ('XMODIFIERS', '@im=ibus'), ('XDG_SESSION_DESKTOP', 'ubuntu'), ('XAUTHORITY', '/run/user/1000/.mutter-Xwaylandauth.V6J5L3'), ('LS_COLORS', 'rs=0:di=01;34:ln=01;36:mh=00:pi=40;33:so=01;35:do=01;35:bd=40;33;01:cd=40;33;01:or=40;31;01:mi=00:su=37;41:sg=30;43:ca=30;41:tw=30;42:ow=34;42:st=37;44:ex=01;32:*.tar=01;31:*.tgz=01;31:*.arc=01;31:*.arj=01;31:*.taz=01;31:*.lha=01;31:*.lz4=01;31:*.lzh=01;31:*.lzma=01;31:*.tlz=01;31:*.txz=01;31:*.tzo=01;31:*.t7z=01;31:*.zip=01;31:*.z=01;31:*.dz=01;31:*.gz=01;31:*.lrz=01;31:*.lz=01;31:*.lzo=01;31:*.xz=01;31:*.zst=01;31:*.tzst=01;31:*.bz2=01;31:*.bz=01;31:*.tbz=01;31:*.tbz2=01;31:*.tz=01;31:*.deb=01;31:*.rpm=01;31:*.jar=01;31:*.war=01;31:*.ear=01;31:*.sar=01;31:*.rar=01;31:*.alz=01;31:*.ace=01;31:*.zoo=01;31:*.cpio=01;31:*.7z=01;31:*.rz=01;31:*.cab=01;31:*.wim=01;31:*.swm=01;31:*.dwm=01;31:*.esd=01;31:*.jpg=01;35:*.jpeg=01;35:*.mjpg=01;35:*.mjpeg=01;35:*.gif=01;35:*.bmp=01;35:*.pbm=01;35:*.pgm=01;35:*.ppm=01;35:*.tga=01;35:*.xbm=01;35:*.xpm=01;35:*.tif=01;35:*.tiff=01;35:*.png=01;35:*.svg=01;35:*.svgz=01;35:*.mng=01;35:*.pcx=01;35:*.mov=01;35:*.mpg=01;35:*.mpeg=01;35:*.m2v=01;35:*.mkv=01;35:*.webm=01;35:*.webp=01;35:*.ogm=01;35:*.mp4=01;35:*.m4v=01;35:*.mp4v=01;35:*.vob=01;35:*.qt=01;35:*.nuv=01;35:*.wmv=01;35:*.asf=01;35:*.rm=01;35:*.rmvb=01;35:*.flc=01;35:*.avi=01;35:*.fli=01;35:*.flv=01;35:*.gl=01;35:*.dl=01;35:*.xcf=01;35:*.xwd=01;35:*.yuv=01;35:*.cgm=01;35:*.emf=01;35:*.ogv=01;35:*.ogx=01;35:*.aac=00;36:*.au=00;36:*.flac=00;36:*.m4a=00;36:*.mid=00;36:*.midi=00;36:*.mka=00;36:*.mp3=00;36:*.mpc=00;36:*.ogg=00;36:*.ra=00;36:*.wav=00;36:*.oga=00;36:*.opus=00;36:*.spx=00;36:*.xspf=00;36:'), ('GNOME_TERMINAL_SERVICE', ':1.103'), ('SSH_AGENT_LAUNCHER', 'gnome-keyring'), ('SSH_AUTH_SOCK', '/run/user/1000/keyring/ssh'), ('ROS_DOMAIN_ID', '0'), ('AMENT_PREFIX_PATH', '/home/gong/onset_ws/install/onsetbot:/home/gong/onset_ws/install/onset_interfaces:/home/gong/onset_ws/install/odrive_botwheel_explorer:/home/gong/onset_ws/install/odrive_ros2_control:/home/gong/onset_ws/install/odrive_can:/opt/ros/humble'), ('SHELL', '/bin/bash'), ('QT_ACCESSIBILITY', '1'), ('GDMSESSION', 'ubuntu'), ('LESSCLOSE', '/usr/bin/lesspipe %s %s'), ('QT_IM_MODULE', 'ibus'), ('PWD', '/home/gong/onset_ws/build/odrive_botwheel_explorer'), ('LC_ALL', 'en_US.UTF-8'), ('XDG_CONFIG_DIRS', '/etc/xdg/xdg-ubuntu:/etc/xdg'), ('XDG_DATA_DIRS', '/usr/share/ubuntu:/usr/local/share/:/usr/share/:/var/lib/snapd/desktop'), ('PYTHONPATH', '/home/gong/onset_ws/install/onsetbot/lib/python3.10/site-packages:/home/gong/onset_ws/install/onset_interfaces/local/lib/python3.10/dist-packages:/home/gong/onset_ws/install/odrive_can/local/lib/python3.10/dist-packages:/opt/ros/humble/lib/python3.10/site-packages:/opt/ros/humble/local/lib/python3.10/dist-packages'), ('COLCON', '1'), ('VTE_VERSION', '6800'), ('CMAKE_PREFIX_PATH', '/home/gong/onset_ws/install/odrive_ros2_control:/home/gong/onset_ws/install/onset_interfaces:/home/gong/onset_ws/install/odrive_botwheel_explorer:/home/gong/onset_ws/install/odrive_can:/home/gong/onset_ws/install/onsetbot:/opt/ros/humble')]), 'shell': False}
[2.784486] (onset_interfaces) CommandEnded: {'returncode': 0}
[2.784869] (onset_interfaces) JobProgress: {'identifier': 'onset_interfaces', 'progress': 'install'}
[2.784895] (onset_interfaces) Command: {'cmd': ['/usr/bin/cmake', '--install', '/home/gong/onset_ws/build/onset_interfaces'], 'cwd': '/home/gong/onset_ws/build/onset_interfaces', 'env': OrderedDict([('LESSOPEN', '| /usr/bin/lesspipe %s'), ('LANGUAGE', 'en_CA:en'), ('USER', 'gong'), ('XDG_SESSION_TYPE', 'wayland'), ('SHLVL', '1'), ('LD_LIBRARY_PATH', '/home/gong/onset_ws/install/onset_interfaces/lib:/home/gong/onset_ws/install/odrive_ros2_control/lib:/home/gong/onset_ws/install/odrive_can/lib:/usr/lib/x86_64-linux-gnu/gazebo-11/plugins:/opt/ros/humble/opt/rviz_ogre_vendor/lib:/opt/ros/humble/lib/x86_64-linux-gnu:/opt/ros/humble/lib'), ('HOME', '/home/gong'), ('OLDPWD', '/home/gong/onset_ws/src/onsetbot'), ('DESKTOP_SESSION', 'ubuntu'), ('ROS_PYTHON_VERSION', '3'), ('GNOME_SHELL_SESSION_MODE', 'ubuntu'), ('GTK_MODULES', 'gail:atk-bridge'), ('SYSTEMD_EXEC_PID', '2256'), ('DBUS_SESSION_BUS_ADDRESS', 'unix:path=/run/user/1000/bus'), ('COLORTERM', 'truecolor'), ('IM_CONFIG_PHASE', '1'), ('WAYLAND_DISPLAY', 'wayland-0'), ('COLCON_PREFIX_PATH', '/home/gong/onset_ws/install'), ('ROS_DISTRO', 'humble'), ('LOGNAME', 'gong'), ('_', '/usr/bin/colcon'), ('ROS_VERSION', '2'), ('XDG_SESSION_CLASS', 'user'), ('USERNAME', 'gong'), ('TERM', 'xterm-256color'), ('GNOME_DESKTOP_SESSION_ID', 'this-is-deprecated'), ('ROS_LOCALHOST_ONLY', '0'), ('PATH', '/opt/ros/humble/bin:/home/gong/.local/bin:/usr/local/sbin:/usr/local/bin:/usr/sbin:/usr/bin:/sbin:/bin:/usr/games:/usr/local/games:/snap/bin:/snap/bin'), ('SESSION_MANAGER', 'local/gong-virtual-machine:@/tmp/.ICE-unix/1641,unix/gong-virtual-machine:/tmp/.ICE-unix/1641'), ('XDG_MENU_PREFIX', 'gnome-'), ('GNOME_TERMINAL_SCREEN', '/org/gnome/Terminal/screen/99195c75_78d1_482e_8bfc_fd6d9a4ec101'), ('GNOME_SETUP_DISPLAY', ':1'), ('XDG_RUNTIME_DIR', '/run/user/1000'), ('DISPLAY', ':0'), ('LANG', 'en_US.UTF-8'), ('XDG_CURRENT_DESKTOP', 'ubuntu:GNOME'), ('XMODIFIERS', '@im=ibus'), ('XDG_SESSION_DESKTOP', 'ubuntu'), ('XAUTHORITY', '/run/user/1000/.mutter-Xwaylandauth.V6J5L3'), ('LS_COLORS', 'rs=0:di=01;34:ln=01;36:mh=00:pi=40;33:so=01;35:do=01;35:bd=40;33;01:cd=40;33;01:or=40;31;01:mi=00:su=37;41:sg=30;43:ca=30;41:tw=30;42:ow=34;42:st=37;44:ex=01;32:*.tar=01;31:*.tgz=01;31:*.arc=01;31:*.arj=01;31:*.taz=01;31:*.lha=01;31:*.lz4=01;31:*.lzh=01;31:*.lzma=01;31:*.tlz=01;31:*.txz=01;31:*.tzo=01;31:*.t7z=01;31:*.zip=01;31:*.z=01;31:*.dz=01;31:*.gz=01;31:*.lrz=01;31:*.lz=01;31:*.lzo=01;31:*.xz=01;31:*.zst=01;31:*.tzst=01;31:*.bz2=01;31:*.bz=01;31:*.tbz=01;31:*.tbz2=01;31:*.tz=01;31:*.deb=01;31:*.rpm=01;31:*.jar=01;31:*.war=01;31:*.ear=01;31:*.sar=01;31:*.rar=01;31:*.alz=01;31:*.ace=01;31:*.zoo=01;31:*.cpio=01;31:*.7z=01;31:*.rz=01;31:*.cab=01;31:*.wim=01;31:*.swm=01;31:*.dwm=01;31:*.esd=01;31:*.jpg=01;35:*.jpeg=01;35:*.mjpg=01;35:*.mjpeg=01;35:*.gif=01;35:*.bmp=01;35:*.pbm=01;35:*.pgm=01;35:*.ppm=01;35:*.tga=01;35:*.xbm=01;35:*.xpm=01;35:*.tif=01;35:*.tiff=01;35:*.png=01;35:*.svg=01;35:*.svgz=01;35:*.mng=01;35:*.pcx=01;35:*.mov=01;35:*.mpg=01;35:*.mpeg=01;35:*.m2v=01;35:*.mkv=01;35:*.webm=01;35:*.webp=01;35:*.ogm=01;35:*.mp4=01;35:*.m4v=01;35:*.mp4v=01;35:*.vob=01;35:*.qt=01;35:*.nuv=01;35:*.wmv=01;35:*.asf=01;35:*.rm=01;35:*.rmvb=01;35:*.flc=01;35:*.avi=01;35:*.fli=01;35:*.flv=01;35:*.gl=01;35:*.dl=01;35:*.xcf=01;35:*.xwd=01;35:*.yuv=01;35:*.cgm=01;35:*.emf=01;35:*.ogv=01;35:*.ogx=01;35:*.aac=00;36:*.au=00;36:*.flac=00;36:*.m4a=00;36:*.mid=00;36:*.midi=00;36:*.mka=00;36:*.mp3=00;36:*.mpc=00;36:*.ogg=00;36:*.ra=00;36:*.wav=00;36:*.oga=00;36:*.opus=00;36:*.spx=00;36:*.xspf=00;36:'), ('GNOME_TERMINAL_SERVICE', ':1.103'), ('SSH_AGENT_LAUNCHER', 'gnome-keyring'), ('SSH_AUTH_SOCK', '/run/user/1000/keyring/ssh'), ('ROS_DOMAIN_ID', '0'), ('AMENT_PREFIX_PATH', '/home/gong/onset_ws/install/onsetbot:/home/gong/onset_ws/install/onset_interfaces:/home/gong/onset_ws/install/odrive_botwheel_explorer:/home/gong/onset_ws/install/odrive_ros2_control:/home/gong/onset_ws/install/odrive_can:/opt/ros/humble'), ('SHELL', '/bin/bash'), ('QT_ACCESSIBILITY', '1'), ('GDMSESSION', 'ubuntu'), ('LESSCLOSE', '/usr/bin/lesspipe %s %s'), ('QT_IM_MODULE', 'ibus'), ('PWD', '/home/gong/onset_ws/build/onset_interfaces'), ('LC_ALL', 'en_US.UTF-8'), ('XDG_CONFIG_DIRS', '/etc/xdg/xdg-ubuntu:/etc/xdg'), ('XDG_DATA_DIRS', '/usr/share/ubuntu:/usr/local/share/:/usr/share/:/var/lib/snapd/desktop'), ('PYTHONPATH', '/home/gong/onset_ws/install/onsetbot/lib/python3.10/site-packages:/home/gong/onset_ws/install/onset_interfaces/local/lib/python3.10/dist-packages:/home/gong/onset_ws/install/odrive_can/local/lib/python3.10/dist-packages:/opt/ros/humble/lib/python3.10/site-packages:/opt/ros/humble/local/lib/python3.10/dist-packages'), ('COLCON', '1'), ('VTE_VERSION', '6800'), ('CMAKE_PREFIX_PATH', '/home/gong/onset_ws/install/onset_interfaces:/home/gong/onset_ws/install/odrive_botwheel_explorer:/home/gong/onset_ws/install/odrive_ros2_control:/home/gong/onset_ws/install/odrive_can:/home/gong/onset_ws/install/onsetbot:/opt/ros/humble')]), 'shell': False}
[2.833748] (onset_interfaces) StdoutLine: {'line': b'-- Install configuration: ""\n'}
[2.833963] (onset_interfaces) StdoutLine: {'line': b'-- Up-to-date: /home/gong/onset_ws/install/onset_interfaces/share/ament_index/resource_index/rosidl_interfaces/onset_interfaces\n'}
[2.834023] (onset_interfaces) StdoutLine: {'line': b'-- Up-to-date: /home/gong/onset_ws/install/onset_interfaces/include/onset_interfaces/onset_interfaces\n'}
[2.834072] (onset_interfaces) StdoutLine: {'line': b'-- Up-to-date: /home/gong/onset_ws/install/onset_interfaces/include/onset_interfaces/onset_interfaces/msg\n'}
[2.837215] (onset_interfaces) StdoutLine: {'line': b'-- Up-to-date: /home/gong/onset_ws/install/onset_interfaces/include/onset_interfaces/onset_interfaces/msg/home_command.h\n'}
[2.837390] (onset_interfaces) StdoutLine: {'line': b'-- Up-to-date: /home/gong/onset_ws/install/onset_interfaces/include/onset_interfaces/onset_interfaces/msg/launch_command.h\n'}
[2.837554] (onset_interfaces) StdoutLine: {'line': b'-- Up-to-date: /home/gong/onset_ws/install/onset_interfaces/include/onset_interfaces/onset_interfaces/msg/detail\n'}
[2.837620] (onset_interfaces) StdoutLine: {'line': b'-- Up-to-date: /home/gong/onset_ws/install/onset_interfaces/include/onset_interfaces/onset_interfaces/msg/detail/onset_status__functions.h\n'}
[2.837675] (onset_interfaces) StdoutLine: {'line': b'-- Up-to-date: /home/gong/onset_ws/install/onset_interfaces/include/onset_interfaces/onset_interfaces/msg/detail/home_command__type_support.h\n'}
[2.837744] (onset_interfaces) StdoutLine: {'line': b'-- Up-to-date: /home/gong/onset_ws/install/onset_interfaces/include/onset_interfaces/onset_interfaces/msg/detail/stm32_message__struct.h\n'}
[2.840883] (onset_interfaces) StdoutLine: {'line': b'-- Up-to-date: /home/gong/onset_ws/install/onset_interfaces/include/onset_interfaces/onset_interfaces/msg/detail/home_command__functions.c\n'}
[2.841606] (onset_interfaces) StdoutLine: {'line': b'-- Up-to-date: /home/gong/onset_ws/install/onset_interfaces/include/onset_interfaces/onset_interfaces/msg/detail/stm32_message__functions.h\n'}
[2.841686] (onset_interfaces) StdoutLine: {'line': b'-- Up-to-date: /home/gong/onset_ws/install/onset_interfaces/include/onset_interfaces/onset_interfaces/msg/detail/onset_status__functions.c\n'}
[2.841738] (onset_interfaces) StdoutLine: {'line': b'-- Up-to-date: /home/gong/onset_ws/install/onset_interfaces/include/onset_interfaces/onset_interfaces/msg/detail/onset_status__struct.h\n'}
[2.841910] (onset_interfaces) StdoutLine: {'line': b'-- Up-to-date: /home/gong/onset_ws/install/onset_interfaces/include/onset_interfaces/onset_interfaces/msg/detail/onset_status__type_support.h\n'}
[2.841989] (onset_interfaces) StdoutLine: {'line': b'-- Up-to-date: /home/gong/onset_ws/install/onset_interfaces/include/onset_interfaces/onset_interfaces/msg/detail/stm32_state__functions.c\n'}
[2.842037] (onset_interfaces) StdoutLine: {'line': b'-- Up-to-date: /home/gong/onset_ws/install/onset_interfaces/include/onset_interfaces/onset_interfaces/msg/detail/home_command__functions.h\n'}
[2.842081] (onset_interfaces) StdoutLine: {'line': b'-- Up-to-date: /home/gong/onset_ws/install/onset_interfaces/include/onset_interfaces/onset_interfaces/msg/detail/launch_command__struct.h\n'}
[2.842125] (onset_interfaces) StdoutLine: {'line': b'-- Up-to-date: /home/gong/onset_ws/install/onset_interfaces/include/onset_interfaces/onset_interfaces/msg/detail/home_command__struct.h\n'}
[2.842165] (onset_interfaces) StdoutLine: {'line': b'-- Up-to-date: /home/gong/onset_ws/install/onset_interfaces/include/onset_interfaces/onset_interfaces/msg/detail/stm32_state__struct.h\n'}
[2.842206] (onset_interfaces) StdoutLine: {'line': b'-- Up-to-date: /home/gong/onset_ws/install/onset_interfaces/include/onset_interfaces/onset_interfaces/msg/detail/launch_command__type_support.h\n'}
[2.842247] (onset_interfaces) StdoutLine: {'line': b'-- Up-to-date: /home/gong/onset_ws/install/onset_interfaces/include/onset_interfaces/onset_interfaces/msg/detail/stm32_message__functions.c\n'}
[2.842299] (onset_interfaces) StdoutLine: {'line': b'-- Up-to-date: /home/gong/onset_ws/install/onset_interfaces/include/onset_interfaces/onset_interfaces/msg/detail/launch_command__functions.c\n'}
[2.845076] (onset_interfaces) StdoutLine: {'line': b'-- Up-to-date: /home/gong/onset_ws/install/onset_interfaces/include/onset_interfaces/onset_interfaces/msg/detail/stm32_state__functions.h\n'}
[2.845356] (onset_interfaces) StdoutLine: {'line': b'-- Up-to-date: /home/gong/onset_ws/install/onset_interfaces/include/onset_interfaces/onset_interfaces/msg/detail/launch_command__functions.h\n'}
[2.846631] (onset_interfaces) StdoutLine: {'line': b'-- Up-to-date: /home/gong/onset_ws/install/onset_interfaces/include/onset_interfaces/onset_interfaces/msg/detail/stm32_state__type_support.h\n'}
[2.847824] (onset_interfaces) StdoutLine: {'line': b'-- Up-to-date: /home/gong/onset_ws/install/onset_interfaces/include/onset_interfaces/onset_interfaces/msg/detail/stm32_message__type_support.h\n'}
[2.850676] (onset_interfaces) StdoutLine: {'line': b'-- Up-to-date: /home/gong/onset_ws/install/onset_interfaces/include/onset_interfaces/onset_interfaces/msg/rosidl_generator_c__visibility_control.h\n'}
[2.850768] (onset_interfaces) StdoutLine: {'line': b'-- Up-to-date: /home/gong/onset_ws/install/onset_interfaces/include/onset_interfaces/onset_interfaces/msg/stm32_state.h\n'}
[2.850818] (onset_interfaces) StdoutLine: {'line': b'-- Up-to-date: /home/gong/onset_ws/install/onset_interfaces/include/onset_interfaces/onset_interfaces/msg/stm32_message.h\n'}
[2.850904] (onset_interfaces) StdoutLine: {'line': b'-- Up-to-date: /home/gong/onset_ws/install/onset_interfaces/include/onset_interfaces/onset_interfaces/msg/onset_status.h\n'}
[2.850954] (onset_interfaces) StdoutLine: {'line': b'-- Up-to-date: /home/gong/onset_ws/install/onset_interfaces/share/onset_interfaces/environment/library_path.sh\n'}
[2.851729] (onset_interfaces) StdoutLine: {'line': b'-- Up-to-date: /home/gong/onset_ws/install/onset_interfaces/share/onset_interfaces/environment/library_path.dsv\n'}
[2.852997] (onset_interfaces) StdoutLine: {'line': b'-- Up-to-date: /home/gong/onset_ws/install/onset_interfaces/lib/libonset_interfaces__rosidl_generator_c.so\n'}
[2.853216] (onset_interfaces) StdoutLine: {'line': b'-- Up-to-date: /home/gong/onset_ws/install/onset_interfaces/include/onset_interfaces/onset_interfaces\n'}
[2.853283] (onset_interfaces) StdoutLine: {'line': b'-- Up-to-date: /home/gong/onset_ws/install/onset_interfaces/include/onset_interfaces/onset_interfaces/msg\n'}
[2.854503] (onset_interfaces) StdoutLine: {'line': b'-- Up-to-date: /home/gong/onset_ws/install/onset_interfaces/include/onset_interfaces/onset_interfaces/msg/detail\n'}
[2.854573] (onset_interfaces) StdoutLine: {'line': b'-- Up-to-date: /home/gong/onset_ws/install/onset_interfaces/include/onset_interfaces/onset_interfaces/msg/detail/onset_status__rosidl_typesupport_fastrtps_c.h\n'}
[2.854620] (onset_interfaces) StdoutLine: {'line': b'-- Up-to-date: /home/gong/onset_ws/install/onset_interfaces/include/onset_interfaces/onset_interfaces/msg/detail/launch_command__rosidl_typesupport_fastrtps_c.h\n'}
[2.854662] (onset_interfaces) StdoutLine: {'line': b'-- Up-to-date: /home/gong/onset_ws/install/onset_interfaces/include/onset_interfaces/onset_interfaces/msg/detail/home_command__rosidl_typesupport_fastrtps_c.h\n'}
[2.854705] (onset_interfaces) StdoutLine: {'line': b'-- Up-to-date: /home/gong/onset_ws/install/onset_interfaces/include/onset_interfaces/onset_interfaces/msg/detail/stm32_message__rosidl_typesupport_fastrtps_c.h\n'}
[2.854744] (onset_interfaces) StdoutLine: {'line': b'-- Up-to-date: /home/gong/onset_ws/install/onset_interfaces/include/onset_interfaces/onset_interfaces/msg/detail/stm32_state__rosidl_typesupport_fastrtps_c.h\n'}
[2.854783] (onset_interfaces) StdoutLine: {'line': b'-- Up-to-date: /home/gong/onset_ws/install/onset_interfaces/include/onset_interfaces/onset_interfaces/msg/rosidl_typesupport_fastrtps_c__visibility_control.h\n'}
[2.854832] (onset_interfaces) StdoutLine: {'line': b'-- Up-to-date: /home/gong/onset_ws/install/onset_interfaces/lib/libonset_interfaces__rosidl_typesupport_fastrtps_c.so\n'}
[2.854895] (onset_interfaces) StdoutLine: {'line': b'-- Up-to-date: /home/gong/onset_ws/install/onset_interfaces/include/onset_interfaces/onset_interfaces\n'}
[2.856497] (onset_interfaces) StdoutLine: {'line': b'-- Up-to-date: /home/gong/onset_ws/install/onset_interfaces/include/onset_interfaces/onset_interfaces/msg\n'}
[2.856651] (onset_interfaces) StdoutLine: {'line': b'-- Up-to-date: /home/gong/onset_ws/install/onset_interfaces/include/onset_interfaces/onset_interfaces/msg/detail\n'}
[2.856703] (onset_interfaces) StdoutLine: {'line': b'-- Up-to-date: /home/gong/onset_ws/install/onset_interfaces/include/onset_interfaces/onset_interfaces/msg/detail/launch_command__type_support.c\n'}
[2.856750] (onset_interfaces) StdoutLine: {'line': b'-- Up-to-date: /home/gong/onset_ws/install/onset_interfaces/include/onset_interfaces/onset_interfaces/msg/detail/stm32_message__type_support.c\n'}
[2.856792] (onset_interfaces) StdoutLine: {'line': b'-- Up-to-date: /home/gong/onset_ws/install/onset_interfaces/include/onset_interfaces/onset_interfaces/msg/detail/launch_command__rosidl_typesupport_introspection_c.h\n'}
[2.856866] (onset_interfaces) StdoutLine: {'line': b'-- Up-to-date: /home/gong/onset_ws/install/onset_interfaces/include/onset_interfaces/onset_interfaces/msg/detail/onset_status__rosidl_typesupport_introspection_c.h\n'}
[2.856948] (onset_interfaces) StdoutLine: {'line': b'-- Up-to-date: /home/gong/onset_ws/install/onset_interfaces/include/onset_interfaces/onset_interfaces/msg/detail/home_command__rosidl_typesupport_introspection_c.h\n'}
[2.857009] (onset_interfaces) StdoutLine: {'line': b'-- Up-to-date: /home/gong/onset_ws/install/onset_interfaces/include/onset_interfaces/onset_interfaces/msg/detail/home_command__type_support.c\n'}
[2.857062] (onset_interfaces) StdoutLine: {'line': b'-- Up-to-date: /home/gong/onset_ws/install/onset_interfaces/include/onset_interfaces/onset_interfaces/msg/detail/stm32_message__rosidl_typesupport_introspection_c.h\n'}
[2.857104] (onset_interfaces) StdoutLine: {'line': b'-- Up-to-date: /home/gong/onset_ws/install/onset_interfaces/include/onset_interfaces/onset_interfaces/msg/detail/stm32_state__type_support.c\n'}
[2.857145] (onset_interfaces) StdoutLine: {'line': b'-- Up-to-date: /home/gong/onset_ws/install/onset_interfaces/include/onset_interfaces/onset_interfaces/msg/detail/stm32_state__rosidl_typesupport_introspection_c.h\n'}
[2.857188] (onset_interfaces) StdoutLine: {'line': b'-- Up-to-date: /home/gong/onset_ws/install/onset_interfaces/include/onset_interfaces/onset_interfaces/msg/detail/onset_status__type_support.c\n'}
[2.857228] (onset_interfaces) StdoutLine: {'line': b'-- Up-to-date: /home/gong/onset_ws/install/onset_interfaces/include/onset_interfaces/onset_interfaces/msg/rosidl_typesupport_introspection_c__visibility_control.h\n'}
[2.857267] (onset_interfaces) StdoutLine: {'line': b'-- Up-to-date: /home/gong/onset_ws/install/onset_interfaces/lib/libonset_interfaces__rosidl_typesupport_introspection_c.so\n'}
[2.857305] (onset_interfaces) StdoutLine: {'line': b'-- Up-to-date: /home/gong/onset_ws/install/onset_interfaces/lib/libonset_interfaces__rosidl_typesupport_c.so\n'}
[2.857343] (onset_interfaces) StdoutLine: {'line': b'-- Up-to-date: /home/gong/onset_ws/install/onset_interfaces/include/onset_interfaces/onset_interfaces\n'}
[2.857381] (onset_interfaces) StdoutLine: {'line': b'-- Up-to-date: /home/gong/onset_ws/install/onset_interfaces/include/onset_interfaces/onset_interfaces/msg\n'}
[2.857418] (onset_interfaces) StdoutLine: {'line': b'-- Up-to-date: /home/gong/onset_ws/install/onset_interfaces/include/onset_interfaces/onset_interfaces/msg/launch_command.hpp\n'}
[2.859729] (onset_interfaces) StdoutLine: {'line': b'-- Up-to-date: /home/gong/onset_ws/install/onset_interfaces/include/onset_interfaces/onset_interfaces/msg/stm32_message.hpp\n'}
[2.861805] (onset_interfaces) StdoutLine: {'line': b'-- Up-to-date: /home/gong/onset_ws/install/onset_interfaces/include/onset_interfaces/onset_interfaces/msg/rosidl_generator_cpp__visibility_control.hpp\n'}
[2.861862] (onset_interfaces) StdoutLine: {'line': b'-- Up-to-date: /home/gong/onset_ws/install/onset_interfaces/include/onset_interfaces/onset_interfaces/msg/detail\n'}
[2.861907] (onset_interfaces) StdoutLine: {'line': b'-- Up-to-date: /home/gong/onset_ws/install/onset_interfaces/include/onset_interfaces/onset_interfaces/msg/detail/launch_command__traits.hpp\n'}
[2.861951] (onset_interfaces) StdoutLine: {'line': b'-- Up-to-date: /home/gong/onset_ws/install/onset_interfaces/include/onset_interfaces/onset_interfaces/msg/detail/stm32_message__type_support.hpp\n'}
[2.861993] (onset_interfaces) StdoutLine: {'line': b'-- Up-to-date: /home/gong/onset_ws/install/onset_interfaces/include/onset_interfaces/onset_interfaces/msg/detail/stm32_state__struct.hpp\n'}
[2.862033] (onset_interfaces) StdoutLine: {'line': b'-- Up-to-date: /home/gong/onset_ws/install/onset_interfaces/include/onset_interfaces/onset_interfaces/msg/detail/stm32_state__builder.hpp\n'}
[2.862073] (onset_interfaces) StdoutLine: {'line': b'-- Up-to-date: /home/gong/onset_ws/install/onset_interfaces/include/onset_interfaces/onset_interfaces/msg/detail/stm32_message__builder.hpp\n'}
[2.862124] (onset_interfaces) StdoutLine: {'line': b'-- Up-to-date: /home/gong/onset_ws/install/onset_interfaces/include/onset_interfaces/onset_interfaces/msg/detail/stm32_state__type_support.hpp\n'}
[2.862166] (onset_interfaces) StdoutLine: {'line': b'-- Up-to-date: /home/gong/onset_ws/install/onset_interfaces/include/onset_interfaces/onset_interfaces/msg/detail/onset_status__struct.hpp\n'}
[2.862211] (onset_interfaces) StdoutLine: {'line': b'-- Up-to-date: /home/gong/onset_ws/install/onset_interfaces/include/onset_interfaces/onset_interfaces/msg/detail/launch_command__builder.hpp\n'}
[2.862250] (onset_interfaces) StdoutLine: {'line': b'-- Up-to-date: /home/gong/onset_ws/install/onset_interfaces/include/onset_interfaces/onset_interfaces/msg/detail/home_command__struct.hpp\n'}
[2.862289] (onset_interfaces) StdoutLine: {'line': b'-- Up-to-date: /home/gong/onset_ws/install/onset_interfaces/include/onset_interfaces/onset_interfaces/msg/detail/onset_status__builder.hpp\n'}
[2.862328] (onset_interfaces) StdoutLine: {'line': b'-- Up-to-date: /home/gong/onset_ws/install/onset_interfaces/include/onset_interfaces/onset_interfaces/msg/detail/home_command__traits.hpp\n'}
[2.862367] (onset_interfaces) StdoutLine: {'line': b'-- Up-to-date: /home/gong/onset_ws/install/onset_interfaces/include/onset_interfaces/onset_interfaces/msg/detail/stm32_state__traits.hpp\n'}
[2.862406] (onset_interfaces) StdoutLine: {'line': b'-- Up-to-date: /home/gong/onset_ws/install/onset_interfaces/include/onset_interfaces/onset_interfaces/msg/detail/launch_command__struct.hpp\n'}
[2.862446] (onset_interfaces) StdoutLine: {'line': b'-- Up-to-date: /home/gong/onset_ws/install/onset_interfaces/include/onset_interfaces/onset_interfaces/msg/detail/onset_status__traits.hpp\n'}
[2.862485] (onset_interfaces) StdoutLine: {'line': b'-- Up-to-date: /home/gong/onset_ws/install/onset_interfaces/include/onset_interfaces/onset_interfaces/msg/detail/stm32_message__traits.hpp\n'}
[2.862524] (onset_interfaces) StdoutLine: {'line': b'-- Up-to-date: /home/gong/onset_ws/install/onset_interfaces/include/onset_interfaces/onset_interfaces/msg/detail/stm32_message__struct.hpp\n'}
[2.862562] (onset_interfaces) StdoutLine: {'line': b'-- Up-to-date: /home/gong/onset_ws/install/onset_interfaces/include/onset_interfaces/onset_interfaces/msg/detail/onset_status__type_support.hpp\n'}
[2.862849] (onset_interfaces) StdoutLine: {'line': b'-- Up-to-date: /home/gong/onset_ws/install/onset_interfaces/include/onset_interfaces/onset_interfaces/msg/detail/home_command__builder.hpp\n'}
[2.862941] (onset_interfaces) StdoutLine: {'line': b'-- Up-to-date: /home/gong/onset_ws/install/onset_interfaces/include/onset_interfaces/onset_interfaces/msg/detail/home_command__type_support.hpp\n'}
[2.862991] (onset_interfaces) StdoutLine: {'line': b'-- Up-to-date: /home/gong/onset_ws/install/onset_interfaces/include/onset_interfaces/onset_interfaces/msg/detail/launch_command__type_support.hpp\n'}
[2.863034] (onset_interfaces) StdoutLine: {'line': b'-- Up-to-date: /home/gong/onset_ws/install/onset_interfaces/include/onset_interfaces/onset_interfaces/msg/onset_status.hpp\n'}
[2.863079] (onset_interfaces) StdoutLine: {'line': b'-- Up-to-date: /home/gong/onset_ws/install/onset_interfaces/include/onset_interfaces/onset_interfaces/msg/home_command.hpp\n'}
[2.863120] (onset_interfaces) StdoutLine: {'line': b'-- Up-to-date: /home/gong/onset_ws/install/onset_interfaces/include/onset_interfaces/onset_interfaces/msg/stm32_state.hpp\n'}
[2.864505] (onset_interfaces) StdoutLine: {'line': b'-- Up-to-date: /home/gong/onset_ws/install/onset_interfaces/include/onset_interfaces/onset_interfaces\n'}
[2.864574] (onset_interfaces) StdoutLine: {'line': b'-- Up-to-date: /home/gong/onset_ws/install/onset_interfaces/include/onset_interfaces/onset_interfaces/msg\n'}
[2.864622] (onset_interfaces) StdoutLine: {'line': b'-- Up-to-date: /home/gong/onset_ws/install/onset_interfaces/include/onset_interfaces/onset_interfaces/msg/detail\n'}
[2.864666] (onset_interfaces) StdoutLine: {'line': b'-- Up-to-date: /home/gong/onset_ws/install/onset_interfaces/include/onset_interfaces/onset_interfaces/msg/detail/onset_status__rosidl_typesupport_fastrtps_cpp.hpp\n'}
[2.864710] (onset_interfaces) StdoutLine: {'line': b'-- Up-to-date: /home/gong/onset_ws/install/onset_interfaces/include/onset_interfaces/onset_interfaces/msg/detail/stm32_state__rosidl_typesupport_fastrtps_cpp.hpp\n'}
[2.864765] (onset_interfaces) StdoutLine: {'line': b'-- Up-to-date: /home/gong/onset_ws/install/onset_interfaces/include/onset_interfaces/onset_interfaces/msg/detail/launch_command__rosidl_typesupport_fastrtps_cpp.hpp\n'}
[2.864807] (onset_interfaces) StdoutLine: {'line': b'-- Up-to-date: /home/gong/onset_ws/install/onset_interfaces/include/onset_interfaces/onset_interfaces/msg/detail/dds_fastrtps\n'}
[2.864847] (onset_interfaces) StdoutLine: {'line': b'-- Up-to-date: /home/gong/onset_ws/install/onset_interfaces/include/onset_interfaces/onset_interfaces/msg/detail/stm32_message__rosidl_typesupport_fastrtps_cpp.hpp\n'}
[2.864886] (onset_interfaces) StdoutLine: {'line': b'-- Up-to-date: /home/gong/onset_ws/install/onset_interfaces/include/onset_interfaces/onset_interfaces/msg/detail/home_command__rosidl_typesupport_fastrtps_cpp.hpp\n'}
[2.865736] (-) TimerEvent: {}
[2.867016] (onset_interfaces) StdoutLine: {'line': b'-- Up-to-date: /home/gong/onset_ws/install/onset_interfaces/include/onset_interfaces/onset_interfaces/msg/rosidl_typesupport_fastrtps_cpp__visibility_control.h\n'}
[2.867114] (onset_interfaces) StdoutLine: {'line': b'-- Up-to-date: /home/gong/onset_ws/install/onset_interfaces/lib/libonset_interfaces__rosidl_typesupport_fastrtps_cpp.so\n'}
[2.867169] (onset_interfaces) StdoutLine: {'line': b'-- Up-to-date: /home/gong/onset_ws/install/onset_interfaces/include/onset_interfaces/onset_interfaces\n'}
[2.867808] (onset_interfaces) StdoutLine: {'line': b'-- Up-to-date: /home/gong/onset_ws/install/onset_interfaces/include/onset_interfaces/onset_interfaces/msg\n'}
[2.867869] (onset_interfaces) StdoutLine: {'line': b'-- Up-to-date: /home/gong/onset_ws/install/onset_interfaces/include/onset_interfaces/onset_interfaces/msg/detail\n'}
[2.867917] (onset_interfaces) StdoutLine: {'line': b'-- Up-to-date: /home/gong/onset_ws/install/onset_interfaces/include/onset_interfaces/onset_interfaces/msg/detail/stm32_message__rosidl_typesupport_introspection_cpp.hpp\n'}
[2.867962] (onset_interfaces) StdoutLine: {'line': b'-- Up-to-date: /home/gong/onset_ws/install/onset_interfaces/include/onset_interfaces/onset_interfaces/msg/detail/launch_command__type_support.cpp\n'}
[2.868005] (onset_interfaces) StdoutLine: {'line': b'-- Up-to-date: /home/gong/onset_ws/install/onset_interfaces/include/onset_interfaces/onset_interfaces/msg/detail/stm32_state__rosidl_typesupport_introspection_cpp.hpp\n'}
[2.870562] (onset_interfaces) StdoutLine: {'line': b'-- Up-to-date: /home/gong/onset_ws/install/onset_interfaces/include/onset_interfaces/onset_interfaces/msg/detail/onset_status__type_support.cpp\n'}
[2.870748] (onset_interfaces) StdoutLine: {'line': b'-- Up-to-date: /home/gong/onset_ws/install/onset_interfaces/include/onset_interfaces/onset_interfaces/msg/detail/home_command__rosidl_typesupport_introspection_cpp.hpp\n'}
[2.870801] (onset_interfaces) StdoutLine: {'line': b'-- Up-to-date: /home/gong/onset_ws/install/onset_interfaces/include/onset_interfaces/onset_interfaces/msg/detail/launch_command__rosidl_typesupport_introspection_cpp.hpp\n'}
[2.870847] (onset_interfaces) StdoutLine: {'line': b'-- Up-to-date: /home/gong/onset_ws/install/onset_interfaces/include/onset_interfaces/onset_interfaces/msg/detail/stm32_state__type_support.cpp\n'}
[2.870893] (onset_interfaces) StdoutLine: {'line': b'-- Up-to-date: /home/gong/onset_ws/install/onset_interfaces/include/onset_interfaces/onset_interfaces/msg/detail/onset_status__rosidl_typesupport_introspection_cpp.hpp\n'}
[2.870956] (onset_interfaces) StdoutLine: {'line': b'-- Up-to-date: /home/gong/onset_ws/install/onset_interfaces/include/onset_interfaces/onset_interfaces/msg/detail/stm32_message__type_support.cpp\n'}
[2.871115] (onset_interfaces) StdoutLine: {'line': b'-- Up-to-date: /home/gong/onset_ws/install/onset_interfaces/include/onset_interfaces/onset_interfaces/msg/detail/home_command__type_support.cpp\n'}
[2.871174] (onset_interfaces) StdoutLine: {'line': b'-- Up-to-date: /home/gong/onset_ws/install/onset_interfaces/lib/libonset_interfaces__rosidl_typesupport_introspection_cpp.so\n'}
[2.871228] (onset_interfaces) StdoutLine: {'line': b'-- Up-to-date: /home/gong/onset_ws/install/onset_interfaces/lib/libonset_interfaces__rosidl_typesupport_cpp.so\n'}
[2.871271] (onset_interfaces) StdoutLine: {'line': b'-- Up-to-date: /home/gong/onset_ws/install/onset_interfaces/share/onset_interfaces/environment/pythonpath.sh\n'}
[2.871313] (onset_interfaces) StdoutLine: {'line': b'-- Up-to-date: /home/gong/onset_ws/install/onset_interfaces/share/onset_interfaces/environment/pythonpath.dsv\n'}
[2.871356] (onset_interfaces) StdoutLine: {'line': b'-- Up-to-date: /home/gong/onset_ws/install/onset_interfaces/local/lib/python3.10/dist-packages/onset_interfaces-0.0.0-py3.10.egg-info\n'}
[2.871398] (onset_interfaces) StdoutLine: {'line': b'-- Installing: /home/gong/onset_ws/install/onset_interfaces/local/lib/python3.10/dist-packages/onset_interfaces-0.0.0-py3.10.egg-info/SOURCES.txt\n'}
[2.871439] (onset_interfaces) StdoutLine: {'line': b'-- Installing: /home/gong/onset_ws/install/onset_interfaces/local/lib/python3.10/dist-packages/onset_interfaces-0.0.0-py3.10.egg-info/top_level.txt\n'}
[2.872319] (onset_interfaces) StdoutLine: {'line': b'-- Installing: /home/gong/onset_ws/install/onset_interfaces/local/lib/python3.10/dist-packages/onset_interfaces-0.0.0-py3.10.egg-info/dependency_links.txt\n'}
[2.872683] (onset_interfaces) StdoutLine: {'line': b'-- Installing: /home/gong/onset_ws/install/onset_interfaces/local/lib/python3.10/dist-packages/onset_interfaces-0.0.0-py3.10.egg-info/PKG-INFO\n'}
[2.873488] (onset_interfaces) StdoutLine: {'line': b'-- Up-to-date: /home/gong/onset_ws/install/onset_interfaces/local/lib/python3.10/dist-packages/onset_interfaces\n'}
[2.874420] (onset_interfaces) StdoutLine: {'line': b'-- Up-to-date: /home/gong/onset_ws/install/onset_interfaces/local/lib/python3.10/dist-packages/onset_interfaces/onset_interfaces_s__rosidl_typesupport_c.cpython-310-x86_64-linux-gnu.so\n'}
[2.875386] (onset_interfaces) StdoutLine: {'line': b'-- Up-to-date: /home/gong/onset_ws/install/onset_interfaces/local/lib/python3.10/dist-packages/onset_interfaces/__init__.py\n'}
[2.875467] (onset_interfaces) StdoutLine: {'line': b'-- Up-to-date: /home/gong/onset_ws/install/onset_interfaces/local/lib/python3.10/dist-packages/onset_interfaces/onset_interfaces_s__rosidl_typesupport_introspection_c.cpython-310-x86_64-linux-gnu.so\n'}
[2.875530] (onset_interfaces) StdoutLine: {'line': b'-- Up-to-date: /home/gong/onset_ws/install/onset_interfaces/local/lib/python3.10/dist-packages/onset_interfaces/msg\n'}
[2.875579] (onset_interfaces) StdoutLine: {'line': b'-- Up-to-date: /home/gong/onset_ws/install/onset_interfaces/local/lib/python3.10/dist-packages/onset_interfaces/msg/_stm32_state_s.c\n'}
[2.875624] (onset_interfaces) StdoutLine: {'line': b'-- Up-to-date: /home/gong/onset_ws/install/onset_interfaces/local/lib/python3.10/dist-packages/onset_interfaces/msg/_launch_command_s.c\n'}
[2.875668] (onset_interfaces) StdoutLine: {'line': b'-- Up-to-date: /home/gong/onset_ws/install/onset_interfaces/local/lib/python3.10/dist-packages/onset_interfaces/msg/_home_command_s.c\n'}
[2.875711] (onset_interfaces) StdoutLine: {'line': b'-- Up-to-date: /home/gong/onset_ws/install/onset_interfaces/local/lib/python3.10/dist-packages/onset_interfaces/msg/__init__.py\n'}
[2.875753] (onset_interfaces) StdoutLine: {'line': b'-- Up-to-date: /home/gong/onset_ws/install/onset_interfaces/local/lib/python3.10/dist-packages/onset_interfaces/msg/_launch_command.py\n'}
[2.875795] (onset_interfaces) StdoutLine: {'line': b'-- Up-to-date: /home/gong/onset_ws/install/onset_interfaces/local/lib/python3.10/dist-packages/onset_interfaces/msg/_stm32_state.py\n'}
[2.875838] (onset_interfaces) StdoutLine: {'line': b'-- Up-to-date: /home/gong/onset_ws/install/onset_interfaces/local/lib/python3.10/dist-packages/onset_interfaces/msg/_onset_status_s.c\n'}
[2.875880] (onset_interfaces) StdoutLine: {'line': b'-- Up-to-date: /home/gong/onset_ws/install/onset_interfaces/local/lib/python3.10/dist-packages/onset_interfaces/msg/_stm32_message.py\n'}
[2.875927] (onset_interfaces) StdoutLine: {'line': b'-- Up-to-date: /home/gong/onset_ws/install/onset_interfaces/local/lib/python3.10/dist-packages/onset_interfaces/msg/_home_command.py\n'}
[2.876666] (onset_interfaces) StdoutLine: {'line': b'-- Up-to-date: /home/gong/onset_ws/install/onset_interfaces/local/lib/python3.10/dist-packages/onset_interfaces/msg/_stm32_message_s.c\n'}
[2.876755] (onset_interfaces) StdoutLine: {'line': b'-- Up-to-date: /home/gong/onset_ws/install/onset_interfaces/local/lib/python3.10/dist-packages/onset_interfaces/msg/_onset_status.py\n'}
[2.876808] (onset_interfaces) StdoutLine: {'line': b'-- Up-to-date: /home/gong/onset_ws/install/onset_interfaces/local/lib/python3.10/dist-packages/onset_interfaces/onset_interfaces_s__rosidl_typesupport_fastrtps_c.cpython-310-x86_64-linux-gnu.so\n'}
[2.879267] (onset_interfaces) StdoutLine: {'line': b'-- Up-to-date: /home/gong/onset_ws/install/onset_interfaces/local/lib/python3.10/dist-packages/onset_interfaces/_onset_interfaces_s.ep.rosidl_typesupport_c.c\n'}
[2.879418] (onset_interfaces) StdoutLine: {'line': b'-- Up-to-date: /home/gong/onset_ws/install/onset_interfaces/local/lib/python3.10/dist-packages/onset_interfaces/libonset_interfaces__rosidl_generator_py.so\n'}
[2.879492] (onset_interfaces) StdoutLine: {'line': b'-- Up-to-date: /home/gong/onset_ws/install/onset_interfaces/local/lib/python3.10/dist-packages/onset_interfaces/_onset_interfaces_s.ep.rosidl_typesupport_introspection_c.c\n'}
[2.879541] (onset_interfaces) StdoutLine: {'line': b'-- Up-to-date: /home/gong/onset_ws/install/onset_interfaces/local/lib/python3.10/dist-packages/onset_interfaces/_onset_interfaces_s.ep.rosidl_typesupport_fastrtps_c.c\n'}
[2.954892] (odrive_botwheel_explorer) CommandEnded: {'returncode': 0}
[2.955361] (odrive_botwheel_explorer) JobProgress: {'identifier': 'odrive_botwheel_explorer', 'progress': 'install'}
[2.955394] (odrive_botwheel_explorer) Command: {'cmd': ['/usr/bin/cmake', '--install', '/home/gong/onset_ws/build/odrive_botwheel_explorer'], 'cwd': '/home/gong/onset_ws/build/odrive_botwheel_explorer', 'env': OrderedDict([('LESSOPEN', '| /usr/bin/lesspipe %s'), ('LANGUAGE', 'en_CA:en'), ('USER', 'gong'), ('XDG_SESSION_TYPE', 'wayland'), ('SHLVL', '1'), ('LD_LIBRARY_PATH', '/home/gong/onset_ws/install/odrive_ros2_control/lib:/home/gong/onset_ws/install/onset_interfaces/lib:/home/gong/onset_ws/install/odrive_can/lib:/usr/lib/x86_64-linux-gnu/gazebo-11/plugins:/opt/ros/humble/opt/rviz_ogre_vendor/lib:/opt/ros/humble/lib/x86_64-linux-gnu:/opt/ros/humble/lib'), ('HOME', '/home/gong'), ('OLDPWD', '/home/gong/onset_ws/src/onsetbot'), ('DESKTOP_SESSION', 'ubuntu'), ('ROS_PYTHON_VERSION', '3'), ('GNOME_SHELL_SESSION_MODE', 'ubuntu'), ('GTK_MODULES', 'gail:atk-bridge'), ('SYSTEMD_EXEC_PID', '2256'), ('DBUS_SESSION_BUS_ADDRESS', 'unix:path=/run/user/1000/bus'), ('COLORTERM', 'truecolor'), ('IM_CONFIG_PHASE', '1'), ('WAYLAND_DISPLAY', 'wayland-0'), ('COLCON_PREFIX_PATH', '/home/gong/onset_ws/install'), ('ROS_DISTRO', 'humble'), ('LOGNAME', 'gong'), ('_', '/usr/bin/colcon'), ('ROS_VERSION', '2'), ('XDG_SESSION_CLASS', 'user'), ('USERNAME', 'gong'), ('TERM', 'xterm-256color'), ('GNOME_DESKTOP_SESSION_ID', 'this-is-deprecated'), ('ROS_LOCALHOST_ONLY', '0'), ('PATH', '/opt/ros/humble/bin:/home/gong/.local/bin:/usr/local/sbin:/usr/local/bin:/usr/sbin:/usr/bin:/sbin:/bin:/usr/games:/usr/local/games:/snap/bin:/snap/bin'), ('SESSION_MANAGER', 'local/gong-virtual-machine:@/tmp/.ICE-unix/1641,unix/gong-virtual-machine:/tmp/.ICE-unix/1641'), ('XDG_MENU_PREFIX', 'gnome-'), ('GNOME_TERMINAL_SCREEN', '/org/gnome/Terminal/screen/99195c75_78d1_482e_8bfc_fd6d9a4ec101'), ('GNOME_SETUP_DISPLAY', ':1'), ('XDG_RUNTIME_DIR', '/run/user/1000'), ('DISPLAY', ':0'), ('LANG', 'en_US.UTF-8'), ('XDG_CURRENT_DESKTOP', 'ubuntu:GNOME'), ('XMODIFIERS', '@im=ibus'), ('XDG_SESSION_DESKTOP', 'ubuntu'), ('XAUTHORITY', '/run/user/1000/.mutter-Xwaylandauth.V6J5L3'), ('LS_COLORS', 'rs=0:di=01;34:ln=01;36:mh=00:pi=40;33:so=01;35:do=01;35:bd=40;33;01:cd=40;33;01:or=40;31;01:mi=00:su=37;41:sg=30;43:ca=30;41:tw=30;42:ow=34;42:st=37;44:ex=01;32:*.tar=01;31:*.tgz=01;31:*.arc=01;31:*.arj=01;31:*.taz=01;31:*.lha=01;31:*.lz4=01;31:*.lzh=01;31:*.lzma=01;31:*.tlz=01;31:*.txz=01;31:*.tzo=01;31:*.t7z=01;31:*.zip=01;31:*.z=01;31:*.dz=01;31:*.gz=01;31:*.lrz=01;31:*.lz=01;31:*.lzo=01;31:*.xz=01;31:*.zst=01;31:*.tzst=01;31:*.bz2=01;31:*.bz=01;31:*.tbz=01;31:*.tbz2=01;31:*.tz=01;31:*.deb=01;31:*.rpm=01;31:*.jar=01;31:*.war=01;31:*.ear=01;31:*.sar=01;31:*.rar=01;31:*.alz=01;31:*.ace=01;31:*.zoo=01;31:*.cpio=01;31:*.7z=01;31:*.rz=01;31:*.cab=01;31:*.wim=01;31:*.swm=01;31:*.dwm=01;31:*.esd=01;31:*.jpg=01;35:*.jpeg=01;35:*.mjpg=01;35:*.mjpeg=01;35:*.gif=01;35:*.bmp=01;35:*.pbm=01;35:*.pgm=01;35:*.ppm=01;35:*.tga=01;35:*.xbm=01;35:*.xpm=01;35:*.tif=01;35:*.tiff=01;35:*.png=01;35:*.svg=01;35:*.svgz=01;35:*.mng=01;35:*.pcx=01;35:*.mov=01;35:*.mpg=01;35:*.mpeg=01;35:*.m2v=01;35:*.mkv=01;35:*.webm=01;35:*.webp=01;35:*.ogm=01;35:*.mp4=01;35:*.m4v=01;35:*.mp4v=01;35:*.vob=01;35:*.qt=01;35:*.nuv=01;35:*.wmv=01;35:*.asf=01;35:*.rm=01;35:*.rmvb=01;35:*.flc=01;35:*.avi=01;35:*.fli=01;35:*.flv=01;35:*.gl=01;35:*.dl=01;35:*.xcf=01;35:*.xwd=01;35:*.yuv=01;35:*.cgm=01;35:*.emf=01;35:*.ogv=01;35:*.ogx=01;35:*.aac=00;36:*.au=00;36:*.flac=00;36:*.m4a=00;36:*.mid=00;36:*.midi=00;36:*.mka=00;36:*.mp3=00;36:*.mpc=00;36:*.ogg=00;36:*.ra=00;36:*.wav=00;36:*.oga=00;36:*.opus=00;36:*.spx=00;36:*.xspf=00;36:'), ('GNOME_TERMINAL_SERVICE', ':1.103'), ('SSH_AGENT_LAUNCHER', 'gnome-keyring'), ('SSH_AUTH_SOCK', '/run/user/1000/keyring/ssh'), ('ROS_DOMAIN_ID', '0'), ('AMENT_PREFIX_PATH', '/home/gong/onset_ws/install/onsetbot:/home/gong/onset_ws/install/onset_interfaces:/home/gong/onset_ws/install/odrive_botwheel_explorer:/home/gong/onset_ws/install/odrive_ros2_control:/home/gong/onset_ws/install/odrive_can:/opt/ros/humble'), ('SHELL', '/bin/bash'), ('QT_ACCESSIBILITY', '1'), ('GDMSESSION', 'ubuntu'), ('LESSCLOSE', '/usr/bin/lesspipe %s %s'), ('QT_IM_MODULE', 'ibus'), ('PWD', '/home/gong/onset_ws/build/odrive_botwheel_explorer'), ('LC_ALL', 'en_US.UTF-8'), ('XDG_CONFIG_DIRS', '/etc/xdg/xdg-ubuntu:/etc/xdg'), ('XDG_DATA_DIRS', '/usr/share/ubuntu:/usr/local/share/:/usr/share/:/var/lib/snapd/desktop'), ('PYTHONPATH', '/home/gong/onset_ws/install/onsetbot/lib/python3.10/site-packages:/home/gong/onset_ws/install/onset_interfaces/local/lib/python3.10/dist-packages:/home/gong/onset_ws/install/odrive_can/local/lib/python3.10/dist-packages:/opt/ros/humble/lib/python3.10/site-packages:/opt/ros/humble/local/lib/python3.10/dist-packages'), ('COLCON', '1'), ('VTE_VERSION', '6800'), ('CMAKE_PREFIX_PATH', '/home/gong/onset_ws/install/odrive_ros2_control:/home/gong/onset_ws/install/onset_interfaces:/home/gong/onset_ws/install/odrive_botwheel_explorer:/home/gong/onset_ws/install/odrive_can:/home/gong/onset_ws/install/onsetbot:/opt/ros/humble')]), 'shell': False}
[2.972983] (-) TimerEvent: {}
[2.989524] (onset_interfaces) StdoutLine: {'line': b"Listing '/home/gong/onset_ws/install/onset_interfaces/local/lib/python3.10/dist-packages/onset_interfaces'...\n"}
[2.989870] (onset_interfaces) StdoutLine: {'line': b"Listing '/home/gong/onset_ws/install/onset_interfaces/local/lib/python3.10/dist-packages/onset_interfaces/msg'...\n"}
[2.999722] (odrive_botwheel_explorer) StdoutLine: {'line': b'-- Install configuration: ""\n'}
[2.999920] (odrive_botwheel_explorer) StdoutLine: {'line': b'-- Up-to-date: /home/gong/onset_ws/install/odrive_botwheel_explorer/share/odrive_botwheel_explorer/urdf\n'}
[2.999977] (odrive_botwheel_explorer) StdoutLine: {'line': b'-- Up-to-date: /home/gong/onset_ws/install/odrive_botwheel_explorer/share/odrive_botwheel_explorer/urdf/diffbot_description.urdf.xacro\n'}
[3.001546] (odrive_botwheel_explorer) StdoutLine: {'line': b'-- Up-to-date: /home/gong/onset_ws/install/odrive_botwheel_explorer/share/odrive_botwheel_explorer/urdf/diffbot.ros2_control.xacro\n'}
[3.001652] (odrive_botwheel_explorer) StdoutLine: {'line': b'-- Up-to-date: /home/gong/onset_ws/install/odrive_botwheel_explorer/share/odrive_botwheel_explorer/urdf/diffbot.urdf.xacro\n'}
[3.001706] (odrive_botwheel_explorer) StdoutLine: {'line': b'-- Up-to-date: /home/gong/onset_ws/install/odrive_botwheel_explorer/share/odrive_botwheel_explorer/config\n'}
[3.001839] (odrive_botwheel_explorer) StdoutLine: {'line': b'-- Up-to-date: /home/gong/onset_ws/install/odrive_botwheel_explorer/share/odrive_botwheel_explorer/config/diffbot_controllers.yaml\n'}
[3.001891] (odrive_botwheel_explorer) StdoutLine: {'line': b'-- Up-to-date: /home/gong/onset_ws/install/odrive_botwheel_explorer/share/odrive_botwheel_explorer/launch\n'}
[3.001936] (odrive_botwheel_explorer) StdoutLine: {'line': b'-- Up-to-date: /home/gong/onset_ws/install/odrive_botwheel_explorer/share/odrive_botwheel_explorer/launch/botwheel_explorer.launch.py\n'}
[3.001981] (odrive_botwheel_explorer) StdoutLine: {'line': b'-- Up-to-date: /home/gong/onset_ws/install/odrive_botwheel_explorer/share/ament_index/resource_index/package_run_dependencies/odrive_botwheel_explorer\n'}
[3.002027] (odrive_botwheel_explorer) StdoutLine: {'line': b'-- Up-to-date: /home/gong/onset_ws/install/odrive_botwheel_explorer/share/ament_index/resource_index/parent_prefix_path/odrive_botwheel_explorer\n'}
[3.002069] (odrive_botwheel_explorer) StdoutLine: {'line': b'-- Up-to-date: /home/gong/onset_ws/install/odrive_botwheel_explorer/share/odrive_botwheel_explorer/environment/ament_prefix_path.sh\n'}
[3.002109] (odrive_botwheel_explorer) StdoutLine: {'line': b'-- Up-to-date: /home/gong/onset_ws/install/odrive_botwheel_explorer/share/odrive_botwheel_explorer/environment/ament_prefix_path.dsv\n'}
[3.002148] (odrive_botwheel_explorer) StdoutLine: {'line': b'-- Up-to-date: /home/gong/onset_ws/install/odrive_botwheel_explorer/share/odrive_botwheel_explorer/environment/path.sh\n'}
[3.002188] (odrive_botwheel_explorer) StdoutLine: {'line': b'-- Up-to-date: /home/gong/onset_ws/install/odrive_botwheel_explorer/share/odrive_botwheel_explorer/environment/path.dsv\n'}
[3.002237] (odrive_botwheel_explorer) StdoutLine: {'line': b'-- Up-to-date: /home/gong/onset_ws/install/odrive_botwheel_explorer/share/odrive_botwheel_explorer/local_setup.bash\n'}
[3.004858] (odrive_botwheel_explorer) StdoutLine: {'line': b'-- Up-to-date: /home/gong/onset_ws/install/odrive_botwheel_explorer/share/odrive_botwheel_explorer/local_setup.sh\n'}
[3.004948] (odrive_botwheel_explorer) StdoutLine: {'line': b'-- Up-to-date: /home/gong/onset_ws/install/odrive_botwheel_explorer/share/odrive_botwheel_explorer/local_setup.zsh\n'}
[3.005000] (odrive_botwheel_explorer) StdoutLine: {'line': b'-- Up-to-date: /home/gong/onset_ws/install/odrive_botwheel_explorer/share/odrive_botwheel_explorer/local_setup.dsv\n'}
[3.005045] (odrive_botwheel_explorer) StdoutLine: {'line': b'-- Installing: /home/gong/onset_ws/install/odrive_botwheel_explorer/share/odrive_botwheel_explorer/package.dsv\n'}
[3.005087] (odrive_botwheel_explorer) StdoutLine: {'line': b'-- Up-to-date: /home/gong/onset_ws/install/odrive_botwheel_explorer/share/ament_index/resource_index/packages/odrive_botwheel_explorer\n'}
[3.005129] (odrive_botwheel_explorer) StdoutLine: {'line': b'-- Up-to-date: /home/gong/onset_ws/install/odrive_botwheel_explorer/share/odrive_botwheel_explorer/cmake/odrive_botwheel_explorerConfig.cmake\n'}
[3.005170] (odrive_botwheel_explorer) StdoutLine: {'line': b'-- Up-to-date: /home/gong/onset_ws/install/odrive_botwheel_explorer/share/odrive_botwheel_explorer/cmake/odrive_botwheel_explorerConfig-version.cmake\n'}
[3.005211] (odrive_botwheel_explorer) StdoutLine: {'line': b'-- Up-to-date: /home/gong/onset_ws/install/odrive_botwheel_explorer/share/odrive_botwheel_explorer/package.xml\n'}
[3.006654] (onset_interfaces) StdoutLine: {'line': b'-- Up-to-date: /home/gong/onset_ws/install/onset_interfaces/local/lib/python3.10/dist-packages/onset_interfaces/onset_interfaces_s__rosidl_typesupport_fastrtps_c.cpython-310-x86_64-linux-gnu.so\n'}
[3.008443] (onset_interfaces) StdoutLine: {'line': b'-- Up-to-date: /home/gong/onset_ws/install/onset_interfaces/local/lib/python3.10/dist-packages/onset_interfaces/onset_interfaces_s__rosidl_typesupport_introspection_c.cpython-310-x86_64-linux-gnu.so\n'}
[3.011550] (onset_interfaces) StdoutLine: {'line': b'-- Up-to-date: /home/gong/onset_ws/install/onset_interfaces/local/lib/python3.10/dist-packages/onset_interfaces/onset_interfaces_s__rosidl_typesupport_c.cpython-310-x86_64-linux-gnu.so\n'}
[3.012903] (onset_interfaces) StdoutLine: {'line': b'-- Up-to-date: /home/gong/onset_ws/install/onset_interfaces/lib/libonset_interfaces__rosidl_generator_py.so\n'}
[3.013059] (onset_interfaces) StdoutLine: {'line': b'-- Up-to-date: /home/gong/onset_ws/install/onset_interfaces/share/onset_interfaces/msg/LaunchCommand.idl\n'}
[3.013121] (onset_interfaces) StdoutLine: {'line': b'-- Up-to-date: /home/gong/onset_ws/install/onset_interfaces/share/onset_interfaces/msg/OnsetStatus.idl\n'}
[3.015594] (onset_interfaces) StdoutLine: {'line': b'-- Up-to-date: /home/gong/onset_ws/install/onset_interfaces/share/onset_interfaces/msg/STM32Message.idl\n'}
[3.015749] (onset_interfaces) StdoutLine: {'line': b'-- Up-to-date: /home/gong/onset_ws/install/onset_interfaces/share/onset_interfaces/msg/STM32State.idl\n'}
[3.015809] (odrive_botwheel_explorer) CommandEnded: {'returncode': 0}
[3.016051] (onset_interfaces) StdoutLine: {'line': b'-- Up-to-date: /home/gong/onset_ws/install/onset_interfaces/share/onset_interfaces/msg/HomeCommand.idl\n'}
[3.016122] (onset_interfaces) StdoutLine: {'line': b'-- Up-to-date: /home/gong/onset_ws/install/onset_interfaces/share/onset_interfaces/msg/LaunchCommand.msg\n'}
[3.016174] (onset_interfaces) StdoutLine: {'line': b'-- Up-to-date: /home/gong/onset_ws/install/onset_interfaces/share/onset_interfaces/msg/OnsetStatus.msg\n'}
[3.016221] (onset_interfaces) StdoutLine: {'line': b'-- Up-to-date: /home/gong/onset_ws/install/onset_interfaces/share/onset_interfaces/msg/STM32Message.msg\n'}
[3.016266] (onset_interfaces) StdoutLine: {'line': b'-- Up-to-date: /home/gong/onset_ws/install/onset_interfaces/share/onset_interfaces/msg/STM32State.msg\n'}
[3.016309] (onset_interfaces) StdoutLine: {'line': b'-- Up-to-date: /home/gong/onset_ws/install/onset_interfaces/share/onset_interfaces/msg/HomeCommand.msg\n'}
[3.016351] (onset_interfaces) StdoutLine: {'line': b'-- Up-to-date: /home/gong/onset_ws/install/onset_interfaces/share/ament_index/resource_index/package_run_dependencies/onset_interfaces\n'}
[3.016395] (onset_interfaces) StdoutLine: {'line': b'-- Up-to-date: /home/gong/onset_ws/install/onset_interfaces/share/ament_index/resource_index/parent_prefix_path/onset_interfaces\n'}
[3.016437] (onset_interfaces) StdoutLine: {'line': b'-- Up-to-date: /home/gong/onset_ws/install/onset_interfaces/share/onset_interfaces/environment/ament_prefix_path.sh\n'}
[3.016590] (onset_interfaces) StdoutLine: {'line': b'-- Up-to-date: /home/gong/onset_ws/install/onset_interfaces/share/onset_interfaces/environment/ament_prefix_path.dsv\n'}
[3.016651] (onset_interfaces) StdoutLine: {'line': b'-- Up-to-date: /home/gong/onset_ws/install/onset_interfaces/share/onset_interfaces/environment/path.sh\n'}
[3.016699] (onset_interfaces) StdoutLine: {'line': b'-- Up-to-date: /home/gong/onset_ws/install/onset_interfaces/share/onset_interfaces/environment/path.dsv\n'}
[3.016743] (onset_interfaces) StdoutLine: {'line': b'-- Up-to-date: /home/gong/onset_ws/install/onset_interfaces/share/onset_interfaces/local_setup.bash\n'}
[3.016784] (onset_interfaces) StdoutLine: {'line': b'-- Up-to-date: /home/gong/onset_ws/install/onset_interfaces/share/onset_interfaces/local_setup.sh\n'}
[3.018961] (onset_interfaces) StdoutLine: {'line': b'-- Up-to-date: /home/gong/onset_ws/install/onset_interfaces/share/onset_interfaces/local_setup.zsh\n'}
[3.019094] (onset_interfaces) StdoutLine: {'line': b'-- Up-to-date: /home/gong/onset_ws/install/onset_interfaces/share/onset_interfaces/local_setup.dsv\n'}
[3.019152] (onset_interfaces) StdoutLine: {'line': b'-- Installing: /home/gong/onset_ws/install/onset_interfaces/share/onset_interfaces/package.dsv\n'}
[3.019205] (onset_interfaces) StdoutLine: {'line': b'-- Up-to-date: /home/gong/onset_ws/install/onset_interfaces/share/ament_index/resource_index/packages/onset_interfaces\n'}
[3.019255] (onset_interfaces) StdoutLine: {'line': b'-- Up-to-date: /home/gong/onset_ws/install/onset_interfaces/share/onset_interfaces/cmake/export_onset_interfaces__rosidl_generator_cExport.cmake\n'}
[3.021692] (onset_interfaces) StdoutLine: {'line': b'-- Up-to-date: /home/gong/onset_ws/install/onset_interfaces/share/onset_interfaces/cmake/export_onset_interfaces__rosidl_generator_cExport-noconfig.cmake\n'}
[3.021763] (onset_interfaces) StdoutLine: {'line': b'-- Up-to-date: /home/gong/onset_ws/install/onset_interfaces/share/onset_interfaces/cmake/export_onset_interfaces__rosidl_typesupport_fastrtps_cExport.cmake\n'}
[3.021814] (onset_interfaces) StdoutLine: {'line': b'-- Up-to-date: /home/gong/onset_ws/install/onset_interfaces/share/onset_interfaces/cmake/export_onset_interfaces__rosidl_typesupport_fastrtps_cExport-noconfig.cmake\n'}
[3.021874] (onset_interfaces) StdoutLine: {'line': b'-- Up-to-date: /home/gong/onset_ws/install/onset_interfaces/share/onset_interfaces/cmake/onset_interfaces__rosidl_typesupport_introspection_cExport.cmake\n'}
[3.021921] (onset_interfaces) StdoutLine: {'line': b'-- Up-to-date: /home/gong/onset_ws/install/onset_interfaces/share/onset_interfaces/cmake/onset_interfaces__rosidl_typesupport_introspection_cExport-noconfig.cmake\n'}
[3.021965] (onset_interfaces) StdoutLine: {'line': b'-- Up-to-date: /home/gong/onset_ws/install/onset_interfaces/share/onset_interfaces/cmake/onset_interfaces__rosidl_typesupport_cExport.cmake\n'}
[3.022067] (onset_interfaces) StdoutLine: {'line': b'-- Up-to-date: /home/gong/onset_ws/install/onset_interfaces/share/onset_interfaces/cmake/onset_interfaces__rosidl_typesupport_cExport-noconfig.cmake\n'}
[3.022118] (onset_interfaces) StdoutLine: {'line': b'-- Up-to-date: /home/gong/onset_ws/install/onset_interfaces/share/onset_interfaces/cmake/export_onset_interfaces__rosidl_generator_cppExport.cmake\n'}
[3.022163] (onset_interfaces) StdoutLine: {'line': b'-- Up-to-date: /home/gong/onset_ws/install/onset_interfaces/share/onset_interfaces/cmake/export_onset_interfaces__rosidl_typesupport_fastrtps_cppExport.cmake\n'}
[3.022207] (onset_interfaces) StdoutLine: {'line': b'-- Up-to-date: /home/gong/onset_ws/install/onset_interfaces/share/onset_interfaces/cmake/export_onset_interfaces__rosidl_typesupport_fastrtps_cppExport-noconfig.cmake\n'}
[3.022269] (onset_interfaces) StdoutLine: {'line': b'-- Up-to-date: /home/gong/onset_ws/install/onset_interfaces/share/onset_interfaces/cmake/onset_interfaces__rosidl_typesupport_introspection_cppExport.cmake\n'}
[3.022315] (onset_interfaces) StdoutLine: {'line': b'-- Up-to-date: /home/gong/onset_ws/install/onset_interfaces/share/onset_interfaces/cmake/onset_interfaces__rosidl_typesupport_introspection_cppExport-noconfig.cmake\n'}
[3.022365] (onset_interfaces) StdoutLine: {'line': b'-- Up-to-date: /home/gong/onset_ws/install/onset_interfaces/share/onset_interfaces/cmake/onset_interfaces__rosidl_typesupport_cppExport.cmake\n'}
[3.022412] (onset_interfaces) StdoutLine: {'line': b'-- Up-to-date: /home/gong/onset_ws/install/onset_interfaces/share/onset_interfaces/cmake/onset_interfaces__rosidl_typesupport_cppExport-noconfig.cmake\n'}
[3.022456] (onset_interfaces) StdoutLine: {'line': b'-- Up-to-date: /home/gong/onset_ws/install/onset_interfaces/share/onset_interfaces/cmake/export_onset_interfaces__rosidl_generator_pyExport.cmake\n'}
[3.022587] (onset_interfaces) StdoutLine: {'line': b'-- Up-to-date: /home/gong/onset_ws/install/onset_interfaces/share/onset_interfaces/cmake/export_onset_interfaces__rosidl_generator_pyExport-noconfig.cmake\n'}
[3.022649] (onset_interfaces) StdoutLine: {'line': b'-- Up-to-date: /home/gong/onset_ws/install/onset_interfaces/share/onset_interfaces/cmake/rosidl_cmake-extras.cmake\n'}
[3.022698] (onset_interfaces) StdoutLine: {'line': b'-- Up-to-date: /home/gong/onset_ws/install/onset_interfaces/share/onset_interfaces/cmake/ament_cmake_export_include_directories-extras.cmake\n'}
[3.023903] (onset_interfaces) StdoutLine: {'line': b'-- Up-to-date: /home/gong/onset_ws/install/onset_interfaces/share/onset_interfaces/cmake/ament_cmake_export_libraries-extras.cmake\n'}
[3.024007] (onset_interfaces) StdoutLine: {'line': b'-- Up-to-date: /home/gong/onset_ws/install/onset_interfaces/share/onset_interfaces/cmake/ament_cmake_export_targets-extras.cmake\n'}
[3.024065] (onset_interfaces) StdoutLine: {'line': b'-- Up-to-date: /home/gong/onset_ws/install/onset_interfaces/share/onset_interfaces/cmake/rosidl_cmake_export_typesupport_targets-extras.cmake\n'}
[3.024115] (onset_interfaces) StdoutLine: {'line': b'-- Up-to-date: /home/gong/onset_ws/install/onset_interfaces/share/onset_interfaces/cmake/ament_cmake_export_dependencies-extras.cmake\n'}
[3.024295] (onset_interfaces) StdoutLine: {'line': b'-- Up-to-date: /home/gong/onset_ws/install/onset_interfaces/share/onset_interfaces/cmake/rosidl_cmake_export_typesupport_libraries-extras.cmake\n'}
[3.024362] (onset_interfaces) StdoutLine: {'line': b'-- Up-to-date: /home/gong/onset_ws/install/onset_interfaces/share/onset_interfaces/cmake/onset_interfacesConfig.cmake\n'}
[3.024413] (onset_interfaces) StdoutLine: {'line': b'-- Up-to-date: /home/gong/onset_ws/install/onset_interfaces/share/onset_interfaces/cmake/onset_interfacesConfig-version.cmake\n'}
[3.024459] (onset_interfaces) StdoutLine: {'line': b'-- Up-to-date: /home/gong/onset_ws/install/onset_interfaces/share/onset_interfaces/package.xml\n'}
[3.060357] (odrive_botwheel_explorer) JobEnded: {'identifier': 'odrive_botwheel_explorer', 'rc': 0}
[3.062959] (onset_interfaces) CommandEnded: {'returncode': 0}
[3.073525] (-) TimerEvent: {}
[3.094343] (onset_interfaces) JobEnded: {'identifier': 'onset_interfaces', 'rc': 0}
[3.095092] (onsetbot) JobStarted: {'identifier': 'onsetbot'}
[3.173766] (-) TimerEvent: {}
[3.274273] (-) TimerEvent: {}
[3.374721] (-) TimerEvent: {}
[3.477239] (-) TimerEvent: {}
[3.577770] (-) TimerEvent: {}
[3.679143] (-) TimerEvent: {}
[3.779926] (-) TimerEvent: {}
[3.881551] (-) TimerEvent: {}
[3.982369] (-) TimerEvent: {}
[4.083740] (-) TimerEvent: {}
[4.186005] (-) TimerEvent: {}
[4.288409] (-) TimerEvent: {}
[4.369643] (onsetbot) Command: {'cmd': ['/usr/bin/python3', '-W', 'ignore:setup.py install is deprecated', '-W', 'ignore:easy_install command is deprecated', 'setup.py', 'egg_info', '--egg-base', '../../build/onsetbot', 'build', '--build-base', '/home/gong/onset_ws/build/onsetbot/build', 'install', '--record', '/home/gong/onset_ws/build/onsetbot/install.log', '--single-version-externally-managed', 'install_data'], 'cwd': '/home/gong/onset_ws/src/onsetbot', 'env': {'LESSOPEN': '| /usr/bin/lesspipe %s', 'LANGUAGE': 'en_CA:en', 'USER': 'gong', 'XDG_SESSION_TYPE': 'wayland', 'SHLVL': '1', 'LD_LIBRARY_PATH': '/home/gong/onset_ws/install/onset_interfaces/lib:/home/gong/onset_ws/install/odrive_can/lib:/home/gong/onset_ws/install/odrive_ros2_control/lib:/usr/lib/x86_64-linux-gnu/gazebo-11/plugins:/opt/ros/humble/opt/rviz_ogre_vendor/lib:/opt/ros/humble/lib/x86_64-linux-gnu:/opt/ros/humble/lib', 'HOME': '/home/gong', 'OLDPWD': '/home/gong/onset_ws/src/onsetbot', 'DESKTOP_SESSION': 'ubuntu', 'ROS_PYTHON_VERSION': '3', 'GNOME_SHELL_SESSION_MODE': 'ubuntu', 'GTK_MODULES': 'gail:atk-bridge', 'SYSTEMD_EXEC_PID': '2256', 'DBUS_SESSION_BUS_ADDRESS': 'unix:path=/run/user/1000/bus', 'COLORTERM': 'truecolor', 'IM_CONFIG_PHASE': '1', 'WAYLAND_DISPLAY': 'wayland-0', 'COLCON_PREFIX_PATH': '/home/gong/onset_ws/install', 'ROS_DISTRO': 'humble', 'LOGNAME': 'gong', '_': '/usr/bin/colcon', 'ROS_VERSION': '2', 'XDG_SESSION_CLASS': 'user', 'USERNAME': 'gong', 'TERM': 'xterm-256color', 'GNOME_DESKTOP_SESSION_ID': 'this-is-deprecated', 'ROS_LOCALHOST_ONLY': '0', 'PATH': '/opt/ros/humble/bin:/home/gong/.local/bin:/usr/local/sbin:/usr/local/bin:/usr/sbin:/usr/bin:/sbin:/bin:/usr/games:/usr/local/games:/snap/bin:/snap/bin', 'SESSION_MANAGER': 'local/gong-virtual-machine:@/tmp/.ICE-unix/1641,unix/gong-virtual-machine:/tmp/.ICE-unix/1641', 'XDG_MENU_PREFIX': 'gnome-', 'GNOME_TERMINAL_SCREEN': '/org/gnome/Terminal/screen/99195c75_78d1_482e_8bfc_fd6d9a4ec101', 'GNOME_SETUP_DISPLAY': ':1', 'XDG_RUNTIME_DIR': '/run/user/1000', 'DISPLAY': ':0', 'LANG': 'en_US.UTF-8', 'XDG_CURRENT_DESKTOP': 'ubuntu:GNOME', 'XMODIFIERS': '@im=ibus', 'XDG_SESSION_DESKTOP': 'ubuntu', 'XAUTHORITY': '/run/user/1000/.mutter-Xwaylandauth.V6J5L3', 'LS_COLORS': 'rs=0:di=01;34:ln=01;36:mh=00:pi=40;33:so=01;35:do=01;35:bd=40;33;01:cd=40;33;01:or=40;31;01:mi=00:su=37;41:sg=30;43:ca=30;41:tw=30;42:ow=34;42:st=37;44:ex=01;32:*.tar=01;31:*.tgz=01;31:*.arc=01;31:*.arj=01;31:*.taz=01;31:*.lha=01;31:*.lz4=01;31:*.lzh=01;31:*.lzma=01;31:*.tlz=01;31:*.txz=01;31:*.tzo=01;31:*.t7z=01;31:*.zip=01;31:*.z=01;31:*.dz=01;31:*.gz=01;31:*.lrz=01;31:*.lz=01;31:*.lzo=01;31:*.xz=01;31:*.zst=01;31:*.tzst=01;31:*.bz2=01;31:*.bz=01;31:*.tbz=01;31:*.tbz2=01;31:*.tz=01;31:*.deb=01;31:*.rpm=01;31:*.jar=01;31:*.war=01;31:*.ear=01;31:*.sar=01;31:*.rar=01;31:*.alz=01;31:*.ace=01;31:*.zoo=01;31:*.cpio=01;31:*.7z=01;31:*.rz=01;31:*.cab=01;31:*.wim=01;31:*.swm=01;31:*.dwm=01;31:*.esd=01;31:*.jpg=01;35:*.jpeg=01;35:*.mjpg=01;35:*.mjpeg=01;35:*.gif=01;35:*.bmp=01;35:*.pbm=01;35:*.pgm=01;35:*.ppm=01;35:*.tga=01;35:*.xbm=01;35:*.xpm=01;35:*.tif=01;35:*.tiff=01;35:*.png=01;35:*.svg=01;35:*.svgz=01;35:*.mng=01;35:*.pcx=01;35:*.mov=01;35:*.mpg=01;35:*.mpeg=01;35:*.m2v=01;35:*.mkv=01;35:*.webm=01;35:*.webp=01;35:*.ogm=01;35:*.mp4=01;35:*.m4v=01;35:*.mp4v=01;35:*.vob=01;35:*.qt=01;35:*.nuv=01;35:*.wmv=01;35:*.asf=01;35:*.rm=01;35:*.rmvb=01;35:*.flc=01;35:*.avi=01;35:*.fli=01;35:*.flv=01;35:*.gl=01;35:*.dl=01;35:*.xcf=01;35:*.xwd=01;35:*.yuv=01;35:*.cgm=01;35:*.emf=01;35:*.ogv=01;35:*.ogx=01;35:*.aac=00;36:*.au=00;36:*.flac=00;36:*.m4a=00;36:*.mid=00;36:*.midi=00;36:*.mka=00;36:*.mp3=00;36:*.mpc=00;36:*.ogg=00;36:*.ra=00;36:*.wav=00;36:*.oga=00;36:*.opus=00;36:*.spx=00;36:*.xspf=00;36:', 'GNOME_TERMINAL_SERVICE': ':1.103', 'SSH_AGENT_LAUNCHER': 'gnome-keyring', 'SSH_AUTH_SOCK': '/run/user/1000/keyring/ssh', 'ROS_DOMAIN_ID': '0', 'AMENT_PREFIX_PATH': '/home/gong/onset_ws/install/onsetbot:/home/gong/onset_ws/install/onset_interfaces:/home/gong/onset_ws/install/odrive_botwheel_explorer:/home/gong/onset_ws/install/odrive_ros2_control:/home/gong/onset_ws/install/odrive_can:/opt/ros/humble', 'SHELL': '/bin/bash', 'QT_ACCESSIBILITY': '1', 'GDMSESSION': 'ubuntu', 'LESSCLOSE': '/usr/bin/lesspipe %s %s', 'QT_IM_MODULE': 'ibus', 'PWD': '/home/gong/onset_ws/build/onsetbot', 'LC_ALL': 'en_US.UTF-8', 'XDG_CONFIG_DIRS': '/etc/xdg/xdg-ubuntu:/etc/xdg', 'XDG_DATA_DIRS': '/usr/share/ubuntu:/usr/local/share/:/usr/share/:/var/lib/snapd/desktop', 'PYTHONPATH': '/home/gong/onset_ws/build/onsetbot/prefix_override:/usr/lib/python3/dist-packages/colcon_core/task/python/colcon_distutils_commands:/home/gong/onset_ws/install/onsetbot/lib/python3.10/site-packages:/home/gong/onset_ws/install/onsetbot/lib/python3.10/site-packages:/home/gong/onset_ws/install/onset_interfaces/local/lib/python3.10/dist-packages:/home/gong/onset_ws/install/odrive_can/local/lib/python3.10/dist-packages:/opt/ros/humble/lib/python3.10/site-packages:/opt/ros/humble/local/lib/python3.10/dist-packages', 'COLCON': '1', 'VTE_VERSION': '6800', 'CMAKE_PREFIX_PATH': '/home/gong/onset_ws/install/onset_interfaces:/home/gong/onset_ws/install/odrive_can:/home/gong/onset_ws/install/odrive_botwheel_explorer:/home/gong/onset_ws/install/odrive_ros2_control'}, 'shell': False}
[4.388907] (-) TimerEvent: {}
[4.490261] (-) TimerEvent: {}
[4.592472] (-) TimerEvent: {}
[4.695208] (-) TimerEvent: {}
[4.796283] (-) TimerEvent: {}
[4.819204] (onsetbot) StdoutLine: {'line': b'running egg_info\n'}
[4.819527] (onsetbot) StdoutLine: {'line': b'writing ../../build/onsetbot/onsetbot.egg-info/PKG-INFO\n'}
[4.820251] (onsetbot) StdoutLine: {'line': b'writing dependency_links to ../../build/onsetbot/onsetbot.egg-info/dependency_links.txt\n'}
[4.820339] (onsetbot) StdoutLine: {'line': b'writing entry points to ../../build/onsetbot/onsetbot.egg-info/entry_points.txt\n'}
[4.820740] (onsetbot) StdoutLine: {'line': b'writing requirements to ../../build/onsetbot/onsetbot.egg-info/requires.txt\n'}
[4.820817] (onsetbot) StdoutLine: {'line': b'writing top-level names to ../../build/onsetbot/onsetbot.egg-info/top_level.txt\n'}
[4.826435] (onsetbot) StdoutLine: {'line': b"reading manifest file '../../build/onsetbot/onsetbot.egg-info/SOURCES.txt'\n"}
[4.827673] (onsetbot) StdoutLine: {'line': b"writing manifest file '../../build/onsetbot/onsetbot.egg-info/SOURCES.txt'\n"}
[4.828433] (onsetbot) StdoutLine: {'line': b'running build\n'}
[4.828573] (onsetbot) StdoutLine: {'line': b'running build_py\n'}
[4.829721] (onsetbot) StdoutLine: {'line': b'copying onsetbot/actuator_command.py -> /home/gong/onset_ws/build/onsetbot/build/lib/onsetbot\n'}
[4.829814] (onsetbot) StdoutLine: {'line': b'running install\n'}
[4.829868] (onsetbot) StdoutLine: {'line': b'running install_lib\n'}
[4.830440] (onsetbot) StdoutLine: {'line': b'copying /home/gong/onset_ws/build/onsetbot/build/lib/onsetbot/actuator_command.py -> /home/gong/onset_ws/install/onsetbot/lib/python3.10/site-packages/onsetbot\n'}
[4.831854] (onsetbot) StdoutLine: {'line': b'byte-compiling /home/gong/onset_ws/install/onsetbot/lib/python3.10/site-packages/onsetbot/actuator_command.py to actuator_command.cpython-310.pyc\n'}
[4.842390] (onsetbot) StdoutLine: {'line': b'running install_data\n'}
[4.842728] (onsetbot) StdoutLine: {'line': b'running install_egg_info\n'}
[4.846225] (onsetbot) StdoutLine: {'line': b"removing '/home/gong/onset_ws/install/onsetbot/lib/python3.10/site-packages/onsetbot-0.0.0-py3.10.egg-info' (and everything under it)\n"}
[4.846467] (onsetbot) StdoutLine: {'line': b'Copying ../../build/onsetbot/onsetbot.egg-info to /home/gong/onset_ws/install/onsetbot/lib/python3.10/site-packages/onsetbot-0.0.0-py3.10.egg-info\n'}
[4.848571] (onsetbot) StdoutLine: {'line': b'running install_scripts\n'}
[4.881272] (onsetbot) StdoutLine: {'line': b'Installing actuator_command script to /home/gong/onset_ws/install/onsetbot/lib/onsetbot\n'}
[4.881483] (onsetbot) StdoutLine: {'line': b'Installing odrive_can_bridge script to /home/gong/onset_ws/install/onsetbot/lib/onsetbot\n'}
[4.882394] (onsetbot) StdoutLine: {'line': b'Installing onset_gui script to /home/gong/onset_ws/install/onsetbot/lib/onsetbot\n'}
[4.882482] (onsetbot) StdoutLine: {'line': b'Installing stm32_bridge script to /home/gong/onset_ws/install/onsetbot/lib/onsetbot\n'}
[4.882541] (onsetbot) StdoutLine: {'line': b"writing list of installed files to '/home/gong/onset_ws/build/onsetbot/install.log'\n"}
[4.896501] (-) TimerEvent: {}
[4.923214] (onsetbot) CommandEnded: {'returncode': 0}
[4.940597] (onsetbot) JobEnded: {'identifier': 'onsetbot', 'rc': 0}
[4.943405] (-) EventReactorShutdown: {}
