[0.000000] (-) TimerEvent: {}
[0.001831] (odrive_can) JobQueued: {'identifier': 'odrive_can', 'dependencies': OrderedDict()}
[0.001900] (odrive_ros2_control) JobQueued: {'identifier': 'odrive_ros2_control', 'dependencies': OrderedDict()}
[0.001922] (onset_interfaces) JobQueued: {'identifier': 'onset_interfaces', 'dependencies': OrderedDict()}
[0.001940] (odrive_botwheel_explorer) JobQueued: {'identifier': 'odrive_botwheel_explorer', 'dependencies': OrderedDict([('odrive_ros2_control', '/home/gong/onset_ws/install/odrive_ros2_control')])}
[0.001961] (onsetbot) JobQueued: {'identifier': 'onsetbot', 'dependencies': OrderedDict([('odrive_can', '/home/gong/onset_ws/install/odrive_can'), ('onset_interfaces', '/home/gong/onset_ws/install/onset_interfaces')])}
[0.001983] (odrive_can) JobStarted: {'identifier': 'odrive_can'}
[0.012748] (odrive_ros2_control) JobStarted: {'identifier': 'odrive_ros2_control'}
[0.023602] (odrive_can) JobProgress: {'identifier': 'odrive_can', 'progress': 'cmake'}
[0.025226] (odrive_can) JobProgress: {'identifier': 'odrive_can', 'progress': 'build'}
[0.025291] (odrive_can) Command: {'cmd': ['/usr/bin/cmake', '--build', '/home/gong/onset_ws/build/odrive_can', '--', '-j2', '-l2'], 'cwd': '/home/gong/onset_ws/build/odrive_can', 'env': OrderedDict([('LESSOPEN', '| /usr/bin/lesspipe %s'), ('LANGUAGE', 'en_CA:en'), ('USER', 'gong'), ('XDG_SESSION_TYPE', 'wayland'), ('SHLVL', '1'), ('LD_LIBRARY_PATH', '/home/gong/onset_ws/install/onset_interfaces/lib:/home/gong/onset_ws/install/odrive_ros2_control/lib:/home/gong/onset_ws/install/odrive_can/lib:/usr/lib/x86_64-linux-gnu/gazebo-11/plugins:/opt/ros/humble/opt/rviz_ogre_vendor/lib:/opt/ros/humble/lib/x86_64-linux-gnu:/opt/ros/humble/lib'), ('HOME', '/home/gong'), ('OLDPWD', '/home/gong/onset_ws/src/onsetbot'), ('DESKTOP_SESSION', 'ubuntu'), ('ROS_PYTHON_VERSION', '3'), ('GNOME_SHELL_SESSION_MODE', 'ubuntu'), ('GTK_MODULES', 'gail:atk-bridge'), ('SYSTEMD_EXEC_PID', '2257'), ('DBUS_SESSION_BUS_ADDRESS', 'unix:path=/run/user/1000/bus'), ('COLORTERM', 'truecolor'), ('IM_CONFIG_PHASE', '1'), ('WAYLAND_DISPLAY', 'wayland-0'), ('COLCON_PREFIX_PATH', '/home/gong/onset_ws/install'), ('ROS_DISTRO', 'humble'), ('LOGNAME', 'gong'), ('_', '/usr/bin/colcon'), ('ROS_VERSION', '2'), ('XDG_SESSION_CLASS', 'user'), ('USERNAME', 'gong'), ('TERM', 'xterm-256color'), ('GNOME_DESKTOP_SESSION_ID', 'this-is-deprecated'), ('ROS_LOCALHOST_ONLY', '0'), ('PATH', '/opt/ros/humble/bin:/home/gong/.local/bin:/usr/local/sbin:/usr/local/bin:/usr/sbin:/usr/bin:/sbin:/bin:/usr/games:/usr/local/games:/snap/bin:/snap/bin'), ('SESSION_MANAGER', 'local/gong-virtual-machine:@/tmp/.ICE-unix/1627,unix/gong-virtual-machine:/tmp/.ICE-unix/1627'), ('XDG_MENU_PREFIX', 'gnome-'), ('GNOME_TERMINAL_SCREEN', '/org/gnome/Terminal/screen/a5e5ee23_29d3_4186_9d99_8629ca68bc55'), ('GNOME_SETUP_DISPLAY', ':1'), ('XDG_RUNTIME_DIR', '/run/user/1000'), ('DISPLAY', ':0'), ('LANG', 'en_US.UTF-8'), ('XDG_CURRENT_DESKTOP', 'ubuntu:GNOME'), ('XMODIFIERS', '@im=ibus'), ('XDG_SESSION_DESKTOP', 'ubuntu'), ('XAUTHORITY', '/run/user/1000/.mutter-Xwaylandauth.SNL5L3'), ('LS_COLORS', 'rs=0:di=01;34:ln=01;36:mh=00:pi=40;33:so=01;35:do=01;35:bd=40;33;01:cd=40;33;01:or=40;31;01:mi=00:su=37;41:sg=30;43:ca=30;41:tw=30;42:ow=34;42:st=37;44:ex=01;32:*.tar=01;31:*.tgz=01;31:*.arc=01;31:*.arj=01;31:*.taz=01;31:*.lha=01;31:*.lz4=01;31:*.lzh=01;31:*.lzma=01;31:*.tlz=01;31:*.txz=01;31:*.tzo=01;31:*.t7z=01;31:*.zip=01;31:*.z=01;31:*.dz=01;31:*.gz=01;31:*.lrz=01;31:*.lz=01;31:*.lzo=01;31:*.xz=01;31:*.zst=01;31:*.tzst=01;31:*.bz2=01;31:*.bz=01;31:*.tbz=01;31:*.tbz2=01;31:*.tz=01;31:*.deb=01;31:*.rpm=01;31:*.jar=01;31:*.war=01;31:*.ear=01;31:*.sar=01;31:*.rar=01;31:*.alz=01;31:*.ace=01;31:*.zoo=01;31:*.cpio=01;31:*.7z=01;31:*.rz=01;31:*.cab=01;31:*.wim=01;31:*.swm=01;31:*.dwm=01;31:*.esd=01;31:*.jpg=01;35:*.jpeg=01;35:*.mjpg=01;35:*.mjpeg=01;35:*.gif=01;35:*.bmp=01;35:*.pbm=01;35:*.pgm=01;35:*.ppm=01;35:*.tga=01;35:*.xbm=01;35:*.xpm=01;35:*.tif=01;35:*.tiff=01;35:*.png=01;35:*.svg=01;35:*.svgz=01;35:*.mng=01;35:*.pcx=01;35:*.mov=01;35:*.mpg=01;35:*.mpeg=01;35:*.m2v=01;35:*.mkv=01;35:*.webm=01;35:*.webp=01;35:*.ogm=01;35:*.mp4=01;35:*.m4v=01;35:*.mp4v=01;35:*.vob=01;35:*.qt=01;35:*.nuv=01;35:*.wmv=01;35:*.asf=01;35:*.rm=01;35:*.rmvb=01;35:*.flc=01;35:*.avi=01;35:*.fli=01;35:*.flv=01;35:*.gl=01;35:*.dl=01;35:*.xcf=01;35:*.xwd=01;35:*.yuv=01;35:*.cgm=01;35:*.emf=01;35:*.ogv=01;35:*.ogx=01;35:*.aac=00;36:*.au=00;36:*.flac=00;36:*.m4a=00;36:*.mid=00;36:*.midi=00;36:*.mka=00;36:*.mp3=00;36:*.mpc=00;36:*.ogg=00;36:*.ra=00;36:*.wav=00;36:*.oga=00;36:*.opus=00;36:*.spx=00;36:*.xspf=00;36:'), ('GNOME_TERMINAL_SERVICE', ':1.106'), ('SSH_AGENT_LAUNCHER', 'gnome-keyring'), ('SSH_AUTH_SOCK', '/run/user/1000/keyring/ssh'), ('ROS_DOMAIN_ID', '0'), ('AMENT_PREFIX_PATH', '/home/gong/onset_ws/install/onsetbot:/home/gong/onset_ws/install/onset_interfaces:/home/gong/onset_ws/install/odrive_botwheel_explorer:/home/gong/onset_ws/install/odrive_ros2_control:/home/gong/onset_ws/install/odrive_can:/opt/ros/humble'), ('SHELL', '/bin/bash'), ('QT_ACCESSIBILITY', '1'), ('GDMSESSION', 'ubuntu'), ('LESSCLOSE', '/usr/bin/lesspipe %s %s'), ('QT_IM_MODULE', 'ibus'), ('PWD', '/home/gong/onset_ws/build/odrive_can'), ('LC_ALL', 'en_US.UTF-8'), ('XDG_CONFIG_DIRS', '/etc/xdg/xdg-ubuntu:/etc/xdg'), ('XDG_DATA_DIRS', '/usr/share/ubuntu:/usr/local/share/:/usr/share/:/var/lib/snapd/desktop'), ('PYTHONPATH', '/home/gong/onset_ws/install/onsetbot/lib/python3.10/site-packages:/home/gong/onset_ws/install/onset_interfaces/local/lib/python3.10/dist-packages:/home/gong/onset_ws/install/odrive_can/local/lib/python3.10/dist-packages:/opt/ros/humble/lib/python3.10/site-packages:/opt/ros/humble/local/lib/python3.10/dist-packages'), ('COLCON', '1'), ('VTE_VERSION', '6800'), ('CMAKE_PREFIX_PATH', '/home/gong/onset_ws/install/onset_interfaces:/home/gong/onset_ws/install/odrive_botwheel_explorer:/home/gong/onset_ws/install/odrive_ros2_control:/home/gong/onset_ws/install/odrive_can:/home/gong/onset_ws/install/onsetbot:/opt/ros/humble')]), 'shell': False}
[0.034473] (odrive_ros2_control) JobProgress: {'identifier': 'odrive_ros2_control', 'progress': 'cmake'}
[0.044111] (odrive_ros2_control) JobProgress: {'identifier': 'odrive_ros2_control', 'progress': 'build'}
[0.044186] (odrive_ros2_control) Command: {'cmd': ['/usr/bin/cmake', '--build', '/home/gong/onset_ws/build/odrive_ros2_control', '--', '-j2', '-l2'], 'cwd': '/home/gong/onset_ws/build/odrive_ros2_control', 'env': OrderedDict([('LESSOPEN', '| /usr/bin/lesspipe %s'), ('LANGUAGE', 'en_CA:en'), ('USER', 'gong'), ('XDG_SESSION_TYPE', 'wayland'), ('SHLVL', '1'), ('LD_LIBRARY_PATH', '/home/gong/onset_ws/install/onset_interfaces/lib:/home/gong/onset_ws/install/odrive_ros2_control/lib:/home/gong/onset_ws/install/odrive_can/lib:/usr/lib/x86_64-linux-gnu/gazebo-11/plugins:/opt/ros/humble/opt/rviz_ogre_vendor/lib:/opt/ros/humble/lib/x86_64-linux-gnu:/opt/ros/humble/lib'), ('HOME', '/home/gong'), ('OLDPWD', '/home/gong/onset_ws/src/onsetbot'), ('DESKTOP_SESSION', 'ubuntu'), ('ROS_PYTHON_VERSION', '3'), ('GNOME_SHELL_SESSION_MODE', 'ubuntu'), ('GTK_MODULES', 'gail:atk-bridge'), ('SYSTEMD_EXEC_PID', '2257'), ('DBUS_SESSION_BUS_ADDRESS', 'unix:path=/run/user/1000/bus'), ('COLORTERM', 'truecolor'), ('IM_CONFIG_PHASE', '1'), ('WAYLAND_DISPLAY', 'wayland-0'), ('COLCON_PREFIX_PATH', '/home/gong/onset_ws/install'), ('ROS_DISTRO', 'humble'), ('LOGNAME', 'gong'), ('_', '/usr/bin/colcon'), ('ROS_VERSION', '2'), ('XDG_SESSION_CLASS', 'user'), ('USERNAME', 'gong'), ('TERM', 'xterm-256color'), ('GNOME_DESKTOP_SESSION_ID', 'this-is-deprecated'), ('ROS_LOCALHOST_ONLY', '0'), ('PATH', '/opt/ros/humble/bin:/home/gong/.local/bin:/usr/local/sbin:/usr/local/bin:/usr/sbin:/usr/bin:/sbin:/bin:/usr/games:/usr/local/games:/snap/bin:/snap/bin'), ('SESSION_MANAGER', 'local/gong-virtual-machine:@/tmp/.ICE-unix/1627,unix/gong-virtual-machine:/tmp/.ICE-unix/1627'), ('XDG_MENU_PREFIX', 'gnome-'), ('GNOME_TERMINAL_SCREEN', '/org/gnome/Terminal/screen/a5e5ee23_29d3_4186_9d99_8629ca68bc55'), ('GNOME_SETUP_DISPLAY', ':1'), ('XDG_RUNTIME_DIR', '/run/user/1000'), ('DISPLAY', ':0'), ('LANG', 'en_US.UTF-8'), ('XDG_CURRENT_DESKTOP', 'ubuntu:GNOME'), ('XMODIFIERS', '@im=ibus'), ('XDG_SESSION_DESKTOP', 'ubuntu'), ('XAUTHORITY', '/run/user/1000/.mutter-Xwaylandauth.SNL5L3'), ('LS_COLORS', 'rs=0:di=01;34:ln=01;36:mh=00:pi=40;33:so=01;35:do=01;35:bd=40;33;01:cd=40;33;01:or=40;31;01:mi=00:su=37;41:sg=30;43:ca=30;41:tw=30;42:ow=34;42:st=37;44:ex=01;32:*.tar=01;31:*.tgz=01;31:*.arc=01;31:*.arj=01;31:*.taz=01;31:*.lha=01;31:*.lz4=01;31:*.lzh=01;31:*.lzma=01;31:*.tlz=01;31:*.txz=01;31:*.tzo=01;31:*.t7z=01;31:*.zip=01;31:*.z=01;31:*.dz=01;31:*.gz=01;31:*.lrz=01;31:*.lz=01;31:*.lzo=01;31:*.xz=01;31:*.zst=01;31:*.tzst=01;31:*.bz2=01;31:*.bz=01;31:*.tbz=01;31:*.tbz2=01;31:*.tz=01;31:*.deb=01;31:*.rpm=01;31:*.jar=01;31:*.war=01;31:*.ear=01;31:*.sar=01;31:*.rar=01;31:*.alz=01;31:*.ace=01;31:*.zoo=01;31:*.cpio=01;31:*.7z=01;31:*.rz=01;31:*.cab=01;31:*.wim=01;31:*.swm=01;31:*.dwm=01;31:*.esd=01;31:*.jpg=01;35:*.jpeg=01;35:*.mjpg=01;35:*.mjpeg=01;35:*.gif=01;35:*.bmp=01;35:*.pbm=01;35:*.pgm=01;35:*.ppm=01;35:*.tga=01;35:*.xbm=01;35:*.xpm=01;35:*.tif=01;35:*.tiff=01;35:*.png=01;35:*.svg=01;35:*.svgz=01;35:*.mng=01;35:*.pcx=01;35:*.mov=01;35:*.mpg=01;35:*.mpeg=01;35:*.m2v=01;35:*.mkv=01;35:*.webm=01;35:*.webp=01;35:*.ogm=01;35:*.mp4=01;35:*.m4v=01;35:*.mp4v=01;35:*.vob=01;35:*.qt=01;35:*.nuv=01;35:*.wmv=01;35:*.asf=01;35:*.rm=01;35:*.rmvb=01;35:*.flc=01;35:*.avi=01;35:*.fli=01;35:*.flv=01;35:*.gl=01;35:*.dl=01;35:*.xcf=01;35:*.xwd=01;35:*.yuv=01;35:*.cgm=01;35:*.emf=01;35:*.ogv=01;35:*.ogx=01;35:*.aac=00;36:*.au=00;36:*.flac=00;36:*.m4a=00;36:*.mid=00;36:*.midi=00;36:*.mka=00;36:*.mp3=00;36:*.mpc=00;36:*.ogg=00;36:*.ra=00;36:*.wav=00;36:*.oga=00;36:*.opus=00;36:*.spx=00;36:*.xspf=00;36:'), ('GNOME_TERMINAL_SERVICE', ':1.106'), ('SSH_AGENT_LAUNCHER', 'gnome-keyring'), ('SSH_AUTH_SOCK', '/run/user/1000/keyring/ssh'), ('ROS_DOMAIN_ID', '0'), ('AMENT_PREFIX_PATH', '/home/gong/onset_ws/install/onsetbot:/home/gong/onset_ws/install/onset_interfaces:/home/gong/onset_ws/install/odrive_botwheel_explorer:/home/gong/onset_ws/install/odrive_ros2_control:/home/gong/onset_ws/install/odrive_can:/opt/ros/humble'), ('SHELL', '/bin/bash'), ('QT_ACCESSIBILITY', '1'), ('GDMSESSION', 'ubuntu'), ('LESSCLOSE', '/usr/bin/lesspipe %s %s'), ('QT_IM_MODULE', 'ibus'), ('PWD', '/home/gong/onset_ws/build/odrive_ros2_control'), ('LC_ALL', 'en_US.UTF-8'), ('XDG_CONFIG_DIRS', '/etc/xdg/xdg-ubuntu:/etc/xdg'), ('XDG_DATA_DIRS', '/usr/share/ubuntu:/usr/local/share/:/usr/share/:/var/lib/snapd/desktop'), ('PYTHONPATH', '/home/gong/onset_ws/install/onsetbot/lib/python3.10/site-packages:/home/gong/onset_ws/install/onset_interfaces/local/lib/python3.10/dist-packages:/home/gong/onset_ws/install/odrive_can/local/lib/python3.10/dist-packages:/opt/ros/humble/lib/python3.10/site-packages:/opt/ros/humble/local/lib/python3.10/dist-packages'), ('COLCON', '1'), ('VTE_VERSION', '6800'), ('CMAKE_PREFIX_PATH', '/home/gong/onset_ws/install/onset_interfaces:/home/gong/onset_ws/install/odrive_botwheel_explorer:/home/gong/onset_ws/install/odrive_ros2_control:/home/gong/onset_ws/install/odrive_can:/home/gong/onset_ws/install/onsetbot:/opt/ros/humble')]), 'shell': False}
[0.097707] (-) TimerEvent: {}
[0.143008] (odrive_can) StdoutLine: {'line': b'[  1%] Built target odrive_can__cpp\n'}
[0.197894] (-) TimerEvent: {}
[0.215467] (odrive_can) StdoutLine: {'line': b'[ 11%] Built target odrive_can__rosidl_generator_c\n'}
[0.236800] (odrive_can) StdoutLine: {'line': b'[ 11%] Built target ament_cmake_python_copy_odrive_can\n'}
[0.253319] (odrive_ros2_control) StdoutLine: {'line': b'[100%] Built target odrive_ros2_control_plugin\n'}
[0.286564] (odrive_ros2_control) CommandEnded: {'returncode': 0}
[0.287118] (odrive_can) StdoutLine: {'line': b'[ 21%] Built target odrive_can__rosidl_typesupport_cpp\n'}
[0.289069] (odrive_ros2_control) JobProgress: {'identifier': 'odrive_ros2_control', 'progress': 'install'}
[0.298103] (-) TimerEvent: {}
[0.316363] (odrive_can) StdoutLine: {'line': b'[ 31%] Built target odrive_can__rosidl_typesupport_fastrtps_c\n'}
[0.331365] (odrive_ros2_control) Command: {'cmd': ['/usr/bin/cmake', '--install', '/home/gong/onset_ws/build/odrive_ros2_control'], 'cwd': '/home/gong/onset_ws/build/odrive_ros2_control', 'env': OrderedDict([('LESSOPEN', '| /usr/bin/lesspipe %s'), ('LANGUAGE', 'en_CA:en'), ('USER', 'gong'), ('XDG_SESSION_TYPE', 'wayland'), ('SHLVL', '1'), ('LD_LIBRARY_PATH', '/home/gong/onset_ws/install/onset_interfaces/lib:/home/gong/onset_ws/install/odrive_ros2_control/lib:/home/gong/onset_ws/install/odrive_can/lib:/usr/lib/x86_64-linux-gnu/gazebo-11/plugins:/opt/ros/humble/opt/rviz_ogre_vendor/lib:/opt/ros/humble/lib/x86_64-linux-gnu:/opt/ros/humble/lib'), ('HOME', '/home/gong'), ('OLDPWD', '/home/gong/onset_ws/src/onsetbot'), ('DESKTOP_SESSION', 'ubuntu'), ('ROS_PYTHON_VERSION', '3'), ('GNOME_SHELL_SESSION_MODE', 'ubuntu'), ('GTK_MODULES', 'gail:atk-bridge'), ('SYSTEMD_EXEC_PID', '2257'), ('DBUS_SESSION_BUS_ADDRESS', 'unix:path=/run/user/1000/bus'), ('COLORTERM', 'truecolor'), ('IM_CONFIG_PHASE', '1'), ('WAYLAND_DISPLAY', 'wayland-0'), ('COLCON_PREFIX_PATH', '/home/gong/onset_ws/install'), ('ROS_DISTRO', 'humble'), ('LOGNAME', 'gong'), ('_', '/usr/bin/colcon'), ('ROS_VERSION', '2'), ('XDG_SESSION_CLASS', 'user'), ('USERNAME', 'gong'), ('TERM', 'xterm-256color'), ('GNOME_DESKTOP_SESSION_ID', 'this-is-deprecated'), ('ROS_LOCALHOST_ONLY', '0'), ('PATH', '/opt/ros/humble/bin:/home/gong/.local/bin:/usr/local/sbin:/usr/local/bin:/usr/sbin:/usr/bin:/sbin:/bin:/usr/games:/usr/local/games:/snap/bin:/snap/bin'), ('SESSION_MANAGER', 'local/gong-virtual-machine:@/tmp/.ICE-unix/1627,unix/gong-virtual-machine:/tmp/.ICE-unix/1627'), ('XDG_MENU_PREFIX', 'gnome-'), ('GNOME_TERMINAL_SCREEN', '/org/gnome/Terminal/screen/a5e5ee23_29d3_4186_9d99_8629ca68bc55'), ('GNOME_SETUP_DISPLAY', ':1'), ('XDG_RUNTIME_DIR', '/run/user/1000'), ('DISPLAY', ':0'), ('LANG', 'en_US.UTF-8'), ('XDG_CURRENT_DESKTOP', 'ubuntu:GNOME'), ('XMODIFIERS', '@im=ibus'), ('XDG_SESSION_DESKTOP', 'ubuntu'), ('XAUTHORITY', '/run/user/1000/.mutter-Xwaylandauth.SNL5L3'), ('LS_COLORS', 'rs=0:di=01;34:ln=01;36:mh=00:pi=40;33:so=01;35:do=01;35:bd=40;33;01:cd=40;33;01:or=40;31;01:mi=00:su=37;41:sg=30;43:ca=30;41:tw=30;42:ow=34;42:st=37;44:ex=01;32:*.tar=01;31:*.tgz=01;31:*.arc=01;31:*.arj=01;31:*.taz=01;31:*.lha=01;31:*.lz4=01;31:*.lzh=01;31:*.lzma=01;31:*.tlz=01;31:*.txz=01;31:*.tzo=01;31:*.t7z=01;31:*.zip=01;31:*.z=01;31:*.dz=01;31:*.gz=01;31:*.lrz=01;31:*.lz=01;31:*.lzo=01;31:*.xz=01;31:*.zst=01;31:*.tzst=01;31:*.bz2=01;31:*.bz=01;31:*.tbz=01;31:*.tbz2=01;31:*.tz=01;31:*.deb=01;31:*.rpm=01;31:*.jar=01;31:*.war=01;31:*.ear=01;31:*.sar=01;31:*.rar=01;31:*.alz=01;31:*.ace=01;31:*.zoo=01;31:*.cpio=01;31:*.7z=01;31:*.rz=01;31:*.cab=01;31:*.wim=01;31:*.swm=01;31:*.dwm=01;31:*.esd=01;31:*.jpg=01;35:*.jpeg=01;35:*.mjpg=01;35:*.mjpeg=01;35:*.gif=01;35:*.bmp=01;35:*.pbm=01;35:*.pgm=01;35:*.ppm=01;35:*.tga=01;35:*.xbm=01;35:*.xpm=01;35:*.tif=01;35:*.tiff=01;35:*.png=01;35:*.svg=01;35:*.svgz=01;35:*.mng=01;35:*.pcx=01;35:*.mov=01;35:*.mpg=01;35:*.mpeg=01;35:*.m2v=01;35:*.mkv=01;35:*.webm=01;35:*.webp=01;35:*.ogm=01;35:*.mp4=01;35:*.m4v=01;35:*.mp4v=01;35:*.vob=01;35:*.qt=01;35:*.nuv=01;35:*.wmv=01;35:*.asf=01;35:*.rm=01;35:*.rmvb=01;35:*.flc=01;35:*.avi=01;35:*.fli=01;35:*.flv=01;35:*.gl=01;35:*.dl=01;35:*.xcf=01;35:*.xwd=01;35:*.yuv=01;35:*.cgm=01;35:*.emf=01;35:*.ogv=01;35:*.ogx=01;35:*.aac=00;36:*.au=00;36:*.flac=00;36:*.m4a=00;36:*.mid=00;36:*.midi=00;36:*.mka=00;36:*.mp3=00;36:*.mpc=00;36:*.ogg=00;36:*.ra=00;36:*.wav=00;36:*.oga=00;36:*.opus=00;36:*.spx=00;36:*.xspf=00;36:'), ('GNOME_TERMINAL_SERVICE', ':1.106'), ('SSH_AGENT_LAUNCHER', 'gnome-keyring'), ('SSH_AUTH_SOCK', '/run/user/1000/keyring/ssh'), ('ROS_DOMAIN_ID', '0'), ('AMENT_PREFIX_PATH', '/home/gong/onset_ws/install/onsetbot:/home/gong/onset_ws/install/onset_interfaces:/home/gong/onset_ws/install/odrive_botwheel_explorer:/home/gong/onset_ws/install/odrive_ros2_control:/home/gong/onset_ws/install/odrive_can:/opt/ros/humble'), ('SHELL', '/bin/bash'), ('QT_ACCESSIBILITY', '1'), ('GDMSESSION', 'ubuntu'), ('LESSCLOSE', '/usr/bin/lesspipe %s %s'), ('QT_IM_MODULE', 'ibus'), ('PWD', '/home/gong/onset_ws/build/odrive_ros2_control'), ('LC_ALL', 'en_US.UTF-8'), ('XDG_CONFIG_DIRS', '/etc/xdg/xdg-ubuntu:/etc/xdg'), ('XDG_DATA_DIRS', '/usr/share/ubuntu:/usr/local/share/:/usr/share/:/var/lib/snapd/desktop'), ('PYTHONPATH', '/home/gong/onset_ws/install/onsetbot/lib/python3.10/site-packages:/home/gong/onset_ws/install/onset_interfaces/local/lib/python3.10/dist-packages:/home/gong/onset_ws/install/odrive_can/local/lib/python3.10/dist-packages:/opt/ros/humble/lib/python3.10/site-packages:/opt/ros/humble/local/lib/python3.10/dist-packages'), ('COLCON', '1'), ('VTE_VERSION', '6800'), ('CMAKE_PREFIX_PATH', '/home/gong/onset_ws/install/onset_interfaces:/home/gong/onset_ws/install/odrive_botwheel_explorer:/home/gong/onset_ws/install/odrive_ros2_control:/home/gong/onset_ws/install/odrive_can:/home/gong/onset_ws/install/onsetbot:/opt/ros/humble')]), 'shell': False}
[0.351942] (odrive_ros2_control) StdoutLine: {'line': b'-- Install configuration: ""\n'}
[0.353854] (odrive_ros2_control) StdoutLine: {'line': b'-- Up-to-date: /home/gong/onset_ws/install/odrive_ros2_control/share/odrive_ros2_control/odrive_hardware_interface.xml\n'}
[0.353998] (odrive_ros2_control) StdoutLine: {'line': b'-- Up-to-date: /home/gong/onset_ws/install/odrive_ros2_control/lib/libodrive_ros2_control_plugin.so\n'}
[0.355393] (odrive_ros2_control) StdoutLine: {'line': b'-- Up-to-date: /home/gong/onset_ws/install/odrive_ros2_control/share/ament_index/resource_index/package_run_dependencies/odrive_ros2_control\n'}
[0.355486] (odrive_ros2_control) StdoutLine: {'line': b'-- Up-to-date: /home/gong/onset_ws/install/odrive_ros2_control/share/ament_index/resource_index/parent_prefix_path/odrive_ros2_control\n'}
[0.355684] (odrive_ros2_control) StdoutLine: {'line': b'-- Up-to-date: /home/gong/onset_ws/install/odrive_ros2_control/share/odrive_ros2_control/environment/ament_prefix_path.sh\n'}
[0.356805] (odrive_ros2_control) StdoutLine: {'line': b'-- Up-to-date: /home/gong/onset_ws/install/odrive_ros2_control/share/odrive_ros2_control/environment/ament_prefix_path.dsv\n'}
[0.357614] (odrive_ros2_control) StdoutLine: {'line': b'-- Up-to-date: /home/gong/onset_ws/install/odrive_ros2_control/share/odrive_ros2_control/environment/path.sh\n'}
[0.357712] (odrive_ros2_control) StdoutLine: {'line': b'-- Up-to-date: /home/gong/onset_ws/install/odrive_ros2_control/share/odrive_ros2_control/environment/path.dsv\n'}
[0.357811] (odrive_ros2_control) StdoutLine: {'line': b'-- Up-to-date: /home/gong/onset_ws/install/odrive_ros2_control/share/odrive_ros2_control/local_setup.bash\n'}
[0.358715] (odrive_ros2_control) StdoutLine: {'line': b'-- Up-to-date: /home/gong/onset_ws/install/odrive_ros2_control/share/odrive_ros2_control/local_setup.sh\n'}
[0.358785] (odrive_ros2_control) StdoutLine: {'line': b'-- Up-to-date: /home/gong/onset_ws/install/odrive_ros2_control/share/odrive_ros2_control/local_setup.zsh\n'}
[0.359111] (odrive_ros2_control) StdoutLine: {'line': b'-- Up-to-date: /home/gong/onset_ws/install/odrive_ros2_control/share/odrive_ros2_control/local_setup.dsv\n'}
[0.359183] (odrive_ros2_control) StdoutLine: {'line': b'-- Installing: /home/gong/onset_ws/install/odrive_ros2_control/share/odrive_ros2_control/package.dsv\n'}
[0.359628] (odrive_ros2_control) StdoutLine: {'line': b'-- Up-to-date: /home/gong/onset_ws/install/odrive_ros2_control/share/ament_index/resource_index/packages/odrive_ros2_control\n'}
[0.359751] (odrive_ros2_control) StdoutLine: {'line': b'-- Up-to-date: /home/gong/onset_ws/install/odrive_ros2_control/share/ament_index/resource_index/hardware_interface__pluginlib__plugin/odrive_ros2_control\n'}
[0.359807] (odrive_ros2_control) StdoutLine: {'line': b'-- Up-to-date: /home/gong/onset_ws/install/odrive_ros2_control/share/odrive_ros2_control/cmake/ament_cmake_export_dependencies-extras.cmake\n'}
[0.359906] (odrive_ros2_control) StdoutLine: {'line': b'-- Up-to-date: /home/gong/onset_ws/install/odrive_ros2_control/share/odrive_ros2_control/cmake/odrive_ros2_controlConfig.cmake\n'}
[0.360108] (odrive_ros2_control) StdoutLine: {'line': b'-- Up-to-date: /home/gong/onset_ws/install/odrive_ros2_control/share/odrive_ros2_control/cmake/odrive_ros2_controlConfig-version.cmake\n'}
[0.362703] (odrive_ros2_control) StdoutLine: {'line': b'-- Up-to-date: /home/gong/onset_ws/install/odrive_ros2_control/share/odrive_ros2_control/package.xml\n'}
[0.365199] (odrive_ros2_control) CommandEnded: {'returncode': 0}
[0.396942] (odrive_can) StdoutLine: {'line': b'[ 41%] Built target odrive_can__rosidl_typesupport_fastrtps_cpp\n'}
[0.397288] (odrive_ros2_control) JobEnded: {'identifier': 'odrive_ros2_control', 'rc': 0}
[0.400650] (-) TimerEvent: {}
[0.400788] (onset_interfaces) JobStarted: {'identifier': 'onset_interfaces'}
[0.401910] (odrive_can) StdoutLine: {'line': b'[ 51%] Built target odrive_can__rosidl_typesupport_introspection_c\n'}
[0.428954] (onset_interfaces) JobProgress: {'identifier': 'onset_interfaces', 'progress': 'cmake'}
[0.432645] (onset_interfaces) JobProgress: {'identifier': 'onset_interfaces', 'progress': 'build'}
[0.432701] (onset_interfaces) Command: {'cmd': ['/usr/bin/cmake', '--build', '/home/gong/onset_ws/build/onset_interfaces', '--', '-j2', '-l2'], 'cwd': '/home/gong/onset_ws/build/onset_interfaces', 'env': OrderedDict([('LESSOPEN', '| /usr/bin/lesspipe %s'), ('LANGUAGE', 'en_CA:en'), ('USER', 'gong'), ('XDG_SESSION_TYPE', 'wayland'), ('SHLVL', '1'), ('LD_LIBRARY_PATH', '/home/gong/onset_ws/install/onset_interfaces/lib:/home/gong/onset_ws/install/odrive_ros2_control/lib:/home/gong/onset_ws/install/odrive_can/lib:/usr/lib/x86_64-linux-gnu/gazebo-11/plugins:/opt/ros/humble/opt/rviz_ogre_vendor/lib:/opt/ros/humble/lib/x86_64-linux-gnu:/opt/ros/humble/lib'), ('HOME', '/home/gong'), ('OLDPWD', '/home/gong/onset_ws/src/onsetbot'), ('DESKTOP_SESSION', 'ubuntu'), ('ROS_PYTHON_VERSION', '3'), ('GNOME_SHELL_SESSION_MODE', 'ubuntu'), ('GTK_MODULES', 'gail:atk-bridge'), ('SYSTEMD_EXEC_PID', '2257'), ('DBUS_SESSION_BUS_ADDRESS', 'unix:path=/run/user/1000/bus'), ('COLORTERM', 'truecolor'), ('IM_CONFIG_PHASE', '1'), ('WAYLAND_DISPLAY', 'wayland-0'), ('COLCON_PREFIX_PATH', '/home/gong/onset_ws/install'), ('ROS_DISTRO', 'humble'), ('LOGNAME', 'gong'), ('_', '/usr/bin/colcon'), ('ROS_VERSION', '2'), ('XDG_SESSION_CLASS', 'user'), ('USERNAME', 'gong'), ('TERM', 'xterm-256color'), ('GNOME_DESKTOP_SESSION_ID', 'this-is-deprecated'), ('ROS_LOCALHOST_ONLY', '0'), ('PATH', '/opt/ros/humble/bin:/home/gong/.local/bin:/usr/local/sbin:/usr/local/bin:/usr/sbin:/usr/bin:/sbin:/bin:/usr/games:/usr/local/games:/snap/bin:/snap/bin'), ('SESSION_MANAGER', 'local/gong-virtual-machine:@/tmp/.ICE-unix/1627,unix/gong-virtual-machine:/tmp/.ICE-unix/1627'), ('XDG_MENU_PREFIX', 'gnome-'), ('GNOME_TERMINAL_SCREEN', '/org/gnome/Terminal/screen/a5e5ee23_29d3_4186_9d99_8629ca68bc55'), ('GNOME_SETUP_DISPLAY', ':1'), ('XDG_RUNTIME_DIR', '/run/user/1000'), ('DISPLAY', ':0'), ('LANG', 'en_US.UTF-8'), ('XDG_CURRENT_DESKTOP', 'ubuntu:GNOME'), ('XMODIFIERS', '@im=ibus'), ('XDG_SESSION_DESKTOP', 'ubuntu'), ('XAUTHORITY', '/run/user/1000/.mutter-Xwaylandauth.SNL5L3'), ('LS_COLORS', 'rs=0:di=01;34:ln=01;36:mh=00:pi=40;33:so=01;35:do=01;35:bd=40;33;01:cd=40;33;01:or=40;31;01:mi=00:su=37;41:sg=30;43:ca=30;41:tw=30;42:ow=34;42:st=37;44:ex=01;32:*.tar=01;31:*.tgz=01;31:*.arc=01;31:*.arj=01;31:*.taz=01;31:*.lha=01;31:*.lz4=01;31:*.lzh=01;31:*.lzma=01;31:*.tlz=01;31:*.txz=01;31:*.tzo=01;31:*.t7z=01;31:*.zip=01;31:*.z=01;31:*.dz=01;31:*.gz=01;31:*.lrz=01;31:*.lz=01;31:*.lzo=01;31:*.xz=01;31:*.zst=01;31:*.tzst=01;31:*.bz2=01;31:*.bz=01;31:*.tbz=01;31:*.tbz2=01;31:*.tz=01;31:*.deb=01;31:*.rpm=01;31:*.jar=01;31:*.war=01;31:*.ear=01;31:*.sar=01;31:*.rar=01;31:*.alz=01;31:*.ace=01;31:*.zoo=01;31:*.cpio=01;31:*.7z=01;31:*.rz=01;31:*.cab=01;31:*.wim=01;31:*.swm=01;31:*.dwm=01;31:*.esd=01;31:*.jpg=01;35:*.jpeg=01;35:*.mjpg=01;35:*.mjpeg=01;35:*.gif=01;35:*.bmp=01;35:*.pbm=01;35:*.pgm=01;35:*.ppm=01;35:*.tga=01;35:*.xbm=01;35:*.xpm=01;35:*.tif=01;35:*.tiff=01;35:*.png=01;35:*.svg=01;35:*.svgz=01;35:*.mng=01;35:*.pcx=01;35:*.mov=01;35:*.mpg=01;35:*.mpeg=01;35:*.m2v=01;35:*.mkv=01;35:*.webm=01;35:*.webp=01;35:*.ogm=01;35:*.mp4=01;35:*.m4v=01;35:*.mp4v=01;35:*.vob=01;35:*.qt=01;35:*.nuv=01;35:*.wmv=01;35:*.asf=01;35:*.rm=01;35:*.rmvb=01;35:*.flc=01;35:*.avi=01;35:*.fli=01;35:*.flv=01;35:*.gl=01;35:*.dl=01;35:*.xcf=01;35:*.xwd=01;35:*.yuv=01;35:*.cgm=01;35:*.emf=01;35:*.ogv=01;35:*.ogx=01;35:*.aac=00;36:*.au=00;36:*.flac=00;36:*.m4a=00;36:*.mid=00;36:*.midi=00;36:*.mka=00;36:*.mp3=00;36:*.mpc=00;36:*.ogg=00;36:*.ra=00;36:*.wav=00;36:*.oga=00;36:*.opus=00;36:*.spx=00;36:*.xspf=00;36:'), ('GNOME_TERMINAL_SERVICE', ':1.106'), ('SSH_AGENT_LAUNCHER', 'gnome-keyring'), ('SSH_AUTH_SOCK', '/run/user/1000/keyring/ssh'), ('ROS_DOMAIN_ID', '0'), ('AMENT_PREFIX_PATH', '/home/gong/onset_ws/install/onsetbot:/home/gong/onset_ws/install/onset_interfaces:/home/gong/onset_ws/install/odrive_botwheel_explorer:/home/gong/onset_ws/install/odrive_ros2_control:/home/gong/onset_ws/install/odrive_can:/opt/ros/humble'), ('SHELL', '/bin/bash'), ('QT_ACCESSIBILITY', '1'), ('GDMSESSION', 'ubuntu'), ('LESSCLOSE', '/usr/bin/lesspipe %s %s'), ('QT_IM_MODULE', 'ibus'), ('PWD', '/home/gong/onset_ws/build/onset_interfaces'), ('LC_ALL', 'en_US.UTF-8'), ('XDG_CONFIG_DIRS', '/etc/xdg/xdg-ubuntu:/etc/xdg'), ('XDG_DATA_DIRS', '/usr/share/ubuntu:/usr/local/share/:/usr/share/:/var/lib/snapd/desktop'), ('PYTHONPATH', '/home/gong/onset_ws/install/onsetbot/lib/python3.10/site-packages:/home/gong/onset_ws/install/onset_interfaces/local/lib/python3.10/dist-packages:/home/gong/onset_ws/install/odrive_can/local/lib/python3.10/dist-packages:/opt/ros/humble/lib/python3.10/site-packages:/opt/ros/humble/local/lib/python3.10/dist-packages'), ('COLCON', '1'), ('VTE_VERSION', '6800'), ('CMAKE_PREFIX_PATH', '/home/gong/onset_ws/install/onset_interfaces:/home/gong/onset_ws/install/odrive_botwheel_explorer:/home/gong/onset_ws/install/odrive_ros2_control:/home/gong/onset_ws/install/odrive_can:/home/gong/onset_ws/install/onsetbot:/opt/ros/humble')]), 'shell': False}
[0.489093] (odrive_can) StdoutLine: {'line': b'[ 61%] Built target odrive_can__rosidl_typesupport_introspection_cpp\n'}
[0.500892] (odrive_can) StdoutLine: {'line': b'[ 71%] Built target odrive_can__rosidl_typesupport_c\n'}
[0.501098] (-) TimerEvent: {}
[0.603565] (-) TimerEvent: {}
[0.710582] (-) TimerEvent: {}
[0.738743] (odrive_can) StdoutLine: {'line': b'[ 80%] Built target odrive_can_node\n'}
[0.809496] (onset_interfaces) StdoutLine: {'line': b'[ 11%] Built target onset_interfaces__rosidl_generator_c\n'}
[0.812446] (-) TimerEvent: {}
[0.819315] (onset_interfaces) StdoutLine: {'line': b'[ 12%] Built target onset_interfaces__cpp\n'}
[0.918329] (-) TimerEvent: {}
[0.990971] (odrive_can) StdoutLine: {'line': b'[ 80%] Built target odrive_can\n'}
[1.018887] (-) TimerEvent: {}
[1.063202] (onset_interfaces) StdoutLine: {'line': b'[ 12%] Built target ament_cmake_python_copy_onset_interfaces\n'}
[1.118963] (onset_interfaces) StdoutLine: {'line': b'[ 23%] Built target onset_interfaces__rosidl_typesupport_cpp\n'}
[1.119169] (-) TimerEvent: {}
[1.198106] (odrive_can) StdoutLine: {'line': b'[ 81%] Built target odrive_can__py\n'}
[1.229651] (-) TimerEvent: {}
[1.268866] (onset_interfaces) StdoutLine: {'line': b'[ 34%] Built target onset_interfaces__rosidl_typesupport_fastrtps_c\n'}
[1.338899] (-) TimerEvent: {}
[1.446238] (-) TimerEvent: {}
[1.464059] (onset_interfaces) StdoutLine: {'line': b'[ 46%] Built target onset_interfaces__rosidl_typesupport_introspection_c\n'}
[1.547723] (-) TimerEvent: {}
[1.553347] (odrive_can) StdoutLine: {'line': b'[ 90%] Built target odrive_can__rosidl_generator_py\n'}
[1.651012] (onset_interfaces) StdoutLine: {'line': b'[ 57%] Built target onset_interfaces__rosidl_typesupport_c\n'}
[1.651193] (-) TimerEvent: {}
[1.735861] (odrive_can) StdoutLine: {'line': b'[ 93%] Built target odrive_can__rosidl_typesupport_fastrtps_c__pyext\n'}
[1.754672] (-) TimerEvent: {}
[1.765876] (onset_interfaces) StdoutLine: {'line': b'[ 68%] Built target onset_interfaces__rosidl_typesupport_fastrtps_cpp\n'}
[1.919789] (-) TimerEvent: {}
[2.026142] (onset_interfaces) StdoutLine: {'line': b'[ 79%] Built target onset_interfaces__rosidl_typesupport_introspection_cpp\n'}
[2.029273] (-) TimerEvent: {}
[2.066692] (onset_interfaces) StdoutLine: {'line': b'[ 79%] Built target onset_interfaces\n'}
[2.138279] (-) TimerEvent: {}
[2.324719] (-) TimerEvent: {}
[2.358317] (odrive_can) StdoutLine: {'line': b'[ 96%] Built target odrive_can__rosidl_typesupport_introspection_c__pyext\n'}
[2.437859] (-) TimerEvent: {}
[2.441278] (odrive_can) StdoutLine: {'line': b'running egg_info\n'}
[2.441545] (odrive_can) StdoutLine: {'line': b'writing odrive_can.egg-info/PKG-INFO\n'}
[2.514938] (odrive_can) StdoutLine: {'line': b'writing dependency_links to odrive_can.egg-info/dependency_links.txt\n'}
[2.515344] (odrive_can) StdoutLine: {'line': b'writing top-level names to odrive_can.egg-info/top_level.txt\n'}
[2.540975] (-) TimerEvent: {}
[2.577564] (odrive_can) StdoutLine: {'line': b"reading manifest file 'odrive_can.egg-info/SOURCES.txt'\n"}
[2.585723] (odrive_can) StdoutLine: {'line': b"writing manifest file 'odrive_can.egg-info/SOURCES.txt'\n"}
[2.687172] (-) TimerEvent: {}
[2.690101] (onset_interfaces) StdoutLine: {'line': b'[ 80%] Built target onset_interfaces__py\n'}
[2.787586] (-) TimerEvent: {}
[2.814634] (odrive_can) StdoutLine: {'line': b'[100%] Built target odrive_can__rosidl_typesupport_c__pyext\n'}
[2.814917] (odrive_can) StdoutLine: {'line': b'[100%] Built target ament_cmake_python_build_odrive_can_egg\n'}
[2.837094] (odrive_can) CommandEnded: {'returncode': 0}
[2.838929] (odrive_can) JobProgress: {'identifier': 'odrive_can', 'progress': 'install'}
[2.838970] (odrive_can) Command: {'cmd': ['/usr/bin/cmake', '--install', '/home/gong/onset_ws/build/odrive_can'], 'cwd': '/home/gong/onset_ws/build/odrive_can', 'env': OrderedDict([('LESSOPEN', '| /usr/bin/lesspipe %s'), ('LANGUAGE', 'en_CA:en'), ('USER', 'gong'), ('XDG_SESSION_TYPE', 'wayland'), ('SHLVL', '1'), ('LD_LIBRARY_PATH', '/home/gong/onset_ws/install/onset_interfaces/lib:/home/gong/onset_ws/install/odrive_ros2_control/lib:/home/gong/onset_ws/install/odrive_can/lib:/usr/lib/x86_64-linux-gnu/gazebo-11/plugins:/opt/ros/humble/opt/rviz_ogre_vendor/lib:/opt/ros/humble/lib/x86_64-linux-gnu:/opt/ros/humble/lib'), ('HOME', '/home/gong'), ('OLDPWD', '/home/gong/onset_ws/src/onsetbot'), ('DESKTOP_SESSION', 'ubuntu'), ('ROS_PYTHON_VERSION', '3'), ('GNOME_SHELL_SESSION_MODE', 'ubuntu'), ('GTK_MODULES', 'gail:atk-bridge'), ('SYSTEMD_EXEC_PID', '2257'), ('DBUS_SESSION_BUS_ADDRESS', 'unix:path=/run/user/1000/bus'), ('COLORTERM', 'truecolor'), ('IM_CONFIG_PHASE', '1'), ('WAYLAND_DISPLAY', 'wayland-0'), ('COLCON_PREFIX_PATH', '/home/gong/onset_ws/install'), ('ROS_DISTRO', 'humble'), ('LOGNAME', 'gong'), ('_', '/usr/bin/colcon'), ('ROS_VERSION', '2'), ('XDG_SESSION_CLASS', 'user'), ('USERNAME', 'gong'), ('TERM', 'xterm-256color'), ('GNOME_DESKTOP_SESSION_ID', 'this-is-deprecated'), ('ROS_LOCALHOST_ONLY', '0'), ('PATH', '/opt/ros/humble/bin:/home/gong/.local/bin:/usr/local/sbin:/usr/local/bin:/usr/sbin:/usr/bin:/sbin:/bin:/usr/games:/usr/local/games:/snap/bin:/snap/bin'), ('SESSION_MANAGER', 'local/gong-virtual-machine:@/tmp/.ICE-unix/1627,unix/gong-virtual-machine:/tmp/.ICE-unix/1627'), ('XDG_MENU_PREFIX', 'gnome-'), ('GNOME_TERMINAL_SCREEN', '/org/gnome/Terminal/screen/a5e5ee23_29d3_4186_9d99_8629ca68bc55'), ('GNOME_SETUP_DISPLAY', ':1'), ('XDG_RUNTIME_DIR', '/run/user/1000'), ('DISPLAY', ':0'), ('LANG', 'en_US.UTF-8'), ('XDG_CURRENT_DESKTOP', 'ubuntu:GNOME'), ('XMODIFIERS', '@im=ibus'), ('XDG_SESSION_DESKTOP', 'ubuntu'), ('XAUTHORITY', '/run/user/1000/.mutter-Xwaylandauth.SNL5L3'), ('LS_COLORS', 'rs=0:di=01;34:ln=01;36:mh=00:pi=40;33:so=01;35:do=01;35:bd=40;33;01:cd=40;33;01:or=40;31;01:mi=00:su=37;41:sg=30;43:ca=30;41:tw=30;42:ow=34;42:st=37;44:ex=01;32:*.tar=01;31:*.tgz=01;31:*.arc=01;31:*.arj=01;31:*.taz=01;31:*.lha=01;31:*.lz4=01;31:*.lzh=01;31:*.lzma=01;31:*.tlz=01;31:*.txz=01;31:*.tzo=01;31:*.t7z=01;31:*.zip=01;31:*.z=01;31:*.dz=01;31:*.gz=01;31:*.lrz=01;31:*.lz=01;31:*.lzo=01;31:*.xz=01;31:*.zst=01;31:*.tzst=01;31:*.bz2=01;31:*.bz=01;31:*.tbz=01;31:*.tbz2=01;31:*.tz=01;31:*.deb=01;31:*.rpm=01;31:*.jar=01;31:*.war=01;31:*.ear=01;31:*.sar=01;31:*.rar=01;31:*.alz=01;31:*.ace=01;31:*.zoo=01;31:*.cpio=01;31:*.7z=01;31:*.rz=01;31:*.cab=01;31:*.wim=01;31:*.swm=01;31:*.dwm=01;31:*.esd=01;31:*.jpg=01;35:*.jpeg=01;35:*.mjpg=01;35:*.mjpeg=01;35:*.gif=01;35:*.bmp=01;35:*.pbm=01;35:*.pgm=01;35:*.ppm=01;35:*.tga=01;35:*.xbm=01;35:*.xpm=01;35:*.tif=01;35:*.tiff=01;35:*.png=01;35:*.svg=01;35:*.svgz=01;35:*.mng=01;35:*.pcx=01;35:*.mov=01;35:*.mpg=01;35:*.mpeg=01;35:*.m2v=01;35:*.mkv=01;35:*.webm=01;35:*.webp=01;35:*.ogm=01;35:*.mp4=01;35:*.m4v=01;35:*.mp4v=01;35:*.vob=01;35:*.qt=01;35:*.nuv=01;35:*.wmv=01;35:*.asf=01;35:*.rm=01;35:*.rmvb=01;35:*.flc=01;35:*.avi=01;35:*.fli=01;35:*.flv=01;35:*.gl=01;35:*.dl=01;35:*.xcf=01;35:*.xwd=01;35:*.yuv=01;35:*.cgm=01;35:*.emf=01;35:*.ogv=01;35:*.ogx=01;35:*.aac=00;36:*.au=00;36:*.flac=00;36:*.m4a=00;36:*.mid=00;36:*.midi=00;36:*.mka=00;36:*.mp3=00;36:*.mpc=00;36:*.ogg=00;36:*.ra=00;36:*.wav=00;36:*.oga=00;36:*.opus=00;36:*.spx=00;36:*.xspf=00;36:'), ('GNOME_TERMINAL_SERVICE', ':1.106'), ('SSH_AGENT_LAUNCHER', 'gnome-keyring'), ('SSH_AUTH_SOCK', '/run/user/1000/keyring/ssh'), ('ROS_DOMAIN_ID', '0'), ('AMENT_PREFIX_PATH', '/home/gong/onset_ws/install/onsetbot:/home/gong/onset_ws/install/onset_interfaces:/home/gong/onset_ws/install/odrive_botwheel_explorer:/home/gong/onset_ws/install/odrive_ros2_control:/home/gong/onset_ws/install/odrive_can:/opt/ros/humble'), ('SHELL', '/bin/bash'), ('QT_ACCESSIBILITY', '1'), ('GDMSESSION', 'ubuntu'), ('LESSCLOSE', '/usr/bin/lesspipe %s %s'), ('QT_IM_MODULE', 'ibus'), ('PWD', '/home/gong/onset_ws/build/odrive_can'), ('LC_ALL', 'en_US.UTF-8'), ('XDG_CONFIG_DIRS', '/etc/xdg/xdg-ubuntu:/etc/xdg'), ('XDG_DATA_DIRS', '/usr/share/ubuntu:/usr/local/share/:/usr/share/:/var/lib/snapd/desktop'), ('PYTHONPATH', '/home/gong/onset_ws/install/onsetbot/lib/python3.10/site-packages:/home/gong/onset_ws/install/onset_interfaces/local/lib/python3.10/dist-packages:/home/gong/onset_ws/install/odrive_can/local/lib/python3.10/dist-packages:/opt/ros/humble/lib/python3.10/site-packages:/opt/ros/humble/local/lib/python3.10/dist-packages'), ('COLCON', '1'), ('VTE_VERSION', '6800'), ('CMAKE_PREFIX_PATH', '/home/gong/onset_ws/install/onset_interfaces:/home/gong/onset_ws/install/odrive_botwheel_explorer:/home/gong/onset_ws/install/odrive_ros2_control:/home/gong/onset_ws/install/odrive_can:/home/gong/onset_ws/install/onsetbot:/opt/ros/humble')]), 'shell': False}
[2.855528] (odrive_can) StdoutLine: {'line': b'-- Install configuration: ""\n'}
[2.856406] (odrive_can) StdoutLine: {'line': b'-- Up-to-date: /home/gong/onset_ws/install/odrive_can/share/ament_index/resource_index/rosidl_interfaces/odrive_can\n'}
[2.858087] (odrive_can) StdoutLine: {'line': b'-- Up-to-date: /home/gong/onset_ws/install/odrive_can/include/odrive_can/odrive_can\n'}
[2.858356] (odrive_can) StdoutLine: {'line': b'-- Up-to-date: /home/gong/onset_ws/install/odrive_can/include/odrive_can/odrive_can/msg\n'}
[2.858588] (odrive_can) StdoutLine: {'line': b'-- Up-to-date: /home/gong/onset_ws/install/odrive_can/include/odrive_can/odrive_can/msg/controller_status.h\n'}
[2.858943] (odrive_can) StdoutLine: {'line': b'-- Up-to-date: /home/gong/onset_ws/install/odrive_can/include/odrive_can/odrive_can/msg/detail\n'}
[2.859092] (odrive_can) StdoutLine: {'line': b'-- Up-to-date: /home/gong/onset_ws/install/odrive_can/include/odrive_can/odrive_can/msg/detail/control_message__functions.h\n'}
[2.859871] (odrive_can) StdoutLine: {'line': b'-- Up-to-date: /home/gong/onset_ws/install/odrive_can/include/odrive_can/odrive_can/msg/detail/controller_status__functions.h\n'}
[2.860080] (odrive_can) StdoutLine: {'line': b'-- Up-to-date: /home/gong/onset_ws/install/odrive_can/include/odrive_can/odrive_can/msg/detail/o_drive_status__type_support.h\n'}
[2.860573] (odrive_can) StdoutLine: {'line': b'-- Up-to-date: /home/gong/onset_ws/install/odrive_can/include/odrive_can/odrive_can/msg/detail/o_drive_status__functions.c\n'}
[2.860834] (odrive_can) StdoutLine: {'line': b'-- Up-to-date: /home/gong/onset_ws/install/odrive_can/include/odrive_can/odrive_can/msg/detail/controller_status__functions.c\n'}
[2.861196] (odrive_can) StdoutLine: {'line': b'-- Up-to-date: /home/gong/onset_ws/install/odrive_can/include/odrive_can/odrive_can/msg/detail/control_message__type_support.h\n'}
[2.861501] (odrive_can) StdoutLine: {'line': b'-- Up-to-date: /home/gong/onset_ws/install/odrive_can/include/odrive_can/odrive_can/msg/detail/o_drive_status__functions.h\n'}
[2.861682] (odrive_can) StdoutLine: {'line': b'-- Up-to-date: /home/gong/onset_ws/install/odrive_can/include/odrive_can/odrive_can/msg/detail/controller_status__type_support.h\n'}
[2.863182] (odrive_can) StdoutLine: {'line': b'-- Up-to-date: /home/gong/onset_ws/install/odrive_can/include/odrive_can/odrive_can/msg/detail/control_message__struct.h\n'}
[2.863277] (odrive_can) StdoutLine: {'line': b'-- Up-to-date: /home/gong/onset_ws/install/odrive_can/include/odrive_can/odrive_can/msg/detail/o_drive_status__struct.h\n'}
[2.863334] (odrive_can) StdoutLine: {'line': b'-- Up-to-date: /home/gong/onset_ws/install/odrive_can/include/odrive_can/odrive_can/msg/detail/controller_status__struct.h\n'}
[2.863400] (odrive_can) StdoutLine: {'line': b'-- Up-to-date: /home/gong/onset_ws/install/odrive_can/include/odrive_can/odrive_can/msg/detail/control_message__functions.c\n'}
[2.863457] (odrive_can) StdoutLine: {'line': b'-- Up-to-date: /home/gong/onset_ws/install/odrive_can/include/odrive_can/odrive_can/msg/control_message.h\n'}
[2.863508] (odrive_can) StdoutLine: {'line': b'-- Up-to-date: /home/gong/onset_ws/install/odrive_can/include/odrive_can/odrive_can/msg/rosidl_generator_c__visibility_control.h\n'}
[2.863556] (odrive_can) StdoutLine: {'line': b'-- Up-to-date: /home/gong/onset_ws/install/odrive_can/include/odrive_can/odrive_can/msg/o_drive_status.h\n'}
[2.863601] (odrive_can) StdoutLine: {'line': b'-- Up-to-date: /home/gong/onset_ws/install/odrive_can/include/odrive_can/odrive_can/srv\n'}
[2.864462] (odrive_can) StdoutLine: {'line': b'-- Up-to-date: /home/gong/onset_ws/install/odrive_can/include/odrive_can/odrive_can/srv/detail\n'}
[2.864556] (odrive_can) StdoutLine: {'line': b'-- Up-to-date: /home/gong/onset_ws/install/odrive_can/include/odrive_can/odrive_can/srv/detail/axis_state__struct.h\n'}
[2.864745] (odrive_can) StdoutLine: {'line': b'-- Up-to-date: /home/gong/onset_ws/install/odrive_can/include/odrive_can/odrive_can/srv/detail/axis_state__type_support.h\n'}
[2.864806] (odrive_can) StdoutLine: {'line': b'-- Up-to-date: /home/gong/onset_ws/install/odrive_can/include/odrive_can/odrive_can/srv/detail/axis_state__functions.h\n'}
[2.867875] (odrive_can) StdoutLine: {'line': b'-- Up-to-date: /home/gong/onset_ws/install/odrive_can/include/odrive_can/odrive_can/srv/detail/axis_state__functions.c\n'}
[2.867962] (odrive_can) StdoutLine: {'line': b'-- Up-to-date: /home/gong/onset_ws/install/odrive_can/include/odrive_can/odrive_can/srv/axis_state.h\n'}
[2.868018] (odrive_can) StdoutLine: {'line': b'-- Up-to-date: /home/gong/onset_ws/install/odrive_can/share/odrive_can/environment/library_path.sh\n'}
[2.868069] (odrive_can) StdoutLine: {'line': b'-- Up-to-date: /home/gong/onset_ws/install/odrive_can/share/odrive_can/environment/library_path.dsv\n'}
[2.869254] (odrive_can) StdoutLine: {'line': b'-- Up-to-date: /home/gong/onset_ws/install/odrive_can/lib/libodrive_can__rosidl_generator_c.so\n'}
[2.869348] (odrive_can) StdoutLine: {'line': b'-- Up-to-date: /home/gong/onset_ws/install/odrive_can/include/odrive_can/odrive_can\n'}
[2.869452] (odrive_can) StdoutLine: {'line': b'-- Up-to-date: /home/gong/onset_ws/install/odrive_can/include/odrive_can/odrive_can/msg\n'}
[2.869678] (odrive_can) StdoutLine: {'line': b'-- Up-to-date: /home/gong/onset_ws/install/odrive_can/include/odrive_can/odrive_can/msg/detail\n'}
[2.869976] (odrive_can) StdoutLine: {'line': b'-- Up-to-date: /home/gong/onset_ws/install/odrive_can/include/odrive_can/odrive_can/msg/detail/controller_status__rosidl_typesupport_fastrtps_c.h\n'}
[2.870154] (odrive_can) StdoutLine: {'line': b'-- Up-to-date: /home/gong/onset_ws/install/odrive_can/include/odrive_can/odrive_can/msg/detail/control_message__rosidl_typesupport_fastrtps_c.h\n'}
[2.870313] (odrive_can) StdoutLine: {'line': b'-- Up-to-date: /home/gong/onset_ws/install/odrive_can/include/odrive_can/odrive_can/msg/detail/o_drive_status__rosidl_typesupport_fastrtps_c.h\n'}
[2.870531] (odrive_can) StdoutLine: {'line': b'-- Up-to-date: /home/gong/onset_ws/install/odrive_can/include/odrive_can/odrive_can/msg/rosidl_typesupport_fastrtps_c__visibility_control.h\n'}
[2.870732] (odrive_can) StdoutLine: {'line': b'-- Up-to-date: /home/gong/onset_ws/install/odrive_can/include/odrive_can/odrive_can/srv\n'}
[2.871032] (odrive_can) StdoutLine: {'line': b'-- Up-to-date: /home/gong/onset_ws/install/odrive_can/include/odrive_can/odrive_can/srv/detail\n'}
[2.871514] (odrive_can) StdoutLine: {'line': b'-- Up-to-date: /home/gong/onset_ws/install/odrive_can/include/odrive_can/odrive_can/srv/detail/axis_state__rosidl_typesupport_fastrtps_c.h\n'}
[2.871632] (odrive_can) StdoutLine: {'line': b'-- Up-to-date: /home/gong/onset_ws/install/odrive_can/lib/libodrive_can__rosidl_typesupport_fastrtps_c.so\n'}
[2.872050] (odrive_can) StdoutLine: {'line': b'-- Up-to-date: /home/gong/onset_ws/install/odrive_can/include/odrive_can/odrive_can\n'}
[2.872320] (odrive_can) StdoutLine: {'line': b'-- Up-to-date: /home/gong/onset_ws/install/odrive_can/include/odrive_can/odrive_can/msg\n'}
[2.872552] (odrive_can) StdoutLine: {'line': b'-- Up-to-date: /home/gong/onset_ws/install/odrive_can/include/odrive_can/odrive_can/msg/control_message.hpp\n'}
[2.873015] (odrive_can) StdoutLine: {'line': b'-- Up-to-date: /home/gong/onset_ws/install/odrive_can/include/odrive_can/odrive_can/msg/rosidl_generator_cpp__visibility_control.hpp\n'}
[2.873081] (odrive_can) StdoutLine: {'line': b'-- Up-to-date: /home/gong/onset_ws/install/odrive_can/include/odrive_can/odrive_can/msg/o_drive_status.hpp\n'}
[2.873134] (odrive_can) StdoutLine: {'line': b'-- Up-to-date: /home/gong/onset_ws/install/odrive_can/include/odrive_can/odrive_can/msg/detail\n'}
[2.873186] (odrive_can) StdoutLine: {'line': b'-- Up-to-date: /home/gong/onset_ws/install/odrive_can/include/odrive_can/odrive_can/msg/detail/control_message__type_support.hpp\n'}
[2.873571] (odrive_can) StdoutLine: {'line': b'-- Up-to-date: /home/gong/onset_ws/install/odrive_can/include/odrive_can/odrive_can/msg/detail/controller_status__builder.hpp\n'}
[2.873642] (odrive_can) StdoutLine: {'line': b'-- Up-to-date: /home/gong/onset_ws/install/odrive_can/include/odrive_can/odrive_can/msg/detail/controller_status__struct.hpp\n'}
[2.873811] (odrive_can) StdoutLine: {'line': b'-- Up-to-date: /home/gong/onset_ws/install/odrive_can/include/odrive_can/odrive_can/msg/detail/o_drive_status__builder.hpp\n'}
[2.873891] (odrive_can) StdoutLine: {'line': b'-- Up-to-date: /home/gong/onset_ws/install/odrive_can/include/odrive_can/odrive_can/msg/detail/controller_status__type_support.hpp\n'}
[2.873949] (odrive_can) StdoutLine: {'line': b'-- Up-to-date: /home/gong/onset_ws/install/odrive_can/include/odrive_can/odrive_can/msg/detail/o_drive_status__traits.hpp\n'}
[2.874543] (odrive_can) StdoutLine: {'line': b'-- Up-to-date: /home/gong/onset_ws/install/odrive_can/include/odrive_can/odrive_can/msg/detail/control_message__builder.hpp\n'}
[2.881524] (odrive_can) StdoutLine: {'line': b'-- Up-to-date: /home/gong/onset_ws/install/odrive_can/include/odrive_can/odrive_can/msg/detail/controller_status__traits.hpp\n'}
[2.881619] (odrive_can) StdoutLine: {'line': b'-- Up-to-date: /home/gong/onset_ws/install/odrive_can/include/odrive_can/odrive_can/msg/detail/o_drive_status__struct.hpp\n'}
[2.881676] (odrive_can) StdoutLine: {'line': b'-- Up-to-date: /home/gong/onset_ws/install/odrive_can/include/odrive_can/odrive_can/msg/detail/control_message__struct.hpp\n'}
[2.881728] (odrive_can) StdoutLine: {'line': b'-- Up-to-date: /home/gong/onset_ws/install/odrive_can/include/odrive_can/odrive_can/msg/detail/control_message__traits.hpp\n'}
[2.881776] (odrive_can) StdoutLine: {'line': b'-- Up-to-date: /home/gong/onset_ws/install/odrive_can/include/odrive_can/odrive_can/msg/detail/o_drive_status__type_support.hpp\n'}
[2.881823] (odrive_can) StdoutLine: {'line': b'-- Up-to-date: /home/gong/onset_ws/install/odrive_can/include/odrive_can/odrive_can/msg/controller_status.hpp\n'}
[2.881927] (odrive_can) StdoutLine: {'line': b'-- Up-to-date: /home/gong/onset_ws/install/odrive_can/include/odrive_can/odrive_can/srv\n'}
[2.885941] (odrive_can) StdoutLine: {'line': b'-- Up-to-date: /home/gong/onset_ws/install/odrive_can/include/odrive_can/odrive_can/srv/detail\n'}
[2.886581] (odrive_can) StdoutLine: {'line': b'-- Up-to-date: /home/gong/onset_ws/install/odrive_can/include/odrive_can/odrive_can/srv/detail/axis_state__builder.hpp\n'}
[2.887705] (-) TimerEvent: {}
[2.890928] (odrive_can) StdoutLine: {'line': b'-- Up-to-date: /home/gong/onset_ws/install/odrive_can/include/odrive_can/odrive_can/srv/detail/axis_state__struct.hpp\n'}
[2.891093] (odrive_can) StdoutLine: {'line': b'-- Up-to-date: /home/gong/onset_ws/install/odrive_can/include/odrive_can/odrive_can/srv/detail/axis_state__traits.hpp\n'}
[2.891158] (odrive_can) StdoutLine: {'line': b'-- Up-to-date: /home/gong/onset_ws/install/odrive_can/include/odrive_can/odrive_can/srv/detail/axis_state__type_support.hpp\n'}
[2.891270] (odrive_can) StdoutLine: {'line': b'-- Up-to-date: /home/gong/onset_ws/install/odrive_can/include/odrive_can/odrive_can/srv/axis_state.hpp\n'}
[2.891332] (odrive_can) StdoutLine: {'line': b'-- Up-to-date: /home/gong/onset_ws/install/odrive_can/include/odrive_can/odrive_can\n'}
[2.891385] (odrive_can) StdoutLine: {'line': b'-- Up-to-date: /home/gong/onset_ws/install/odrive_can/include/odrive_can/odrive_can/msg\n'}
[2.891435] (odrive_can) StdoutLine: {'line': b'-- Up-to-date: /home/gong/onset_ws/install/odrive_can/include/odrive_can/odrive_can/msg/detail\n'}
[2.891485] (odrive_can) StdoutLine: {'line': b'-- Up-to-date: /home/gong/onset_ws/install/odrive_can/include/odrive_can/odrive_can/msg/detail/o_drive_status__rosidl_typesupport_fastrtps_cpp.hpp\n'}
[2.891535] (odrive_can) StdoutLine: {'line': b'-- Up-to-date: /home/gong/onset_ws/install/odrive_can/include/odrive_can/odrive_can/msg/detail/controller_status__rosidl_typesupport_fastrtps_cpp.hpp\n'}
[2.891583] (odrive_can) StdoutLine: {'line': b'-- Up-to-date: /home/gong/onset_ws/install/odrive_can/include/odrive_can/odrive_can/msg/detail/dds_fastrtps\n'}
[2.891632] (odrive_can) StdoutLine: {'line': b'-- Up-to-date: /home/gong/onset_ws/install/odrive_can/include/odrive_can/odrive_can/msg/detail/control_message__rosidl_typesupport_fastrtps_cpp.hpp\n'}
[2.891681] (odrive_can) StdoutLine: {'line': b'-- Up-to-date: /home/gong/onset_ws/install/odrive_can/include/odrive_can/odrive_can/msg/rosidl_typesupport_fastrtps_cpp__visibility_control.h\n'}
[2.891733] (odrive_can) StdoutLine: {'line': b'-- Up-to-date: /home/gong/onset_ws/install/odrive_can/include/odrive_can/odrive_can/srv\n'}
[2.897744] (odrive_can) StdoutLine: {'line': b'-- Up-to-date: /home/gong/onset_ws/install/odrive_can/include/odrive_can/odrive_can/srv/detail\n'}
[2.908216] (odrive_can) StdoutLine: {'line': b'-- Up-to-date: /home/gong/onset_ws/install/odrive_can/include/odrive_can/odrive_can/srv/detail/axis_state__rosidl_typesupport_fastrtps_cpp.hpp\n'}
[2.908429] (odrive_can) StdoutLine: {'line': b'-- Up-to-date: /home/gong/onset_ws/install/odrive_can/include/odrive_can/odrive_can/srv/detail/dds_fastrtps\n'}
[2.912776] (odrive_can) StdoutLine: {'line': b'-- Up-to-date: /home/gong/onset_ws/install/odrive_can/lib/libodrive_can__rosidl_typesupport_fastrtps_cpp.so\n'}
[2.912874] (odrive_can) StdoutLine: {'line': b'-- Up-to-date: /home/gong/onset_ws/install/odrive_can/include/odrive_can/odrive_can\n'}
[2.912933] (odrive_can) StdoutLine: {'line': b'-- Up-to-date: /home/gong/onset_ws/install/odrive_can/include/odrive_can/odrive_can/msg\n'}
[2.912983] (odrive_can) StdoutLine: {'line': b'-- Up-to-date: /home/gong/onset_ws/install/odrive_can/include/odrive_can/odrive_can/msg/detail\n'}
[2.913050] (odrive_can) StdoutLine: {'line': b'-- Up-to-date: /home/gong/onset_ws/install/odrive_can/include/odrive_can/odrive_can/msg/detail/o_drive_status__rosidl_typesupport_introspection_c.h\n'}
[2.913102] (odrive_can) StdoutLine: {'line': b'-- Up-to-date: /home/gong/onset_ws/install/odrive_can/include/odrive_can/odrive_can/msg/detail/controller_status__type_support.c\n'}
[2.913157] (odrive_can) StdoutLine: {'line': b'-- Up-to-date: /home/gong/onset_ws/install/odrive_can/include/odrive_can/odrive_can/msg/detail/controller_status__rosidl_typesupport_introspection_c.h\n'}
[2.913206] (odrive_can) StdoutLine: {'line': b'-- Up-to-date: /home/gong/onset_ws/install/odrive_can/include/odrive_can/odrive_can/msg/detail/control_message__type_support.c\n'}
[2.913255] (odrive_can) StdoutLine: {'line': b'-- Up-to-date: /home/gong/onset_ws/install/odrive_can/include/odrive_can/odrive_can/msg/detail/control_message__rosidl_typesupport_introspection_c.h\n'}
[2.913302] (odrive_can) StdoutLine: {'line': b'-- Up-to-date: /home/gong/onset_ws/install/odrive_can/include/odrive_can/odrive_can/msg/detail/o_drive_status__type_support.c\n'}
[2.913349] (odrive_can) StdoutLine: {'line': b'-- Up-to-date: /home/gong/onset_ws/install/odrive_can/include/odrive_can/odrive_can/msg/rosidl_typesupport_introspection_c__visibility_control.h\n'}
[2.913395] (odrive_can) StdoutLine: {'line': b'-- Up-to-date: /home/gong/onset_ws/install/odrive_can/include/odrive_can/odrive_can/srv\n'}
[2.913439] (odrive_can) StdoutLine: {'line': b'-- Up-to-date: /home/gong/onset_ws/install/odrive_can/include/odrive_can/odrive_can/srv/detail\n'}
[2.913484] (odrive_can) StdoutLine: {'line': b'-- Up-to-date: /home/gong/onset_ws/install/odrive_can/include/odrive_can/odrive_can/srv/detail/axis_state__rosidl_typesupport_introspection_c.h\n'}
[2.913531] (odrive_can) StdoutLine: {'line': b'-- Up-to-date: /home/gong/onset_ws/install/odrive_can/include/odrive_can/odrive_can/srv/detail/axis_state__type_support.c\n'}
[2.920777] (odrive_can) StdoutLine: {'line': b'-- Up-to-date: /home/gong/onset_ws/install/odrive_can/lib/libodrive_can__rosidl_typesupport_introspection_c.so\n'}
[2.920932] (odrive_can) StdoutLine: {'line': b'-- Up-to-date: /home/gong/onset_ws/install/odrive_can/lib/libodrive_can__rosidl_typesupport_c.so\n'}
[2.921006] (odrive_can) StdoutLine: {'line': b'-- Up-to-date: /home/gong/onset_ws/install/odrive_can/include/odrive_can/odrive_can\n'}
[2.932733] (odrive_can) StdoutLine: {'line': b'-- Up-to-date: /home/gong/onset_ws/install/odrive_can/include/odrive_can/odrive_can/msg\n'}
[2.932827] (odrive_can) StdoutLine: {'line': b'-- Up-to-date: /home/gong/onset_ws/install/odrive_can/include/odrive_can/odrive_can/msg/detail\n'}
[2.932883] (odrive_can) StdoutLine: {'line': b'-- Up-to-date: /home/gong/onset_ws/install/odrive_can/include/odrive_can/odrive_can/msg/detail/o_drive_status__rosidl_typesupport_introspection_cpp.hpp\n'}
[2.932966] (odrive_can) StdoutLine: {'line': b'-- Up-to-date: /home/gong/onset_ws/install/odrive_can/include/odrive_can/odrive_can/msg/detail/controller_status__rosidl_typesupport_introspection_cpp.hpp\n'}
[2.933022] (odrive_can) StdoutLine: {'line': b'-- Up-to-date: /home/gong/onset_ws/install/odrive_can/include/odrive_can/odrive_can/msg/detail/o_drive_status__type_support.cpp\n'}
[2.933073] (odrive_can) StdoutLine: {'line': b'-- Up-to-date: /home/gong/onset_ws/install/odrive_can/include/odrive_can/odrive_can/msg/detail/control_message__rosidl_typesupport_introspection_cpp.hpp\n'}
[2.933122] (odrive_can) StdoutLine: {'line': b'-- Up-to-date: /home/gong/onset_ws/install/odrive_can/include/odrive_can/odrive_can/msg/detail/control_message__type_support.cpp\n'}
[2.933168] (odrive_can) StdoutLine: {'line': b'-- Up-to-date: /home/gong/onset_ws/install/odrive_can/include/odrive_can/odrive_can/msg/detail/controller_status__type_support.cpp\n'}
[2.933214] (odrive_can) StdoutLine: {'line': b'-- Up-to-date: /home/gong/onset_ws/install/odrive_can/include/odrive_can/odrive_can/srv\n'}
[2.933259] (odrive_can) StdoutLine: {'line': b'-- Up-to-date: /home/gong/onset_ws/install/odrive_can/include/odrive_can/odrive_can/srv/detail\n'}
[2.933304] (odrive_can) StdoutLine: {'line': b'-- Up-to-date: /home/gong/onset_ws/install/odrive_can/include/odrive_can/odrive_can/srv/detail/axis_state__type_support.cpp\n'}
[2.933349] (odrive_can) StdoutLine: {'line': b'-- Up-to-date: /home/gong/onset_ws/install/odrive_can/include/odrive_can/odrive_can/srv/detail/axis_state__rosidl_typesupport_introspection_cpp.hpp\n'}
[2.933432] (odrive_can) StdoutLine: {'line': b'-- Up-to-date: /home/gong/onset_ws/install/odrive_can/lib/libodrive_can__rosidl_typesupport_introspection_cpp.so\n'}
[2.936776] (odrive_can) StdoutLine: {'line': b'-- Up-to-date: /home/gong/onset_ws/install/odrive_can/lib/libodrive_can__rosidl_typesupport_cpp.so\n'}
[2.936846] (odrive_can) StdoutLine: {'line': b'-- Up-to-date: /home/gong/onset_ws/install/odrive_can/share/odrive_can/environment/pythonpath.sh\n'}
[2.936900] (odrive_can) StdoutLine: {'line': b'-- Up-to-date: /home/gong/onset_ws/install/odrive_can/share/odrive_can/environment/pythonpath.dsv\n'}
[2.936952] (odrive_can) StdoutLine: {'line': b'-- Up-to-date: /home/gong/onset_ws/install/odrive_can/local/lib/python3.10/dist-packages/odrive_can-0.0.1-py3.10.egg-info\n'}
[2.937002] (odrive_can) StdoutLine: {'line': b'-- Installing: /home/gong/onset_ws/install/odrive_can/local/lib/python3.10/dist-packages/odrive_can-0.0.1-py3.10.egg-info/SOURCES.txt\n'}
[2.937132] (odrive_can) StdoutLine: {'line': b'-- Installing: /home/gong/onset_ws/install/odrive_can/local/lib/python3.10/dist-packages/odrive_can-0.0.1-py3.10.egg-info/top_level.txt\n'}
[2.937197] (odrive_can) StdoutLine: {'line': b'-- Installing: /home/gong/onset_ws/install/odrive_can/local/lib/python3.10/dist-packages/odrive_can-0.0.1-py3.10.egg-info/dependency_links.txt\n'}
[2.937250] (odrive_can) StdoutLine: {'line': b'-- Installing: /home/gong/onset_ws/install/odrive_can/local/lib/python3.10/dist-packages/odrive_can-0.0.1-py3.10.egg-info/PKG-INFO\n'}
[2.937300] (odrive_can) StdoutLine: {'line': b'-- Up-to-date: /home/gong/onset_ws/install/odrive_can/local/lib/python3.10/dist-packages/odrive_can\n'}
[2.937346] (odrive_can) StdoutLine: {'line': b'-- Up-to-date: /home/gong/onset_ws/install/odrive_can/local/lib/python3.10/dist-packages/odrive_can/odrive_can_s__rosidl_typesupport_fastrtps_c.cpython-310-x86_64-linux-gnu.so\n'}
[2.937393] (odrive_can) StdoutLine: {'line': b'-- Up-to-date: /home/gong/onset_ws/install/odrive_can/local/lib/python3.10/dist-packages/odrive_can/_odrive_can_s.ep.rosidl_typesupport_introspection_c.c\n'}
[2.937438] (odrive_can) StdoutLine: {'line': b'-- Up-to-date: /home/gong/onset_ws/install/odrive_can/local/lib/python3.10/dist-packages/odrive_can/__init__.py\n'}
[2.937484] (odrive_can) StdoutLine: {'line': b'-- Up-to-date: /home/gong/onset_ws/install/odrive_can/local/lib/python3.10/dist-packages/odrive_can/odrive_can_s__rosidl_typesupport_introspection_c.cpython-310-x86_64-linux-gnu.so\n'}
[2.937531] (odrive_can) StdoutLine: {'line': b'-- Up-to-date: /home/gong/onset_ws/install/odrive_can/local/lib/python3.10/dist-packages/odrive_can/libodrive_can__rosidl_generator_py.so\n'}
[2.937578] (odrive_can) StdoutLine: {'line': b'-- Up-to-date: /home/gong/onset_ws/install/odrive_can/local/lib/python3.10/dist-packages/odrive_can/msg\n'}
[2.937646] (odrive_can) StdoutLine: {'line': b'-- Up-to-date: /home/gong/onset_ws/install/odrive_can/local/lib/python3.10/dist-packages/odrive_can/msg/_control_message_s.c\n'}
[2.942780] (odrive_can) StdoutLine: {'line': b'-- Up-to-date: /home/gong/onset_ws/install/odrive_can/local/lib/python3.10/dist-packages/odrive_can/msg/_controller_status.py\n'}
[2.942853] (odrive_can) StdoutLine: {'line': b'-- Up-to-date: /home/gong/onset_ws/install/odrive_can/local/lib/python3.10/dist-packages/odrive_can/msg/__init__.py\n'}
[2.942910] (odrive_can) StdoutLine: {'line': b'-- Up-to-date: /home/gong/onset_ws/install/odrive_can/local/lib/python3.10/dist-packages/odrive_can/msg/_o_drive_status.py\n'}
[2.942982] (odrive_can) StdoutLine: {'line': b'-- Up-to-date: /home/gong/onset_ws/install/odrive_can/local/lib/python3.10/dist-packages/odrive_can/msg/_controller_status_s.c\n'}
[2.943062] (odrive_can) StdoutLine: {'line': b'-- Up-to-date: /home/gong/onset_ws/install/odrive_can/local/lib/python3.10/dist-packages/odrive_can/msg/_control_message.py\n'}
[2.943143] (odrive_can) StdoutLine: {'line': b'-- Up-to-date: /home/gong/onset_ws/install/odrive_can/local/lib/python3.10/dist-packages/odrive_can/msg/_o_drive_status_s.c\n'}
[2.943207] (odrive_can) StdoutLine: {'line': b'-- Up-to-date: /home/gong/onset_ws/install/odrive_can/local/lib/python3.10/dist-packages/odrive_can/_odrive_can_s.ep.rosidl_typesupport_fastrtps_c.c\n'}
[2.943259] (odrive_can) StdoutLine: {'line': b'-- Up-to-date: /home/gong/onset_ws/install/odrive_can/local/lib/python3.10/dist-packages/odrive_can/odrive_can_s__rosidl_typesupport_c.cpython-310-x86_64-linux-gnu.so\n'}
[2.943309] (odrive_can) StdoutLine: {'line': b'-- Up-to-date: /home/gong/onset_ws/install/odrive_can/local/lib/python3.10/dist-packages/odrive_can/_odrive_can_s.ep.rosidl_typesupport_c.c\n'}
[2.943357] (odrive_can) StdoutLine: {'line': b'-- Up-to-date: /home/gong/onset_ws/install/odrive_can/local/lib/python3.10/dist-packages/odrive_can/srv\n'}
[2.943404] (odrive_can) StdoutLine: {'line': b'-- Up-to-date: /home/gong/onset_ws/install/odrive_can/local/lib/python3.10/dist-packages/odrive_can/srv/_axis_state_s.c\n'}
[2.943450] (odrive_can) StdoutLine: {'line': b'-- Up-to-date: /home/gong/onset_ws/install/odrive_can/local/lib/python3.10/dist-packages/odrive_can/srv/_axis_state.py\n'}
[2.943499] (odrive_can) StdoutLine: {'line': b'-- Up-to-date: /home/gong/onset_ws/install/odrive_can/local/lib/python3.10/dist-packages/odrive_can/srv/__init__.py\n'}
[2.989775] (-) TimerEvent: {}
[3.054986] (onset_interfaces) StdoutLine: {'line': b'[ 90%] Built target onset_interfaces__rosidl_generator_py\n'}
[3.090076] (-) TimerEvent: {}
[3.153082] (odrive_can) StdoutLine: {'line': b"Listing '/home/gong/onset_ws/install/odrive_can/local/lib/python3.10/dist-packages/odrive_can'...\n"}
[3.153325] (odrive_can) StdoutLine: {'line': b"Listing '/home/gong/onset_ws/install/odrive_can/local/lib/python3.10/dist-packages/odrive_can/msg'...\n"}
[3.153552] (odrive_can) StdoutLine: {'line': b"Listing '/home/gong/onset_ws/install/odrive_can/local/lib/python3.10/dist-packages/odrive_can/srv'...\n"}
[3.157983] (odrive_can) StdoutLine: {'line': b'-- Up-to-date: /home/gong/onset_ws/install/odrive_can/local/lib/python3.10/dist-packages/odrive_can/odrive_can_s__rosidl_typesupport_fastrtps_c.cpython-310-x86_64-linux-gnu.so\n'}
[3.161340] (odrive_can) StdoutLine: {'line': b'-- Up-to-date: /home/gong/onset_ws/install/odrive_can/local/lib/python3.10/dist-packages/odrive_can/odrive_can_s__rosidl_typesupport_introspection_c.cpython-310-x86_64-linux-gnu.so\n'}
[3.161952] (odrive_can) StdoutLine: {'line': b'-- Up-to-date: /home/gong/onset_ws/install/odrive_can/local/lib/python3.10/dist-packages/odrive_can/odrive_can_s__rosidl_typesupport_c.cpython-310-x86_64-linux-gnu.so\n'}
[3.162041] (odrive_can) StdoutLine: {'line': b'-- Up-to-date: /home/gong/onset_ws/install/odrive_can/lib/libodrive_can__rosidl_generator_py.so\n'}
[3.168521] (odrive_can) StdoutLine: {'line': b'-- Up-to-date: /home/gong/onset_ws/install/odrive_can/share/odrive_can/msg/ControlMessage.idl\n'}
[3.170006] (odrive_can) StdoutLine: {'line': b'-- Up-to-date: /home/gong/onset_ws/install/odrive_can/share/odrive_can/msg/ControllerStatus.idl\n'}
[3.170110] (odrive_can) StdoutLine: {'line': b'-- Up-to-date: /home/gong/onset_ws/install/odrive_can/share/odrive_can/msg/ODriveStatus.idl\n'}
[3.170170] (odrive_can) StdoutLine: {'line': b'-- Up-to-date: /home/gong/onset_ws/install/odrive_can/share/odrive_can/srv/AxisState.idl\n'}
[3.170223] (odrive_can) StdoutLine: {'line': b'-- Up-to-date: /home/gong/onset_ws/install/odrive_can/share/odrive_can/msg/ControlMessage.msg\n'}
[3.170272] (odrive_can) StdoutLine: {'line': b'-- Up-to-date: /home/gong/onset_ws/install/odrive_can/share/odrive_can/msg/ControllerStatus.msg\n'}
[3.170321] (odrive_can) StdoutLine: {'line': b'-- Up-to-date: /home/gong/onset_ws/install/odrive_can/share/odrive_can/msg/ODriveStatus.msg\n'}
[3.170370] (odrive_can) StdoutLine: {'line': b'-- Up-to-date: /home/gong/onset_ws/install/odrive_can/share/odrive_can/srv/AxisState.srv\n'}
[3.170416] (odrive_can) StdoutLine: {'line': b'-- Up-to-date: /home/gong/onset_ws/install/odrive_can/share/odrive_can/srv/AxisState_Request.msg\n'}
[3.170476] (odrive_can) StdoutLine: {'line': b'-- Up-to-date: /home/gong/onset_ws/install/odrive_can/share/odrive_can/srv/AxisState_Response.msg\n'}
[3.171381] (odrive_can) StdoutLine: {'line': b'-- Up-to-date: /home/gong/onset_ws/install/odrive_can/lib/odrive_can/odrive_can_node\n'}
[3.175082] (odrive_can) StdoutLine: {'line': b'-- Up-to-date: /home/gong/onset_ws/install/odrive_can/share/odrive_can/launch\n'}
[3.175266] (odrive_can) StdoutLine: {'line': b'-- Up-to-date: /home/gong/onset_ws/install/odrive_can/share/odrive_can/launch/example_launch.yaml\n'}
[3.175338] (odrive_can) StdoutLine: {'line': b'-- Up-to-date: /home/gong/onset_ws/install/odrive_can/share/ament_index/resource_index/package_run_dependencies/odrive_can\n'}
[3.175398] (odrive_can) StdoutLine: {'line': b'-- Up-to-date: /home/gong/onset_ws/install/odrive_can/share/ament_index/resource_index/parent_prefix_path/odrive_can\n'}
[3.175553] (odrive_can) StdoutLine: {'line': b'-- Up-to-date: /home/gong/onset_ws/install/odrive_can/share/odrive_can/environment/ament_prefix_path.sh\n'}
[3.176131] (odrive_can) StdoutLine: {'line': b'-- Up-to-date: /home/gong/onset_ws/install/odrive_can/share/odrive_can/environment/ament_prefix_path.dsv\n'}
[3.177573] (odrive_can) StdoutLine: {'line': b'-- Up-to-date: /home/gong/onset_ws/install/odrive_can/share/odrive_can/environment/path.sh\n'}
[3.177639] (odrive_can) StdoutLine: {'line': b'-- Up-to-date: /home/gong/onset_ws/install/odrive_can/share/odrive_can/environment/path.dsv\n'}
[3.177693] (odrive_can) StdoutLine: {'line': b'-- Up-to-date: /home/gong/onset_ws/install/odrive_can/share/odrive_can/local_setup.bash\n'}
[3.177756] (odrive_can) StdoutLine: {'line': b'-- Up-to-date: /home/gong/onset_ws/install/odrive_can/share/odrive_can/local_setup.sh\n'}
[3.177807] (odrive_can) StdoutLine: {'line': b'-- Up-to-date: /home/gong/onset_ws/install/odrive_can/share/odrive_can/local_setup.zsh\n'}
[3.177854] (odrive_can) StdoutLine: {'line': b'-- Up-to-date: /home/gong/onset_ws/install/odrive_can/share/odrive_can/local_setup.dsv\n'}
[3.177901] (odrive_can) StdoutLine: {'line': b'-- Installing: /home/gong/onset_ws/install/odrive_can/share/odrive_can/package.dsv\n'}
[3.179124] (odrive_can) StdoutLine: {'line': b'-- Up-to-date: /home/gong/onset_ws/install/odrive_can/share/ament_index/resource_index/packages/odrive_can\n'}
[3.179221] (odrive_can) StdoutLine: {'line': b'-- Up-to-date: /home/gong/onset_ws/install/odrive_can/share/odrive_can/cmake/export_odrive_can__rosidl_generator_cExport.cmake\n'}
[3.179326] (odrive_can) StdoutLine: {'line': b'-- Up-to-date: /home/gong/onset_ws/install/odrive_can/share/odrive_can/cmake/export_odrive_can__rosidl_generator_cExport-noconfig.cmake\n'}
[3.184682] (odrive_can) StdoutLine: {'line': b'-- Up-to-date: /home/gong/onset_ws/install/odrive_can/share/odrive_can/cmake/export_odrive_can__rosidl_typesupport_fastrtps_cExport.cmake\n'}
[3.184955] (odrive_can) StdoutLine: {'line': b'-- Up-to-date: /home/gong/onset_ws/install/odrive_can/share/odrive_can/cmake/export_odrive_can__rosidl_typesupport_fastrtps_cExport-noconfig.cmake\n'}
[3.185065] (odrive_can) StdoutLine: {'line': b'-- Up-to-date: /home/gong/onset_ws/install/odrive_can/share/odrive_can/cmake/export_odrive_can__rosidl_generator_cppExport.cmake\n'}
[3.185126] (odrive_can) StdoutLine: {'line': b'-- Up-to-date: /home/gong/onset_ws/install/odrive_can/share/odrive_can/cmake/export_odrive_can__rosidl_typesupport_fastrtps_cppExport.cmake\n'}
[3.185183] (odrive_can) StdoutLine: {'line': b'-- Up-to-date: /home/gong/onset_ws/install/odrive_can/share/odrive_can/cmake/export_odrive_can__rosidl_typesupport_fastrtps_cppExport-noconfig.cmake\n'}
[3.185277] (odrive_can) StdoutLine: {'line': b'-- Up-to-date: /home/gong/onset_ws/install/odrive_can/share/odrive_can/cmake/odrive_can__rosidl_typesupport_introspection_cExport.cmake\n'}
[3.185344] (odrive_can) StdoutLine: {'line': b'-- Up-to-date: /home/gong/onset_ws/install/odrive_can/share/odrive_can/cmake/odrive_can__rosidl_typesupport_introspection_cExport-noconfig.cmake\n'}
[3.185403] (odrive_can) StdoutLine: {'line': b'-- Up-to-date: /home/gong/onset_ws/install/odrive_can/share/odrive_can/cmake/odrive_can__rosidl_typesupport_cExport.cmake\n'}
[3.185587] (odrive_can) StdoutLine: {'line': b'-- Up-to-date: /home/gong/onset_ws/install/odrive_can/share/odrive_can/cmake/odrive_can__rosidl_typesupport_cExport-noconfig.cmake\n'}
[3.185654] (odrive_can) StdoutLine: {'line': b'-- Up-to-date: /home/gong/onset_ws/install/odrive_can/share/odrive_can/cmake/odrive_can__rosidl_typesupport_introspection_cppExport.cmake\n'}
[3.189305] (odrive_can) StdoutLine: {'line': b'-- Up-to-date: /home/gong/onset_ws/install/odrive_can/share/odrive_can/cmake/odrive_can__rosidl_typesupport_introspection_cppExport-noconfig.cmake\n'}
[3.189436] (odrive_can) StdoutLine: {'line': b'-- Up-to-date: /home/gong/onset_ws/install/odrive_can/share/odrive_can/cmake/odrive_can__rosidl_typesupport_cppExport.cmake\n'}
[3.189499] (odrive_can) StdoutLine: {'line': b'-- Up-to-date: /home/gong/onset_ws/install/odrive_can/share/odrive_can/cmake/odrive_can__rosidl_typesupport_cppExport-noconfig.cmake\n'}
[3.189554] (odrive_can) StdoutLine: {'line': b'-- Up-to-date: /home/gong/onset_ws/install/odrive_can/share/odrive_can/cmake/export_odrive_can__rosidl_generator_pyExport.cmake\n'}
[3.189606] (odrive_can) StdoutLine: {'line': b'-- Up-to-date: /home/gong/onset_ws/install/odrive_can/share/odrive_can/cmake/export_odrive_can__rosidl_generator_pyExport-noconfig.cmake\n'}
[3.189657] (odrive_can) StdoutLine: {'line': b'-- Up-to-date: /home/gong/onset_ws/install/odrive_can/share/odrive_can/cmake/rosidl_cmake-extras.cmake\n'}
[3.189705] (odrive_can) StdoutLine: {'line': b'-- Up-to-date: /home/gong/onset_ws/install/odrive_can/share/odrive_can/cmake/ament_cmake_export_include_directories-extras.cmake\n'}
[3.189752] (odrive_can) StdoutLine: {'line': b'-- Up-to-date: /home/gong/onset_ws/install/odrive_can/share/odrive_can/cmake/ament_cmake_export_libraries-extras.cmake\n'}
[3.189799] (odrive_can) StdoutLine: {'line': b'-- Up-to-date: /home/gong/onset_ws/install/odrive_can/share/odrive_can/cmake/ament_cmake_export_targets-extras.cmake\n'}
[3.189847] (odrive_can) StdoutLine: {'line': b'-- Up-to-date: /home/gong/onset_ws/install/odrive_can/share/odrive_can/cmake/rosidl_cmake_export_typesupport_targets-extras.cmake\n'}
[3.189893] (odrive_can) StdoutLine: {'line': b'-- Up-to-date: /home/gong/onset_ws/install/odrive_can/share/odrive_can/cmake/ament_cmake_export_dependencies-extras.cmake\n'}
[3.189939] (odrive_can) StdoutLine: {'line': b'-- Up-to-date: /home/gong/onset_ws/install/odrive_can/share/odrive_can/cmake/rosidl_cmake_export_typesupport_libraries-extras.cmake\n'}
[3.192082] (-) TimerEvent: {}
[3.193679] (odrive_can) StdoutLine: {'line': b'-- Up-to-date: /home/gong/onset_ws/install/odrive_can/share/odrive_can/cmake/odrive_canConfig.cmake\n'}
[3.193783] (odrive_can) StdoutLine: {'line': b'-- Up-to-date: /home/gong/onset_ws/install/odrive_can/share/odrive_can/cmake/odrive_canConfig-version.cmake\n'}
[3.193888] (odrive_can) StdoutLine: {'line': b'-- Up-to-date: /home/gong/onset_ws/install/odrive_can/share/odrive_can/package.xml\n'}
[3.208847] (odrive_can) CommandEnded: {'returncode': 0}
[3.238128] (onset_interfaces) StdoutLine: {'line': b'[ 93%] Built target onset_interfaces__rosidl_typesupport_fastrtps_c__pyext\n'}
[3.293145] (-) TimerEvent: {}
[3.373206] (odrive_can) JobEnded: {'identifier': 'odrive_can', 'rc': 0}
[3.376379] (odrive_botwheel_explorer) JobStarted: {'identifier': 'odrive_botwheel_explorer'}
[3.396111] (-) TimerEvent: {}
[3.411476] (onset_interfaces) StdoutLine: {'line': b'[ 96%] Built target onset_interfaces__rosidl_typesupport_introspection_c__pyext\n'}
[3.418252] (odrive_botwheel_explorer) JobProgress: {'identifier': 'odrive_botwheel_explorer', 'progress': 'cmake'}
[3.421327] (odrive_botwheel_explorer) JobProgress: {'identifier': 'odrive_botwheel_explorer', 'progress': 'build'}
[3.421891] (odrive_botwheel_explorer) Command: {'cmd': ['/usr/bin/cmake', '--build', '/home/gong/onset_ws/build/odrive_botwheel_explorer', '--', '-j2', '-l2'], 'cwd': '/home/gong/onset_ws/build/odrive_botwheel_explorer', 'env': OrderedDict([('LESSOPEN', '| /usr/bin/lesspipe %s'), ('LANGUAGE', 'en_CA:en'), ('USER', 'gong'), ('XDG_SESSION_TYPE', 'wayland'), ('SHLVL', '1'), ('LD_LIBRARY_PATH', '/home/gong/onset_ws/install/odrive_ros2_control/lib:/home/gong/onset_ws/install/onset_interfaces/lib:/home/gong/onset_ws/install/odrive_can/lib:/usr/lib/x86_64-linux-gnu/gazebo-11/plugins:/opt/ros/humble/opt/rviz_ogre_vendor/lib:/opt/ros/humble/lib/x86_64-linux-gnu:/opt/ros/humble/lib'), ('HOME', '/home/gong'), ('OLDPWD', '/home/gong/onset_ws/src/onsetbot'), ('DESKTOP_SESSION', 'ubuntu'), ('ROS_PYTHON_VERSION', '3'), ('GNOME_SHELL_SESSION_MODE', 'ubuntu'), ('GTK_MODULES', 'gail:atk-bridge'), ('SYSTEMD_EXEC_PID', '2257'), ('DBUS_SESSION_BUS_ADDRESS', 'unix:path=/run/user/1000/bus'), ('COLORTERM', 'truecolor'), ('IM_CONFIG_PHASE', '1'), ('WAYLAND_DISPLAY', 'wayland-0'), ('COLCON_PREFIX_PATH', '/home/gong/onset_ws/install'), ('ROS_DISTRO', 'humble'), ('LOGNAME', 'gong'), ('_', '/usr/bin/colcon'), ('ROS_VERSION', '2'), ('XDG_SESSION_CLASS', 'user'), ('USERNAME', 'gong'), ('TERM', 'xterm-256color'), ('GNOME_DESKTOP_SESSION_ID', 'this-is-deprecated'), ('ROS_LOCALHOST_ONLY', '0'), ('PATH', '/opt/ros/humble/bin:/home/gong/.local/bin:/usr/local/sbin:/usr/local/bin:/usr/sbin:/usr/bin:/sbin:/bin:/usr/games:/usr/local/games:/snap/bin:/snap/bin'), ('SESSION_MANAGER', 'local/gong-virtual-machine:@/tmp/.ICE-unix/1627,unix/gong-virtual-machine:/tmp/.ICE-unix/1627'), ('XDG_MENU_PREFIX', 'gnome-'), ('GNOME_TERMINAL_SCREEN', '/org/gnome/Terminal/screen/a5e5ee23_29d3_4186_9d99_8629ca68bc55'), ('GNOME_SETUP_DISPLAY', ':1'), ('XDG_RUNTIME_DIR', '/run/user/1000'), ('DISPLAY', ':0'), ('LANG', 'en_US.UTF-8'), ('XDG_CURRENT_DESKTOP', 'ubuntu:GNOME'), ('XMODIFIERS', '@im=ibus'), ('XDG_SESSION_DESKTOP', 'ubuntu'), ('XAUTHORITY', '/run/user/1000/.mutter-Xwaylandauth.SNL5L3'), ('LS_COLORS', 'rs=0:di=01;34:ln=01;36:mh=00:pi=40;33:so=01;35:do=01;35:bd=40;33;01:cd=40;33;01:or=40;31;01:mi=00:su=37;41:sg=30;43:ca=30;41:tw=30;42:ow=34;42:st=37;44:ex=01;32:*.tar=01;31:*.tgz=01;31:*.arc=01;31:*.arj=01;31:*.taz=01;31:*.lha=01;31:*.lz4=01;31:*.lzh=01;31:*.lzma=01;31:*.tlz=01;31:*.txz=01;31:*.tzo=01;31:*.t7z=01;31:*.zip=01;31:*.z=01;31:*.dz=01;31:*.gz=01;31:*.lrz=01;31:*.lz=01;31:*.lzo=01;31:*.xz=01;31:*.zst=01;31:*.tzst=01;31:*.bz2=01;31:*.bz=01;31:*.tbz=01;31:*.tbz2=01;31:*.tz=01;31:*.deb=01;31:*.rpm=01;31:*.jar=01;31:*.war=01;31:*.ear=01;31:*.sar=01;31:*.rar=01;31:*.alz=01;31:*.ace=01;31:*.zoo=01;31:*.cpio=01;31:*.7z=01;31:*.rz=01;31:*.cab=01;31:*.wim=01;31:*.swm=01;31:*.dwm=01;31:*.esd=01;31:*.jpg=01;35:*.jpeg=01;35:*.mjpg=01;35:*.mjpeg=01;35:*.gif=01;35:*.bmp=01;35:*.pbm=01;35:*.pgm=01;35:*.ppm=01;35:*.tga=01;35:*.xbm=01;35:*.xpm=01;35:*.tif=01;35:*.tiff=01;35:*.png=01;35:*.svg=01;35:*.svgz=01;35:*.mng=01;35:*.pcx=01;35:*.mov=01;35:*.mpg=01;35:*.mpeg=01;35:*.m2v=01;35:*.mkv=01;35:*.webm=01;35:*.webp=01;35:*.ogm=01;35:*.mp4=01;35:*.m4v=01;35:*.mp4v=01;35:*.vob=01;35:*.qt=01;35:*.nuv=01;35:*.wmv=01;35:*.asf=01;35:*.rm=01;35:*.rmvb=01;35:*.flc=01;35:*.avi=01;35:*.fli=01;35:*.flv=01;35:*.gl=01;35:*.dl=01;35:*.xcf=01;35:*.xwd=01;35:*.yuv=01;35:*.cgm=01;35:*.emf=01;35:*.ogv=01;35:*.ogx=01;35:*.aac=00;36:*.au=00;36:*.flac=00;36:*.m4a=00;36:*.mid=00;36:*.midi=00;36:*.mka=00;36:*.mp3=00;36:*.mpc=00;36:*.ogg=00;36:*.ra=00;36:*.wav=00;36:*.oga=00;36:*.opus=00;36:*.spx=00;36:*.xspf=00;36:'), ('GNOME_TERMINAL_SERVICE', ':1.106'), ('SSH_AGENT_LAUNCHER', 'gnome-keyring'), ('SSH_AUTH_SOCK', '/run/user/1000/keyring/ssh'), ('ROS_DOMAIN_ID', '0'), ('AMENT_PREFIX_PATH', '/home/gong/onset_ws/install/onsetbot:/home/gong/onset_ws/install/onset_interfaces:/home/gong/onset_ws/install/odrive_botwheel_explorer:/home/gong/onset_ws/install/odrive_ros2_control:/home/gong/onset_ws/install/odrive_can:/opt/ros/humble'), ('SHELL', '/bin/bash'), ('QT_ACCESSIBILITY', '1'), ('GDMSESSION', 'ubuntu'), ('LESSCLOSE', '/usr/bin/lesspipe %s %s'), ('QT_IM_MODULE', 'ibus'), ('PWD', '/home/gong/onset_ws/build/odrive_botwheel_explorer'), ('LC_ALL', 'en_US.UTF-8'), ('XDG_CONFIG_DIRS', '/etc/xdg/xdg-ubuntu:/etc/xdg'), ('XDG_DATA_DIRS', '/usr/share/ubuntu:/usr/local/share/:/usr/share/:/var/lib/snapd/desktop'), ('PYTHONPATH', '/home/gong/onset_ws/install/onsetbot/lib/python3.10/site-packages:/home/gong/onset_ws/install/onset_interfaces/local/lib/python3.10/dist-packages:/home/gong/onset_ws/install/odrive_can/local/lib/python3.10/dist-packages:/opt/ros/humble/lib/python3.10/site-packages:/opt/ros/humble/local/lib/python3.10/dist-packages'), ('COLCON', '1'), ('VTE_VERSION', '6800'), ('CMAKE_PREFIX_PATH', '/home/gong/onset_ws/install/odrive_ros2_control:/home/gong/onset_ws/install/onset_interfaces:/home/gong/onset_ws/install/odrive_botwheel_explorer:/home/gong/onset_ws/install/odrive_can:/home/gong/onset_ws/install/onsetbot:/opt/ros/humble')]), 'shell': False}
[3.500921] (-) TimerEvent: {}
[3.514785] (onset_interfaces) StdoutLine: {'line': b'[100%] Built target onset_interfaces__rosidl_typesupport_c__pyext\n'}
[3.517599] (odrive_botwheel_explorer) CommandEnded: {'returncode': 0}
[3.517914] (odrive_botwheel_explorer) JobProgress: {'identifier': 'odrive_botwheel_explorer', 'progress': 'install'}
[3.518057] (odrive_botwheel_explorer) Command: {'cmd': ['/usr/bin/cmake', '--install', '/home/gong/onset_ws/build/odrive_botwheel_explorer'], 'cwd': '/home/gong/onset_ws/build/odrive_botwheel_explorer', 'env': OrderedDict([('LESSOPEN', '| /usr/bin/lesspipe %s'), ('LANGUAGE', 'en_CA:en'), ('USER', 'gong'), ('XDG_SESSION_TYPE', 'wayland'), ('SHLVL', '1'), ('LD_LIBRARY_PATH', '/home/gong/onset_ws/install/odrive_ros2_control/lib:/home/gong/onset_ws/install/onset_interfaces/lib:/home/gong/onset_ws/install/odrive_can/lib:/usr/lib/x86_64-linux-gnu/gazebo-11/plugins:/opt/ros/humble/opt/rviz_ogre_vendor/lib:/opt/ros/humble/lib/x86_64-linux-gnu:/opt/ros/humble/lib'), ('HOME', '/home/gong'), ('OLDPWD', '/home/gong/onset_ws/src/onsetbot'), ('DESKTOP_SESSION', 'ubuntu'), ('ROS_PYTHON_VERSION', '3'), ('GNOME_SHELL_SESSION_MODE', 'ubuntu'), ('GTK_MODULES', 'gail:atk-bridge'), ('SYSTEMD_EXEC_PID', '2257'), ('DBUS_SESSION_BUS_ADDRESS', 'unix:path=/run/user/1000/bus'), ('COLORTERM', 'truecolor'), ('IM_CONFIG_PHASE', '1'), ('WAYLAND_DISPLAY', 'wayland-0'), ('COLCON_PREFIX_PATH', '/home/gong/onset_ws/install'), ('ROS_DISTRO', 'humble'), ('LOGNAME', 'gong'), ('_', '/usr/bin/colcon'), ('ROS_VERSION', '2'), ('XDG_SESSION_CLASS', 'user'), ('USERNAME', 'gong'), ('TERM', 'xterm-256color'), ('GNOME_DESKTOP_SESSION_ID', 'this-is-deprecated'), ('ROS_LOCALHOST_ONLY', '0'), ('PATH', '/opt/ros/humble/bin:/home/gong/.local/bin:/usr/local/sbin:/usr/local/bin:/usr/sbin:/usr/bin:/sbin:/bin:/usr/games:/usr/local/games:/snap/bin:/snap/bin'), ('SESSION_MANAGER', 'local/gong-virtual-machine:@/tmp/.ICE-unix/1627,unix/gong-virtual-machine:/tmp/.ICE-unix/1627'), ('XDG_MENU_PREFIX', 'gnome-'), ('GNOME_TERMINAL_SCREEN', '/org/gnome/Terminal/screen/a5e5ee23_29d3_4186_9d99_8629ca68bc55'), ('GNOME_SETUP_DISPLAY', ':1'), ('XDG_RUNTIME_DIR', '/run/user/1000'), ('DISPLAY', ':0'), ('LANG', 'en_US.UTF-8'), ('XDG_CURRENT_DESKTOP', 'ubuntu:GNOME'), ('XMODIFIERS', '@im=ibus'), ('XDG_SESSION_DESKTOP', 'ubuntu'), ('XAUTHORITY', '/run/user/1000/.mutter-Xwaylandauth.SNL5L3'), ('LS_COLORS', 'rs=0:di=01;34:ln=01;36:mh=00:pi=40;33:so=01;35:do=01;35:bd=40;33;01:cd=40;33;01:or=40;31;01:mi=00:su=37;41:sg=30;43:ca=30;41:tw=30;42:ow=34;42:st=37;44:ex=01;32:*.tar=01;31:*.tgz=01;31:*.arc=01;31:*.arj=01;31:*.taz=01;31:*.lha=01;31:*.lz4=01;31:*.lzh=01;31:*.lzma=01;31:*.tlz=01;31:*.txz=01;31:*.tzo=01;31:*.t7z=01;31:*.zip=01;31:*.z=01;31:*.dz=01;31:*.gz=01;31:*.lrz=01;31:*.lz=01;31:*.lzo=01;31:*.xz=01;31:*.zst=01;31:*.tzst=01;31:*.bz2=01;31:*.bz=01;31:*.tbz=01;31:*.tbz2=01;31:*.tz=01;31:*.deb=01;31:*.rpm=01;31:*.jar=01;31:*.war=01;31:*.ear=01;31:*.sar=01;31:*.rar=01;31:*.alz=01;31:*.ace=01;31:*.zoo=01;31:*.cpio=01;31:*.7z=01;31:*.rz=01;31:*.cab=01;31:*.wim=01;31:*.swm=01;31:*.dwm=01;31:*.esd=01;31:*.jpg=01;35:*.jpeg=01;35:*.mjpg=01;35:*.mjpeg=01;35:*.gif=01;35:*.bmp=01;35:*.pbm=01;35:*.pgm=01;35:*.ppm=01;35:*.tga=01;35:*.xbm=01;35:*.xpm=01;35:*.tif=01;35:*.tiff=01;35:*.png=01;35:*.svg=01;35:*.svgz=01;35:*.mng=01;35:*.pcx=01;35:*.mov=01;35:*.mpg=01;35:*.mpeg=01;35:*.m2v=01;35:*.mkv=01;35:*.webm=01;35:*.webp=01;35:*.ogm=01;35:*.mp4=01;35:*.m4v=01;35:*.mp4v=01;35:*.vob=01;35:*.qt=01;35:*.nuv=01;35:*.wmv=01;35:*.asf=01;35:*.rm=01;35:*.rmvb=01;35:*.flc=01;35:*.avi=01;35:*.fli=01;35:*.flv=01;35:*.gl=01;35:*.dl=01;35:*.xcf=01;35:*.xwd=01;35:*.yuv=01;35:*.cgm=01;35:*.emf=01;35:*.ogv=01;35:*.ogx=01;35:*.aac=00;36:*.au=00;36:*.flac=00;36:*.m4a=00;36:*.mid=00;36:*.midi=00;36:*.mka=00;36:*.mp3=00;36:*.mpc=00;36:*.ogg=00;36:*.ra=00;36:*.wav=00;36:*.oga=00;36:*.opus=00;36:*.spx=00;36:*.xspf=00;36:'), ('GNOME_TERMINAL_SERVICE', ':1.106'), ('SSH_AGENT_LAUNCHER', 'gnome-keyring'), ('SSH_AUTH_SOCK', '/run/user/1000/keyring/ssh'), ('ROS_DOMAIN_ID', '0'), ('AMENT_PREFIX_PATH', '/home/gong/onset_ws/install/onsetbot:/home/gong/onset_ws/install/onset_interfaces:/home/gong/onset_ws/install/odrive_botwheel_explorer:/home/gong/onset_ws/install/odrive_ros2_control:/home/gong/onset_ws/install/odrive_can:/opt/ros/humble'), ('SHELL', '/bin/bash'), ('QT_ACCESSIBILITY', '1'), ('GDMSESSION', 'ubuntu'), ('LESSCLOSE', '/usr/bin/lesspipe %s %s'), ('QT_IM_MODULE', 'ibus'), ('PWD', '/home/gong/onset_ws/build/odrive_botwheel_explorer'), ('LC_ALL', 'en_US.UTF-8'), ('XDG_CONFIG_DIRS', '/etc/xdg/xdg-ubuntu:/etc/xdg'), ('XDG_DATA_DIRS', '/usr/share/ubuntu:/usr/local/share/:/usr/share/:/var/lib/snapd/desktop'), ('PYTHONPATH', '/home/gong/onset_ws/install/onsetbot/lib/python3.10/site-packages:/home/gong/onset_ws/install/onset_interfaces/local/lib/python3.10/dist-packages:/home/gong/onset_ws/install/odrive_can/local/lib/python3.10/dist-packages:/opt/ros/humble/lib/python3.10/site-packages:/opt/ros/humble/local/lib/python3.10/dist-packages'), ('COLCON', '1'), ('VTE_VERSION', '6800'), ('CMAKE_PREFIX_PATH', '/home/gong/onset_ws/install/odrive_ros2_control:/home/gong/onset_ws/install/onset_interfaces:/home/gong/onset_ws/install/odrive_botwheel_explorer:/home/gong/onset_ws/install/odrive_can:/home/gong/onset_ws/install/onsetbot:/opt/ros/humble')]), 'shell': False}
[3.534313] (odrive_botwheel_explorer) StdoutLine: {'line': b'-- Install configuration: ""\n'}
[3.535097] (odrive_botwheel_explorer) StdoutLine: {'line': b'-- Up-to-date: /home/gong/onset_ws/install/odrive_botwheel_explorer/share/odrive_botwheel_explorer/urdf\n'}
[3.535378] (odrive_botwheel_explorer) StdoutLine: {'line': b'-- Up-to-date: /home/gong/onset_ws/install/odrive_botwheel_explorer/share/odrive_botwheel_explorer/urdf/diffbot_description.urdf.xacro\n'}
[3.535663] (odrive_botwheel_explorer) StdoutLine: {'line': b'-- Up-to-date: /home/gong/onset_ws/install/odrive_botwheel_explorer/share/odrive_botwheel_explorer/urdf/diffbot.ros2_control.xacro\n'}
[3.536016] (odrive_botwheel_explorer) StdoutLine: {'line': b'-- Up-to-date: /home/gong/onset_ws/install/odrive_botwheel_explorer/share/odrive_botwheel_explorer/urdf/diffbot.urdf.xacro\n'}
[3.536261] (odrive_botwheel_explorer) StdoutLine: {'line': b'-- Up-to-date: /home/gong/onset_ws/install/odrive_botwheel_explorer/share/odrive_botwheel_explorer/config\n'}
[3.536400] (odrive_botwheel_explorer) StdoutLine: {'line': b'-- Up-to-date: /home/gong/onset_ws/install/odrive_botwheel_explorer/share/odrive_botwheel_explorer/config/diffbot_controllers.yaml\n'}
[3.536573] (odrive_botwheel_explorer) StdoutLine: {'line': b'-- Up-to-date: /home/gong/onset_ws/install/odrive_botwheel_explorer/share/odrive_botwheel_explorer/launch\n'}
[3.536929] (odrive_botwheel_explorer) StdoutLine: {'line': b'-- Up-to-date: /home/gong/onset_ws/install/odrive_botwheel_explorer/share/odrive_botwheel_explorer/launch/botwheel_explorer.launch.py\n'}
[3.537246] (odrive_botwheel_explorer) StdoutLine: {'line': b'-- Up-to-date: /home/gong/onset_ws/install/odrive_botwheel_explorer/share/ament_index/resource_index/package_run_dependencies/odrive_botwheel_explorer\n'}
[3.537322] (odrive_botwheel_explorer) StdoutLine: {'line': b'-- Up-to-date: /home/gong/onset_ws/install/odrive_botwheel_explorer/share/ament_index/resource_index/parent_prefix_path/odrive_botwheel_explorer\n'}
[3.537608] (odrive_botwheel_explorer) StdoutLine: {'line': b'-- Up-to-date: /home/gong/onset_ws/install/odrive_botwheel_explorer/share/odrive_botwheel_explorer/environment/ament_prefix_path.sh\n'}
[3.537917] (odrive_botwheel_explorer) StdoutLine: {'line': b'-- Up-to-date: /home/gong/onset_ws/install/odrive_botwheel_explorer/share/odrive_botwheel_explorer/environment/ament_prefix_path.dsv\n'}
[3.537994] (odrive_botwheel_explorer) StdoutLine: {'line': b'-- Up-to-date: /home/gong/onset_ws/install/odrive_botwheel_explorer/share/odrive_botwheel_explorer/environment/path.sh\n'}
[3.538336] (odrive_botwheel_explorer) StdoutLine: {'line': b'-- Up-to-date: /home/gong/onset_ws/install/odrive_botwheel_explorer/share/odrive_botwheel_explorer/environment/path.dsv\n'}
[3.539986] (odrive_botwheel_explorer) StdoutLine: {'line': b'-- Up-to-date: /home/gong/onset_ws/install/odrive_botwheel_explorer/share/odrive_botwheel_explorer/local_setup.bash\n'}
[3.540059] (odrive_botwheel_explorer) StdoutLine: {'line': b'-- Up-to-date: /home/gong/onset_ws/install/odrive_botwheel_explorer/share/odrive_botwheel_explorer/local_setup.sh\n'}
[3.541165] (odrive_botwheel_explorer) StdoutLine: {'line': b'-- Up-to-date: /home/gong/onset_ws/install/odrive_botwheel_explorer/share/odrive_botwheel_explorer/local_setup.zsh\n'}
[3.541281] (odrive_botwheel_explorer) StdoutLine: {'line': b'-- Up-to-date: /home/gong/onset_ws/install/odrive_botwheel_explorer/share/odrive_botwheel_explorer/local_setup.dsv\n'}
[3.541339] (odrive_botwheel_explorer) StdoutLine: {'line': b'-- Installing: /home/gong/onset_ws/install/odrive_botwheel_explorer/share/odrive_botwheel_explorer/package.dsv\n'}
[3.541575] (odrive_botwheel_explorer) StdoutLine: {'line': b'-- Up-to-date: /home/gong/onset_ws/install/odrive_botwheel_explorer/share/ament_index/resource_index/packages/odrive_botwheel_explorer\n'}
[3.541780] (odrive_botwheel_explorer) StdoutLine: {'line': b'-- Up-to-date: /home/gong/onset_ws/install/odrive_botwheel_explorer/share/odrive_botwheel_explorer/cmake/odrive_botwheel_explorerConfig.cmake\n'}
[3.541985] (odrive_botwheel_explorer) StdoutLine: {'line': b'-- Up-to-date: /home/gong/onset_ws/install/odrive_botwheel_explorer/share/odrive_botwheel_explorer/cmake/odrive_botwheel_explorerConfig-version.cmake\n'}
[3.542187] (odrive_botwheel_explorer) StdoutLine: {'line': b'-- Up-to-date: /home/gong/onset_ws/install/odrive_botwheel_explorer/share/odrive_botwheel_explorer/package.xml\n'}
[3.547857] (odrive_botwheel_explorer) CommandEnded: {'returncode': 0}
[3.567697] (odrive_botwheel_explorer) JobEnded: {'identifier': 'odrive_botwheel_explorer', 'rc': 0}
[3.601349] (-) TimerEvent: {}
[3.611276] (onset_interfaces) StdoutLine: {'line': b'running egg_info\n'}
[3.611466] (onset_interfaces) StdoutLine: {'line': b'writing onset_interfaces.egg-info/PKG-INFO\n'}
[3.611939] (onset_interfaces) StdoutLine: {'line': b'writing dependency_links to onset_interfaces.egg-info/dependency_links.txt\n'}
[3.612329] (onset_interfaces) StdoutLine: {'line': b'writing top-level names to onset_interfaces.egg-info/top_level.txt\n'}
[3.620268] (onset_interfaces) StdoutLine: {'line': b"reading manifest file 'onset_interfaces.egg-info/SOURCES.txt'\n"}
[3.620453] (onset_interfaces) StdoutLine: {'line': b"writing manifest file 'onset_interfaces.egg-info/SOURCES.txt'\n"}
[3.679559] (onset_interfaces) StdoutLine: {'line': b'[100%] Built target ament_cmake_python_build_onset_interfaces_egg\n'}
[3.703006] (onset_interfaces) CommandEnded: {'returncode': 0}
[3.703372] (-) TimerEvent: {}
[3.703509] (onset_interfaces) JobProgress: {'identifier': 'onset_interfaces', 'progress': 'install'}
[3.703534] (onset_interfaces) Command: {'cmd': ['/usr/bin/cmake', '--install', '/home/gong/onset_ws/build/onset_interfaces'], 'cwd': '/home/gong/onset_ws/build/onset_interfaces', 'env': OrderedDict([('LESSOPEN', '| /usr/bin/lesspipe %s'), ('LANGUAGE', 'en_CA:en'), ('USER', 'gong'), ('XDG_SESSION_TYPE', 'wayland'), ('SHLVL', '1'), ('LD_LIBRARY_PATH', '/home/gong/onset_ws/install/onset_interfaces/lib:/home/gong/onset_ws/install/odrive_ros2_control/lib:/home/gong/onset_ws/install/odrive_can/lib:/usr/lib/x86_64-linux-gnu/gazebo-11/plugins:/opt/ros/humble/opt/rviz_ogre_vendor/lib:/opt/ros/humble/lib/x86_64-linux-gnu:/opt/ros/humble/lib'), ('HOME', '/home/gong'), ('OLDPWD', '/home/gong/onset_ws/src/onsetbot'), ('DESKTOP_SESSION', 'ubuntu'), ('ROS_PYTHON_VERSION', '3'), ('GNOME_SHELL_SESSION_MODE', 'ubuntu'), ('GTK_MODULES', 'gail:atk-bridge'), ('SYSTEMD_EXEC_PID', '2257'), ('DBUS_SESSION_BUS_ADDRESS', 'unix:path=/run/user/1000/bus'), ('COLORTERM', 'truecolor'), ('IM_CONFIG_PHASE', '1'), ('WAYLAND_DISPLAY', 'wayland-0'), ('COLCON_PREFIX_PATH', '/home/gong/onset_ws/install'), ('ROS_DISTRO', 'humble'), ('LOGNAME', 'gong'), ('_', '/usr/bin/colcon'), ('ROS_VERSION', '2'), ('XDG_SESSION_CLASS', 'user'), ('USERNAME', 'gong'), ('TERM', 'xterm-256color'), ('GNOME_DESKTOP_SESSION_ID', 'this-is-deprecated'), ('ROS_LOCALHOST_ONLY', '0'), ('PATH', '/opt/ros/humble/bin:/home/gong/.local/bin:/usr/local/sbin:/usr/local/bin:/usr/sbin:/usr/bin:/sbin:/bin:/usr/games:/usr/local/games:/snap/bin:/snap/bin'), ('SESSION_MANAGER', 'local/gong-virtual-machine:@/tmp/.ICE-unix/1627,unix/gong-virtual-machine:/tmp/.ICE-unix/1627'), ('XDG_MENU_PREFIX', 'gnome-'), ('GNOME_TERMINAL_SCREEN', '/org/gnome/Terminal/screen/a5e5ee23_29d3_4186_9d99_8629ca68bc55'), ('GNOME_SETUP_DISPLAY', ':1'), ('XDG_RUNTIME_DIR', '/run/user/1000'), ('DISPLAY', ':0'), ('LANG', 'en_US.UTF-8'), ('XDG_CURRENT_DESKTOP', 'ubuntu:GNOME'), ('XMODIFIERS', '@im=ibus'), ('XDG_SESSION_DESKTOP', 'ubuntu'), ('XAUTHORITY', '/run/user/1000/.mutter-Xwaylandauth.SNL5L3'), ('LS_COLORS', 'rs=0:di=01;34:ln=01;36:mh=00:pi=40;33:so=01;35:do=01;35:bd=40;33;01:cd=40;33;01:or=40;31;01:mi=00:su=37;41:sg=30;43:ca=30;41:tw=30;42:ow=34;42:st=37;44:ex=01;32:*.tar=01;31:*.tgz=01;31:*.arc=01;31:*.arj=01;31:*.taz=01;31:*.lha=01;31:*.lz4=01;31:*.lzh=01;31:*.lzma=01;31:*.tlz=01;31:*.txz=01;31:*.tzo=01;31:*.t7z=01;31:*.zip=01;31:*.z=01;31:*.dz=01;31:*.gz=01;31:*.lrz=01;31:*.lz=01;31:*.lzo=01;31:*.xz=01;31:*.zst=01;31:*.tzst=01;31:*.bz2=01;31:*.bz=01;31:*.tbz=01;31:*.tbz2=01;31:*.tz=01;31:*.deb=01;31:*.rpm=01;31:*.jar=01;31:*.war=01;31:*.ear=01;31:*.sar=01;31:*.rar=01;31:*.alz=01;31:*.ace=01;31:*.zoo=01;31:*.cpio=01;31:*.7z=01;31:*.rz=01;31:*.cab=01;31:*.wim=01;31:*.swm=01;31:*.dwm=01;31:*.esd=01;31:*.jpg=01;35:*.jpeg=01;35:*.mjpg=01;35:*.mjpeg=01;35:*.gif=01;35:*.bmp=01;35:*.pbm=01;35:*.pgm=01;35:*.ppm=01;35:*.tga=01;35:*.xbm=01;35:*.xpm=01;35:*.tif=01;35:*.tiff=01;35:*.png=01;35:*.svg=01;35:*.svgz=01;35:*.mng=01;35:*.pcx=01;35:*.mov=01;35:*.mpg=01;35:*.mpeg=01;35:*.m2v=01;35:*.mkv=01;35:*.webm=01;35:*.webp=01;35:*.ogm=01;35:*.mp4=01;35:*.m4v=01;35:*.mp4v=01;35:*.vob=01;35:*.qt=01;35:*.nuv=01;35:*.wmv=01;35:*.asf=01;35:*.rm=01;35:*.rmvb=01;35:*.flc=01;35:*.avi=01;35:*.fli=01;35:*.flv=01;35:*.gl=01;35:*.dl=01;35:*.xcf=01;35:*.xwd=01;35:*.yuv=01;35:*.cgm=01;35:*.emf=01;35:*.ogv=01;35:*.ogx=01;35:*.aac=00;36:*.au=00;36:*.flac=00;36:*.m4a=00;36:*.mid=00;36:*.midi=00;36:*.mka=00;36:*.mp3=00;36:*.mpc=00;36:*.ogg=00;36:*.ra=00;36:*.wav=00;36:*.oga=00;36:*.opus=00;36:*.spx=00;36:*.xspf=00;36:'), ('GNOME_TERMINAL_SERVICE', ':1.106'), ('SSH_AGENT_LAUNCHER', 'gnome-keyring'), ('SSH_AUTH_SOCK', '/run/user/1000/keyring/ssh'), ('ROS_DOMAIN_ID', '0'), ('AMENT_PREFIX_PATH', '/home/gong/onset_ws/install/onsetbot:/home/gong/onset_ws/install/onset_interfaces:/home/gong/onset_ws/install/odrive_botwheel_explorer:/home/gong/onset_ws/install/odrive_ros2_control:/home/gong/onset_ws/install/odrive_can:/opt/ros/humble'), ('SHELL', '/bin/bash'), ('QT_ACCESSIBILITY', '1'), ('GDMSESSION', 'ubuntu'), ('LESSCLOSE', '/usr/bin/lesspipe %s %s'), ('QT_IM_MODULE', 'ibus'), ('PWD', '/home/gong/onset_ws/build/onset_interfaces'), ('LC_ALL', 'en_US.UTF-8'), ('XDG_CONFIG_DIRS', '/etc/xdg/xdg-ubuntu:/etc/xdg'), ('XDG_DATA_DIRS', '/usr/share/ubuntu:/usr/local/share/:/usr/share/:/var/lib/snapd/desktop'), ('PYTHONPATH', '/home/gong/onset_ws/install/onsetbot/lib/python3.10/site-packages:/home/gong/onset_ws/install/onset_interfaces/local/lib/python3.10/dist-packages:/home/gong/onset_ws/install/odrive_can/local/lib/python3.10/dist-packages:/opt/ros/humble/lib/python3.10/site-packages:/opt/ros/humble/local/lib/python3.10/dist-packages'), ('COLCON', '1'), ('VTE_VERSION', '6800'), ('CMAKE_PREFIX_PATH', '/home/gong/onset_ws/install/onset_interfaces:/home/gong/onset_ws/install/odrive_botwheel_explorer:/home/gong/onset_ws/install/odrive_ros2_control:/home/gong/onset_ws/install/odrive_can:/home/gong/onset_ws/install/onsetbot:/opt/ros/humble')]), 'shell': False}
[3.722473] (onset_interfaces) StdoutLine: {'line': b'-- Install configuration: ""\n'}
[3.722656] (onset_interfaces) StdoutLine: {'line': b'-- Up-to-date: /home/gong/onset_ws/install/onset_interfaces/share/ament_index/resource_index/rosidl_interfaces/onset_interfaces\n'}
[3.722722] (onset_interfaces) StdoutLine: {'line': b'-- Up-to-date: /home/gong/onset_ws/install/onset_interfaces/include/onset_interfaces/onset_interfaces\n'}
[3.722778] (onset_interfaces) StdoutLine: {'line': b'-- Up-to-date: /home/gong/onset_ws/install/onset_interfaces/include/onset_interfaces/onset_interfaces/msg\n'}
[3.722936] (onset_interfaces) StdoutLine: {'line': b'-- Up-to-date: /home/gong/onset_ws/install/onset_interfaces/include/onset_interfaces/onset_interfaces/msg/home_command.h\n'}
[3.723037] (onset_interfaces) StdoutLine: {'line': b'-- Up-to-date: /home/gong/onset_ws/install/onset_interfaces/include/onset_interfaces/onset_interfaces/msg/launch_command.h\n'}
[3.723096] (onset_interfaces) StdoutLine: {'line': b'-- Up-to-date: /home/gong/onset_ws/install/onset_interfaces/include/onset_interfaces/onset_interfaces/msg/detail\n'}
[3.723150] (onset_interfaces) StdoutLine: {'line': b'-- Up-to-date: /home/gong/onset_ws/install/onset_interfaces/include/onset_interfaces/onset_interfaces/msg/detail/onset_status__functions.h\n'}
[3.723202] (onset_interfaces) StdoutLine: {'line': b'-- Up-to-date: /home/gong/onset_ws/install/onset_interfaces/include/onset_interfaces/onset_interfaces/msg/detail/home_command__type_support.h\n'}
[3.723249] (onset_interfaces) StdoutLine: {'line': b'-- Up-to-date: /home/gong/onset_ws/install/onset_interfaces/include/onset_interfaces/onset_interfaces/msg/detail/stm32_message__struct.h\n'}
[3.723335] (onset_interfaces) StdoutLine: {'line': b'-- Up-to-date: /home/gong/onset_ws/install/onset_interfaces/include/onset_interfaces/onset_interfaces/msg/detail/home_command__functions.c\n'}
[3.723456] (onset_interfaces) StdoutLine: {'line': b'-- Up-to-date: /home/gong/onset_ws/install/onset_interfaces/include/onset_interfaces/onset_interfaces/msg/detail/stm32_message__functions.h\n'}
[3.723532] (onset_interfaces) StdoutLine: {'line': b'-- Up-to-date: /home/gong/onset_ws/install/onset_interfaces/include/onset_interfaces/onset_interfaces/msg/detail/onset_status__functions.c\n'}
[3.723623] (onset_interfaces) StdoutLine: {'line': b'-- Up-to-date: /home/gong/onset_ws/install/onset_interfaces/include/onset_interfaces/onset_interfaces/msg/detail/onset_status__struct.h\n'}
[3.723680] (onset_interfaces) StdoutLine: {'line': b'-- Up-to-date: /home/gong/onset_ws/install/onset_interfaces/include/onset_interfaces/onset_interfaces/msg/detail/onset_status__type_support.h\n'}
[3.725107] (onset_interfaces) StdoutLine: {'line': b'-- Up-to-date: /home/gong/onset_ws/install/onset_interfaces/include/onset_interfaces/onset_interfaces/msg/detail/stm32_state__functions.c\n'}
[3.725585] (onset_interfaces) StdoutLine: {'line': b'-- Up-to-date: /home/gong/onset_ws/install/onset_interfaces/include/onset_interfaces/onset_interfaces/msg/detail/home_command__functions.h\n'}
[3.725959] (onset_interfaces) StdoutLine: {'line': b'-- Up-to-date: /home/gong/onset_ws/install/onset_interfaces/include/onset_interfaces/onset_interfaces/msg/detail/launch_command__struct.h\n'}
[3.726208] (onset_interfaces) StdoutLine: {'line': b'-- Up-to-date: /home/gong/onset_ws/install/onset_interfaces/include/onset_interfaces/onset_interfaces/msg/detail/home_command__struct.h\n'}
[3.726553] (onset_interfaces) StdoutLine: {'line': b'-- Up-to-date: /home/gong/onset_ws/install/onset_interfaces/include/onset_interfaces/onset_interfaces/msg/detail/stm32_state__struct.h\n'}
[3.726892] (onset_interfaces) StdoutLine: {'line': b'-- Up-to-date: /home/gong/onset_ws/install/onset_interfaces/include/onset_interfaces/onset_interfaces/msg/detail/launch_command__type_support.h\n'}
[3.727316] (onset_interfaces) StdoutLine: {'line': b'-- Up-to-date: /home/gong/onset_ws/install/onset_interfaces/include/onset_interfaces/onset_interfaces/msg/detail/stm32_message__functions.c\n'}
[3.728446] (onset_interfaces) StdoutLine: {'line': b'-- Up-to-date: /home/gong/onset_ws/install/onset_interfaces/include/onset_interfaces/onset_interfaces/msg/detail/launch_command__functions.c\n'}
[3.729463] (onset_interfaces) StdoutLine: {'line': b'-- Up-to-date: /home/gong/onset_ws/install/onset_interfaces/include/onset_interfaces/onset_interfaces/msg/detail/stm32_state__functions.h\n'}
[3.729606] (onset_interfaces) StdoutLine: {'line': b'-- Up-to-date: /home/gong/onset_ws/install/onset_interfaces/include/onset_interfaces/onset_interfaces/msg/detail/launch_command__functions.h\n'}
[3.729668] (onset_interfaces) StdoutLine: {'line': b'-- Up-to-date: /home/gong/onset_ws/install/onset_interfaces/include/onset_interfaces/onset_interfaces/msg/detail/stm32_state__type_support.h\n'}
[3.729724] (onset_interfaces) StdoutLine: {'line': b'-- Up-to-date: /home/gong/onset_ws/install/onset_interfaces/include/onset_interfaces/onset_interfaces/msg/detail/stm32_message__type_support.h\n'}
[3.729897] (onset_interfaces) StdoutLine: {'line': b'-- Up-to-date: /home/gong/onset_ws/install/onset_interfaces/include/onset_interfaces/onset_interfaces/msg/rosidl_generator_c__visibility_control.h\n'}
[3.729985] (onset_interfaces) StdoutLine: {'line': b'-- Up-to-date: /home/gong/onset_ws/install/onset_interfaces/include/onset_interfaces/onset_interfaces/msg/stm32_state.h\n'}
[3.730041] (onset_interfaces) StdoutLine: {'line': b'-- Up-to-date: /home/gong/onset_ws/install/onset_interfaces/include/onset_interfaces/onset_interfaces/msg/stm32_message.h\n'}
[3.730090] (onset_interfaces) StdoutLine: {'line': b'-- Up-to-date: /home/gong/onset_ws/install/onset_interfaces/include/onset_interfaces/onset_interfaces/msg/onset_status.h\n'}
[3.730200] (onset_interfaces) StdoutLine: {'line': b'-- Up-to-date: /home/gong/onset_ws/install/onset_interfaces/share/onset_interfaces/environment/library_path.sh\n'}
[3.730257] (onset_interfaces) StdoutLine: {'line': b'-- Up-to-date: /home/gong/onset_ws/install/onset_interfaces/share/onset_interfaces/environment/library_path.dsv\n'}
[3.730307] (onset_interfaces) StdoutLine: {'line': b'-- Up-to-date: /home/gong/onset_ws/install/onset_interfaces/lib/libonset_interfaces__rosidl_generator_c.so\n'}
[3.730355] (onset_interfaces) StdoutLine: {'line': b'-- Up-to-date: /home/gong/onset_ws/install/onset_interfaces/include/onset_interfaces/onset_interfaces\n'}
[3.730401] (onset_interfaces) StdoutLine: {'line': b'-- Up-to-date: /home/gong/onset_ws/install/onset_interfaces/include/onset_interfaces/onset_interfaces/msg\n'}
[3.730446] (onset_interfaces) StdoutLine: {'line': b'-- Up-to-date: /home/gong/onset_ws/install/onset_interfaces/include/onset_interfaces/onset_interfaces/msg/detail\n'}
[3.730491] (onset_interfaces) StdoutLine: {'line': b'-- Up-to-date: /home/gong/onset_ws/install/onset_interfaces/include/onset_interfaces/onset_interfaces/msg/detail/onset_status__rosidl_typesupport_fastrtps_c.h\n'}
[3.730800] (onset_interfaces) StdoutLine: {'line': b'-- Up-to-date: /home/gong/onset_ws/install/onset_interfaces/include/onset_interfaces/onset_interfaces/msg/detail/launch_command__rosidl_typesupport_fastrtps_c.h\n'}
[3.730927] (onset_interfaces) StdoutLine: {'line': b'-- Up-to-date: /home/gong/onset_ws/install/onset_interfaces/include/onset_interfaces/onset_interfaces/msg/detail/home_command__rosidl_typesupport_fastrtps_c.h\n'}
[3.731060] (onset_interfaces) StdoutLine: {'line': b'-- Up-to-date: /home/gong/onset_ws/install/onset_interfaces/include/onset_interfaces/onset_interfaces/msg/detail/stm32_message__rosidl_typesupport_fastrtps_c.h\n'}
[3.731155] (onset_interfaces) StdoutLine: {'line': b'-- Up-to-date: /home/gong/onset_ws/install/onset_interfaces/include/onset_interfaces/onset_interfaces/msg/detail/stm32_state__rosidl_typesupport_fastrtps_c.h\n'}
[3.731219] (onset_interfaces) StdoutLine: {'line': b'-- Up-to-date: /home/gong/onset_ws/install/onset_interfaces/include/onset_interfaces/onset_interfaces/msg/rosidl_typesupport_fastrtps_c__visibility_control.h\n'}
[3.731275] (onset_interfaces) StdoutLine: {'line': b'-- Up-to-date: /home/gong/onset_ws/install/onset_interfaces/lib/libonset_interfaces__rosidl_typesupport_fastrtps_c.so\n'}
[3.731347] (onset_interfaces) StdoutLine: {'line': b'-- Up-to-date: /home/gong/onset_ws/install/onset_interfaces/include/onset_interfaces/onset_interfaces\n'}
[3.731545] (onset_interfaces) StdoutLine: {'line': b'-- Up-to-date: /home/gong/onset_ws/install/onset_interfaces/include/onset_interfaces/onset_interfaces/msg\n'}
[3.731605] (onset_interfaces) StdoutLine: {'line': b'-- Up-to-date: /home/gong/onset_ws/install/onset_interfaces/include/onset_interfaces/onset_interfaces/msg/detail\n'}
[3.731656] (onset_interfaces) StdoutLine: {'line': b'-- Up-to-date: /home/gong/onset_ws/install/onset_interfaces/include/onset_interfaces/onset_interfaces/msg/detail/launch_command__type_support.c\n'}
[3.731812] (onset_interfaces) StdoutLine: {'line': b'-- Up-to-date: /home/gong/onset_ws/install/onset_interfaces/include/onset_interfaces/onset_interfaces/msg/detail/stm32_message__type_support.c\n'}
[3.733880] (onset_interfaces) StdoutLine: {'line': b'-- Up-to-date: /home/gong/onset_ws/install/onset_interfaces/include/onset_interfaces/onset_interfaces/msg/detail/launch_command__rosidl_typesupport_introspection_c.h\n'}
[3.734385] (onset_interfaces) StdoutLine: {'line': b'-- Up-to-date: /home/gong/onset_ws/install/onset_interfaces/include/onset_interfaces/onset_interfaces/msg/detail/onset_status__rosidl_typesupport_introspection_c.h\n'}
[3.735016] (onset_interfaces) StdoutLine: {'line': b'-- Up-to-date: /home/gong/onset_ws/install/onset_interfaces/include/onset_interfaces/onset_interfaces/msg/detail/home_command__rosidl_typesupport_introspection_c.h\n'}
[3.735096] (onset_interfaces) StdoutLine: {'line': b'-- Up-to-date: /home/gong/onset_ws/install/onset_interfaces/include/onset_interfaces/onset_interfaces/msg/detail/home_command__type_support.c\n'}
[3.736412] (onset_interfaces) StdoutLine: {'line': b'-- Up-to-date: /home/gong/onset_ws/install/onset_interfaces/include/onset_interfaces/onset_interfaces/msg/detail/stm32_message__rosidl_typesupport_introspection_c.h\n'}
[3.736521] (onset_interfaces) StdoutLine: {'line': b'-- Up-to-date: /home/gong/onset_ws/install/onset_interfaces/include/onset_interfaces/onset_interfaces/msg/detail/stm32_state__type_support.c\n'}
[3.736589] (onset_interfaces) StdoutLine: {'line': b'-- Up-to-date: /home/gong/onset_ws/install/onset_interfaces/include/onset_interfaces/onset_interfaces/msg/detail/stm32_state__rosidl_typesupport_introspection_c.h\n'}
[3.736651] (onset_interfaces) StdoutLine: {'line': b'-- Up-to-date: /home/gong/onset_ws/install/onset_interfaces/include/onset_interfaces/onset_interfaces/msg/detail/onset_status__type_support.c\n'}
[3.736708] (onset_interfaces) StdoutLine: {'line': b'-- Up-to-date: /home/gong/onset_ws/install/onset_interfaces/include/onset_interfaces/onset_interfaces/msg/rosidl_typesupport_introspection_c__visibility_control.h\n'}
[3.736864] (onset_interfaces) StdoutLine: {'line': b'-- Up-to-date: /home/gong/onset_ws/install/onset_interfaces/lib/libonset_interfaces__rosidl_typesupport_introspection_c.so\n'}
[3.736934] (onset_interfaces) StdoutLine: {'line': b'-- Up-to-date: /home/gong/onset_ws/install/onset_interfaces/lib/libonset_interfaces__rosidl_typesupport_c.so\n'}
[3.736990] (onset_interfaces) StdoutLine: {'line': b'-- Up-to-date: /home/gong/onset_ws/install/onset_interfaces/include/onset_interfaces/onset_interfaces\n'}
[3.737043] (onset_interfaces) StdoutLine: {'line': b'-- Up-to-date: /home/gong/onset_ws/install/onset_interfaces/include/onset_interfaces/onset_interfaces/msg\n'}
[3.737093] (onset_interfaces) StdoutLine: {'line': b'-- Up-to-date: /home/gong/onset_ws/install/onset_interfaces/include/onset_interfaces/onset_interfaces/msg/launch_command.hpp\n'}
[3.737159] (onset_interfaces) StdoutLine: {'line': b'-- Up-to-date: /home/gong/onset_ws/install/onset_interfaces/include/onset_interfaces/onset_interfaces/msg/stm32_message.hpp\n'}
[3.737211] (onset_interfaces) StdoutLine: {'line': b'-- Up-to-date: /home/gong/onset_ws/install/onset_interfaces/include/onset_interfaces/onset_interfaces/msg/rosidl_generator_cpp__visibility_control.hpp\n'}
[3.737262] (onset_interfaces) StdoutLine: {'line': b'-- Up-to-date: /home/gong/onset_ws/install/onset_interfaces/include/onset_interfaces/onset_interfaces/msg/detail\n'}
[3.737312] (onset_interfaces) StdoutLine: {'line': b'-- Up-to-date: /home/gong/onset_ws/install/onset_interfaces/include/onset_interfaces/onset_interfaces/msg/detail/launch_command__traits.hpp\n'}
[3.737383] (onset_interfaces) StdoutLine: {'line': b'-- Up-to-date: /home/gong/onset_ws/install/onset_interfaces/include/onset_interfaces/onset_interfaces/msg/detail/stm32_message__type_support.hpp\n'}
[3.737449] (onset_interfaces) StdoutLine: {'line': b'-- Up-to-date: /home/gong/onset_ws/install/onset_interfaces/include/onset_interfaces/onset_interfaces/msg/detail/stm32_state__struct.hpp\n'}
[3.737503] (onset_interfaces) StdoutLine: {'line': b'-- Up-to-date: /home/gong/onset_ws/install/onset_interfaces/include/onset_interfaces/onset_interfaces/msg/detail/stm32_state__builder.hpp\n'}
[3.737555] (onset_interfaces) StdoutLine: {'line': b'-- Up-to-date: /home/gong/onset_ws/install/onset_interfaces/include/onset_interfaces/onset_interfaces/msg/detail/stm32_message__builder.hpp\n'}
[3.737617] (onset_interfaces) StdoutLine: {'line': b'-- Up-to-date: /home/gong/onset_ws/install/onset_interfaces/include/onset_interfaces/onset_interfaces/msg/detail/stm32_state__type_support.hpp\n'}
[3.737670] (onset_interfaces) StdoutLine: {'line': b'-- Up-to-date: /home/gong/onset_ws/install/onset_interfaces/include/onset_interfaces/onset_interfaces/msg/detail/onset_status__struct.hpp\n'}
[3.737722] (onset_interfaces) StdoutLine: {'line': b'-- Up-to-date: /home/gong/onset_ws/install/onset_interfaces/include/onset_interfaces/onset_interfaces/msg/detail/launch_command__builder.hpp\n'}
[3.737776] (onset_interfaces) StdoutLine: {'line': b'-- Up-to-date: /home/gong/onset_ws/install/onset_interfaces/include/onset_interfaces/onset_interfaces/msg/detail/home_command__struct.hpp\n'}
[3.737829] (onset_interfaces) StdoutLine: {'line': b'-- Up-to-date: /home/gong/onset_ws/install/onset_interfaces/include/onset_interfaces/onset_interfaces/msg/detail/onset_status__builder.hpp\n'}
[3.741599] (onset_interfaces) StdoutLine: {'line': b'-- Up-to-date: /home/gong/onset_ws/install/onset_interfaces/include/onset_interfaces/onset_interfaces/msg/detail/home_command__traits.hpp\n'}
[3.741877] (onset_interfaces) StdoutLine: {'line': b'-- Up-to-date: /home/gong/onset_ws/install/onset_interfaces/include/onset_interfaces/onset_interfaces/msg/detail/stm32_state__traits.hpp\n'}
[3.741950] (onset_interfaces) StdoutLine: {'line': b'-- Up-to-date: /home/gong/onset_ws/install/onset_interfaces/include/onset_interfaces/onset_interfaces/msg/detail/launch_command__struct.hpp\n'}
[3.742009] (onset_interfaces) StdoutLine: {'line': b'-- Up-to-date: /home/gong/onset_ws/install/onset_interfaces/include/onset_interfaces/onset_interfaces/msg/detail/onset_status__traits.hpp\n'}
[3.742068] (onset_interfaces) StdoutLine: {'line': b'-- Up-to-date: /home/gong/onset_ws/install/onset_interfaces/include/onset_interfaces/onset_interfaces/msg/detail/stm32_message__traits.hpp\n'}
[3.742126] (onset_interfaces) StdoutLine: {'line': b'-- Up-to-date: /home/gong/onset_ws/install/onset_interfaces/include/onset_interfaces/onset_interfaces/msg/detail/stm32_message__struct.hpp\n'}
[3.742180] (onset_interfaces) StdoutLine: {'line': b'-- Up-to-date: /home/gong/onset_ws/install/onset_interfaces/include/onset_interfaces/onset_interfaces/msg/detail/onset_status__type_support.hpp\n'}
[3.742253] (onset_interfaces) StdoutLine: {'line': b'-- Up-to-date: /home/gong/onset_ws/install/onset_interfaces/include/onset_interfaces/onset_interfaces/msg/detail/home_command__builder.hpp\n'}
[3.742313] (onset_interfaces) StdoutLine: {'line': b'-- Up-to-date: /home/gong/onset_ws/install/onset_interfaces/include/onset_interfaces/onset_interfaces/msg/detail/home_command__type_support.hpp\n'}
[3.742366] (onset_interfaces) StdoutLine: {'line': b'-- Up-to-date: /home/gong/onset_ws/install/onset_interfaces/include/onset_interfaces/onset_interfaces/msg/detail/launch_command__type_support.hpp\n'}
[3.742418] (onset_interfaces) StdoutLine: {'line': b'-- Up-to-date: /home/gong/onset_ws/install/onset_interfaces/include/onset_interfaces/onset_interfaces/msg/onset_status.hpp\n'}
[3.742470] (onset_interfaces) StdoutLine: {'line': b'-- Up-to-date: /home/gong/onset_ws/install/onset_interfaces/include/onset_interfaces/onset_interfaces/msg/home_command.hpp\n'}
[3.742519] (onset_interfaces) StdoutLine: {'line': b'-- Up-to-date: /home/gong/onset_ws/install/onset_interfaces/include/onset_interfaces/onset_interfaces/msg/stm32_state.hpp\n'}
[3.742567] (onset_interfaces) StdoutLine: {'line': b'-- Up-to-date: /home/gong/onset_ws/install/onset_interfaces/include/onset_interfaces/onset_interfaces\n'}
[3.742616] (onset_interfaces) StdoutLine: {'line': b'-- Up-to-date: /home/gong/onset_ws/install/onset_interfaces/include/onset_interfaces/onset_interfaces/msg\n'}
[3.742664] (onset_interfaces) StdoutLine: {'line': b'-- Up-to-date: /home/gong/onset_ws/install/onset_interfaces/include/onset_interfaces/onset_interfaces/msg/detail\n'}
[3.742791] (onset_interfaces) StdoutLine: {'line': b'-- Up-to-date: /home/gong/onset_ws/install/onset_interfaces/include/onset_interfaces/onset_interfaces/msg/detail/onset_status__rosidl_typesupport_fastrtps_cpp.hpp\n'}
[3.742879] (onset_interfaces) StdoutLine: {'line': b'-- Up-to-date: /home/gong/onset_ws/install/onset_interfaces/include/onset_interfaces/onset_interfaces/msg/detail/stm32_state__rosidl_typesupport_fastrtps_cpp.hpp\n'}
[3.742939] (onset_interfaces) StdoutLine: {'line': b'-- Up-to-date: /home/gong/onset_ws/install/onset_interfaces/include/onset_interfaces/onset_interfaces/msg/detail/launch_command__rosidl_typesupport_fastrtps_cpp.hpp\n'}
[3.742993] (onset_interfaces) StdoutLine: {'line': b'-- Up-to-date: /home/gong/onset_ws/install/onset_interfaces/include/onset_interfaces/onset_interfaces/msg/detail/dds_fastrtps\n'}
[3.743186] (onset_interfaces) StdoutLine: {'line': b'-- Up-to-date: /home/gong/onset_ws/install/onset_interfaces/include/onset_interfaces/onset_interfaces/msg/detail/stm32_message__rosidl_typesupport_fastrtps_cpp.hpp\n'}
[3.743249] (onset_interfaces) StdoutLine: {'line': b'-- Up-to-date: /home/gong/onset_ws/install/onset_interfaces/include/onset_interfaces/onset_interfaces/msg/detail/home_command__rosidl_typesupport_fastrtps_cpp.hpp\n'}
[3.743303] (onset_interfaces) StdoutLine: {'line': b'-- Up-to-date: /home/gong/onset_ws/install/onset_interfaces/include/onset_interfaces/onset_interfaces/msg/rosidl_typesupport_fastrtps_cpp__visibility_control.h\n'}
[3.743367] (onset_interfaces) StdoutLine: {'line': b'-- Up-to-date: /home/gong/onset_ws/install/onset_interfaces/lib/libonset_interfaces__rosidl_typesupport_fastrtps_cpp.so\n'}
[3.743678] (onset_interfaces) StdoutLine: {'line': b'-- Up-to-date: /home/gong/onset_ws/install/onset_interfaces/include/onset_interfaces/onset_interfaces\n'}
[3.743990] (onset_interfaces) StdoutLine: {'line': b'-- Up-to-date: /home/gong/onset_ws/install/onset_interfaces/include/onset_interfaces/onset_interfaces/msg\n'}
[3.744125] (onset_interfaces) StdoutLine: {'line': b'-- Up-to-date: /home/gong/onset_ws/install/onset_interfaces/include/onset_interfaces/onset_interfaces/msg/detail\n'}
[3.744356] (onset_interfaces) StdoutLine: {'line': b'-- Up-to-date: /home/gong/onset_ws/install/onset_interfaces/include/onset_interfaces/onset_interfaces/msg/detail/stm32_message__rosidl_typesupport_introspection_cpp.hpp\n'}
[3.744663] (onset_interfaces) StdoutLine: {'line': b'-- Up-to-date: /home/gong/onset_ws/install/onset_interfaces/include/onset_interfaces/onset_interfaces/msg/detail/launch_command__type_support.cpp\n'}
[3.744813] (onset_interfaces) StdoutLine: {'line': b'-- Up-to-date: /home/gong/onset_ws/install/onset_interfaces/include/onset_interfaces/onset_interfaces/msg/detail/stm32_state__rosidl_typesupport_introspection_cpp.hpp\n'}
[3.745079] (onset_interfaces) StdoutLine: {'line': b'-- Up-to-date: /home/gong/onset_ws/install/onset_interfaces/include/onset_interfaces/onset_interfaces/msg/detail/onset_status__type_support.cpp\n'}
[3.745543] (onset_interfaces) StdoutLine: {'line': b'-- Up-to-date: /home/gong/onset_ws/install/onset_interfaces/include/onset_interfaces/onset_interfaces/msg/detail/home_command__rosidl_typesupport_introspection_cpp.hpp\n'}
[3.745968] (onset_interfaces) StdoutLine: {'line': b'-- Up-to-date: /home/gong/onset_ws/install/onset_interfaces/include/onset_interfaces/onset_interfaces/msg/detail/launch_command__rosidl_typesupport_introspection_cpp.hpp\n'}
[3.746280] (onset_interfaces) StdoutLine: {'line': b'-- Up-to-date: /home/gong/onset_ws/install/onset_interfaces/include/onset_interfaces/onset_interfaces/msg/detail/stm32_state__type_support.cpp\n'}
[3.746481] (onset_interfaces) StdoutLine: {'line': b'-- Up-to-date: /home/gong/onset_ws/install/onset_interfaces/include/onset_interfaces/onset_interfaces/msg/detail/onset_status__rosidl_typesupport_introspection_cpp.hpp\n'}
[3.746551] (onset_interfaces) StdoutLine: {'line': b'-- Up-to-date: /home/gong/onset_ws/install/onset_interfaces/include/onset_interfaces/onset_interfaces/msg/detail/stm32_message__type_support.cpp\n'}
[3.746627] (onset_interfaces) StdoutLine: {'line': b'-- Up-to-date: /home/gong/onset_ws/install/onset_interfaces/include/onset_interfaces/onset_interfaces/msg/detail/home_command__type_support.cpp\n'}
[3.747566] (onset_interfaces) StdoutLine: {'line': b'-- Up-to-date: /home/gong/onset_ws/install/onset_interfaces/lib/libonset_interfaces__rosidl_typesupport_introspection_cpp.so\n'}
[3.747648] (onset_interfaces) StdoutLine: {'line': b'-- Up-to-date: /home/gong/onset_ws/install/onset_interfaces/lib/libonset_interfaces__rosidl_typesupport_cpp.so\n'}
[3.747709] (onset_interfaces) StdoutLine: {'line': b'-- Up-to-date: /home/gong/onset_ws/install/onset_interfaces/share/onset_interfaces/environment/pythonpath.sh\n'}
[3.747767] (onset_interfaces) StdoutLine: {'line': b'-- Up-to-date: /home/gong/onset_ws/install/onset_interfaces/share/onset_interfaces/environment/pythonpath.dsv\n'}
[3.747822] (onset_interfaces) StdoutLine: {'line': b'-- Up-to-date: /home/gong/onset_ws/install/onset_interfaces/local/lib/python3.10/dist-packages/onset_interfaces-0.0.0-py3.10.egg-info\n'}
[3.747877] (onset_interfaces) StdoutLine: {'line': b'-- Installing: /home/gong/onset_ws/install/onset_interfaces/local/lib/python3.10/dist-packages/onset_interfaces-0.0.0-py3.10.egg-info/SOURCES.txt\n'}
[3.747929] (onset_interfaces) StdoutLine: {'line': b'-- Installing: /home/gong/onset_ws/install/onset_interfaces/local/lib/python3.10/dist-packages/onset_interfaces-0.0.0-py3.10.egg-info/top_level.txt\n'}
[3.747983] (onset_interfaces) StdoutLine: {'line': b'-- Installing: /home/gong/onset_ws/install/onset_interfaces/local/lib/python3.10/dist-packages/onset_interfaces-0.0.0-py3.10.egg-info/dependency_links.txt\n'}
[3.748038] (onset_interfaces) StdoutLine: {'line': b'-- Installing: /home/gong/onset_ws/install/onset_interfaces/local/lib/python3.10/dist-packages/onset_interfaces-0.0.0-py3.10.egg-info/PKG-INFO\n'}
[3.748092] (onset_interfaces) StdoutLine: {'line': b'-- Up-to-date: /home/gong/onset_ws/install/onset_interfaces/local/lib/python3.10/dist-packages/onset_interfaces\n'}
[3.748146] (onset_interfaces) StdoutLine: {'line': b'-- Up-to-date: /home/gong/onset_ws/install/onset_interfaces/local/lib/python3.10/dist-packages/onset_interfaces/onset_interfaces_s__rosidl_typesupport_c.cpython-310-x86_64-linux-gnu.so\n'}
[3.748199] (onset_interfaces) StdoutLine: {'line': b'-- Up-to-date: /home/gong/onset_ws/install/onset_interfaces/local/lib/python3.10/dist-packages/onset_interfaces/__init__.py\n'}
[3.749260] (onset_interfaces) StdoutLine: {'line': b'-- Up-to-date: /home/gong/onset_ws/install/onset_interfaces/local/lib/python3.10/dist-packages/onset_interfaces/onset_interfaces_s__rosidl_typesupport_introspection_c.cpython-310-x86_64-linux-gnu.so\n'}
[3.749367] (onset_interfaces) StdoutLine: {'line': b'-- Up-to-date: /home/gong/onset_ws/install/onset_interfaces/local/lib/python3.10/dist-packages/onset_interfaces/msg\n'}
[3.749560] (onset_interfaces) StdoutLine: {'line': b'-- Up-to-date: /home/gong/onset_ws/install/onset_interfaces/local/lib/python3.10/dist-packages/onset_interfaces/msg/_stm32_state_s.c\n'}
[3.749633] (onset_interfaces) StdoutLine: {'line': b'-- Up-to-date: /home/gong/onset_ws/install/onset_interfaces/local/lib/python3.10/dist-packages/onset_interfaces/msg/_launch_command_s.c\n'}
[3.749692] (onset_interfaces) StdoutLine: {'line': b'-- Up-to-date: /home/gong/onset_ws/install/onset_interfaces/local/lib/python3.10/dist-packages/onset_interfaces/msg/_home_command_s.c\n'}
[3.749753] (onset_interfaces) StdoutLine: {'line': b'-- Up-to-date: /home/gong/onset_ws/install/onset_interfaces/local/lib/python3.10/dist-packages/onset_interfaces/msg/__init__.py\n'}
[3.749810] (onset_interfaces) StdoutLine: {'line': b'-- Up-to-date: /home/gong/onset_ws/install/onset_interfaces/local/lib/python3.10/dist-packages/onset_interfaces/msg/_launch_command.py\n'}
[3.749865] (onset_interfaces) StdoutLine: {'line': b'-- Up-to-date: /home/gong/onset_ws/install/onset_interfaces/local/lib/python3.10/dist-packages/onset_interfaces/msg/_stm32_state.py\n'}
[3.749919] (onset_interfaces) StdoutLine: {'line': b'-- Up-to-date: /home/gong/onset_ws/install/onset_interfaces/local/lib/python3.10/dist-packages/onset_interfaces/msg/_onset_status_s.c\n'}
[3.749970] (onset_interfaces) StdoutLine: {'line': b'-- Up-to-date: /home/gong/onset_ws/install/onset_interfaces/local/lib/python3.10/dist-packages/onset_interfaces/msg/_stm32_message.py\n'}
[3.750020] (onset_interfaces) StdoutLine: {'line': b'-- Up-to-date: /home/gong/onset_ws/install/onset_interfaces/local/lib/python3.10/dist-packages/onset_interfaces/msg/_home_command.py\n'}
[3.750071] (onset_interfaces) StdoutLine: {'line': b'-- Up-to-date: /home/gong/onset_ws/install/onset_interfaces/local/lib/python3.10/dist-packages/onset_interfaces/msg/_stm32_message_s.c\n'}
[3.750121] (onset_interfaces) StdoutLine: {'line': b'-- Up-to-date: /home/gong/onset_ws/install/onset_interfaces/local/lib/python3.10/dist-packages/onset_interfaces/msg/_onset_status.py\n'}
[3.750171] (onset_interfaces) StdoutLine: {'line': b'-- Up-to-date: /home/gong/onset_ws/install/onset_interfaces/local/lib/python3.10/dist-packages/onset_interfaces/onset_interfaces_s__rosidl_typesupport_fastrtps_c.cpython-310-x86_64-linux-gnu.so\n'}
[3.750221] (onset_interfaces) StdoutLine: {'line': b'-- Up-to-date: /home/gong/onset_ws/install/onset_interfaces/local/lib/python3.10/dist-packages/onset_interfaces/_onset_interfaces_s.ep.rosidl_typesupport_c.c\n'}
[3.750273] (onset_interfaces) StdoutLine: {'line': b'-- Up-to-date: /home/gong/onset_ws/install/onset_interfaces/local/lib/python3.10/dist-packages/onset_interfaces/libonset_interfaces__rosidl_generator_py.so\n'}
[3.750355] (onset_interfaces) StdoutLine: {'line': b'-- Up-to-date: /home/gong/onset_ws/install/onset_interfaces/local/lib/python3.10/dist-packages/onset_interfaces/_onset_interfaces_s.ep.rosidl_typesupport_introspection_c.c\n'}
[3.750408] (onset_interfaces) StdoutLine: {'line': b'-- Up-to-date: /home/gong/onset_ws/install/onset_interfaces/local/lib/python3.10/dist-packages/onset_interfaces/_onset_interfaces_s.ep.rosidl_typesupport_fastrtps_c.c\n'}
[3.793271] (onset_interfaces) StdoutLine: {'line': b"Listing '/home/gong/onset_ws/install/onset_interfaces/local/lib/python3.10/dist-packages/onset_interfaces'...\n"}
[3.793469] (onset_interfaces) StdoutLine: {'line': b"Listing '/home/gong/onset_ws/install/onset_interfaces/local/lib/python3.10/dist-packages/onset_interfaces/msg'...\n"}
[3.801452] (onset_interfaces) StdoutLine: {'line': b'-- Up-to-date: /home/gong/onset_ws/install/onset_interfaces/local/lib/python3.10/dist-packages/onset_interfaces/onset_interfaces_s__rosidl_typesupport_fastrtps_c.cpython-310-x86_64-linux-gnu.so\n'}
[3.801704] (onset_interfaces) StdoutLine: {'line': b'-- Up-to-date: /home/gong/onset_ws/install/onset_interfaces/local/lib/python3.10/dist-packages/onset_interfaces/onset_interfaces_s__rosidl_typesupport_introspection_c.cpython-310-x86_64-linux-gnu.so\n'}
[3.801768] (onset_interfaces) StdoutLine: {'line': b'-- Up-to-date: /home/gong/onset_ws/install/onset_interfaces/local/lib/python3.10/dist-packages/onset_interfaces/onset_interfaces_s__rosidl_typesupport_c.cpython-310-x86_64-linux-gnu.so\n'}
[3.801823] (onset_interfaces) StdoutLine: {'line': b'-- Up-to-date: /home/gong/onset_ws/install/onset_interfaces/lib/libonset_interfaces__rosidl_generator_py.so\n'}
[3.802103] (onset_interfaces) StdoutLine: {'line': b'-- Up-to-date: /home/gong/onset_ws/install/onset_interfaces/share/onset_interfaces/msg/LaunchCommand.idl\n'}
[3.802185] (onset_interfaces) StdoutLine: {'line': b'-- Up-to-date: /home/gong/onset_ws/install/onset_interfaces/share/onset_interfaces/msg/OnsetStatus.idl\n'}
[3.802636] (onset_interfaces) StdoutLine: {'line': b'-- Up-to-date: /home/gong/onset_ws/install/onset_interfaces/share/onset_interfaces/msg/STM32Message.idl\n'}
[3.803084] (onset_interfaces) StdoutLine: {'line': b'-- Up-to-date: /home/gong/onset_ws/install/onset_interfaces/share/onset_interfaces/msg/STM32State.idl\n'}
[3.803183] (onset_interfaces) StdoutLine: {'line': b'-- Up-to-date: /home/gong/onset_ws/install/onset_interfaces/share/onset_interfaces/msg/HomeCommand.idl\n'}
[3.803247] (onset_interfaces) StdoutLine: {'line': b'-- Up-to-date: /home/gong/onset_ws/install/onset_interfaces/share/onset_interfaces/msg/LaunchCommand.msg\n'}
[3.803299] (onset_interfaces) StdoutLine: {'line': b'-- Up-to-date: /home/gong/onset_ws/install/onset_interfaces/share/onset_interfaces/msg/OnsetStatus.msg\n'}
[3.803429] (-) TimerEvent: {}
[3.804078] (onset_interfaces) StdoutLine: {'line': b'-- Up-to-date: /home/gong/onset_ws/install/onset_interfaces/share/onset_interfaces/msg/STM32Message.msg\n'}
[3.804671] (onset_interfaces) StdoutLine: {'line': b'-- Up-to-date: /home/gong/onset_ws/install/onset_interfaces/share/onset_interfaces/msg/STM32State.msg\n'}
[3.804801] (onset_interfaces) StdoutLine: {'line': b'-- Up-to-date: /home/gong/onset_ws/install/onset_interfaces/share/onset_interfaces/msg/HomeCommand.msg\n'}
[3.804860] (onset_interfaces) StdoutLine: {'line': b'-- Up-to-date: /home/gong/onset_ws/install/onset_interfaces/share/ament_index/resource_index/package_run_dependencies/onset_interfaces\n'}
[3.805285] (onset_interfaces) StdoutLine: {'line': b'-- Up-to-date: /home/gong/onset_ws/install/onset_interfaces/share/ament_index/resource_index/parent_prefix_path/onset_interfaces\n'}
[3.805765] (onset_interfaces) StdoutLine: {'line': b'-- Up-to-date: /home/gong/onset_ws/install/onset_interfaces/share/onset_interfaces/environment/ament_prefix_path.sh\n'}
[3.806314] (onset_interfaces) StdoutLine: {'line': b'-- Up-to-date: /home/gong/onset_ws/install/onset_interfaces/share/onset_interfaces/environment/ament_prefix_path.dsv\n'}
[3.806424] (onset_interfaces) StdoutLine: {'line': b'-- Up-to-date: /home/gong/onset_ws/install/onset_interfaces/share/onset_interfaces/environment/path.sh\n'}
[3.806628] (onset_interfaces) StdoutLine: {'line': b'-- Up-to-date: /home/gong/onset_ws/install/onset_interfaces/share/onset_interfaces/environment/path.dsv\n'}
[3.806802] (onset_interfaces) StdoutLine: {'line': b'-- Up-to-date: /home/gong/onset_ws/install/onset_interfaces/share/onset_interfaces/local_setup.bash\n'}
[3.807012] (onset_interfaces) StdoutLine: {'line': b'-- Up-to-date: /home/gong/onset_ws/install/onset_interfaces/share/onset_interfaces/local_setup.sh\n'}
[3.807173] (onset_interfaces) StdoutLine: {'line': b'-- Up-to-date: /home/gong/onset_ws/install/onset_interfaces/share/onset_interfaces/local_setup.zsh\n'}
[3.807361] (onset_interfaces) StdoutLine: {'line': b'-- Up-to-date: /home/gong/onset_ws/install/onset_interfaces/share/onset_interfaces/local_setup.dsv\n'}
[3.807421] (onset_interfaces) StdoutLine: {'line': b'-- Installing: /home/gong/onset_ws/install/onset_interfaces/share/onset_interfaces/package.dsv\n'}
[3.807490] (onset_interfaces) StdoutLine: {'line': b'-- Up-to-date: /home/gong/onset_ws/install/onset_interfaces/share/ament_index/resource_index/packages/onset_interfaces\n'}
[3.807607] (onset_interfaces) StdoutLine: {'line': b'-- Up-to-date: /home/gong/onset_ws/install/onset_interfaces/share/onset_interfaces/cmake/export_onset_interfaces__rosidl_generator_cExport.cmake\n'}
[3.807682] (onset_interfaces) StdoutLine: {'line': b'-- Up-to-date: /home/gong/onset_ws/install/onset_interfaces/share/onset_interfaces/cmake/export_onset_interfaces__rosidl_generator_cExport-noconfig.cmake\n'}
[3.807732] (onset_interfaces) StdoutLine: {'line': b'-- Up-to-date: /home/gong/onset_ws/install/onset_interfaces/share/onset_interfaces/cmake/export_onset_interfaces__rosidl_typesupport_fastrtps_cExport.cmake\n'}
[3.807778] (onset_interfaces) StdoutLine: {'line': b'-- Up-to-date: /home/gong/onset_ws/install/onset_interfaces/share/onset_interfaces/cmake/export_onset_interfaces__rosidl_typesupport_fastrtps_cExport-noconfig.cmake\n'}
[3.807836] (onset_interfaces) StdoutLine: {'line': b'-- Up-to-date: /home/gong/onset_ws/install/onset_interfaces/share/onset_interfaces/cmake/onset_interfaces__rosidl_typesupport_introspection_cExport.cmake\n'}
[3.807880] (onset_interfaces) StdoutLine: {'line': b'-- Up-to-date: /home/gong/onset_ws/install/onset_interfaces/share/onset_interfaces/cmake/onset_interfaces__rosidl_typesupport_introspection_cExport-noconfig.cmake\n'}
[3.807923] (onset_interfaces) StdoutLine: {'line': b'-- Up-to-date: /home/gong/onset_ws/install/onset_interfaces/share/onset_interfaces/cmake/onset_interfaces__rosidl_typesupport_cExport.cmake\n'}
[3.807965] (onset_interfaces) StdoutLine: {'line': b'-- Up-to-date: /home/gong/onset_ws/install/onset_interfaces/share/onset_interfaces/cmake/onset_interfaces__rosidl_typesupport_cExport-noconfig.cmake\n'}
[3.808007] (onset_interfaces) StdoutLine: {'line': b'-- Up-to-date: /home/gong/onset_ws/install/onset_interfaces/share/onset_interfaces/cmake/export_onset_interfaces__rosidl_generator_cppExport.cmake\n'}
[3.808049] (onset_interfaces) StdoutLine: {'line': b'-- Up-to-date: /home/gong/onset_ws/install/onset_interfaces/share/onset_interfaces/cmake/export_onset_interfaces__rosidl_typesupport_fastrtps_cppExport.cmake\n'}
[3.808164] (onset_interfaces) StdoutLine: {'line': b'-- Up-to-date: /home/gong/onset_ws/install/onset_interfaces/share/onset_interfaces/cmake/export_onset_interfaces__rosidl_typesupport_fastrtps_cppExport-noconfig.cmake\n'}
[3.808218] (onset_interfaces) StdoutLine: {'line': b'-- Up-to-date: /home/gong/onset_ws/install/onset_interfaces/share/onset_interfaces/cmake/onset_interfaces__rosidl_typesupport_introspection_cppExport.cmake\n'}
[3.808264] (onset_interfaces) StdoutLine: {'line': b'-- Up-to-date: /home/gong/onset_ws/install/onset_interfaces/share/onset_interfaces/cmake/onset_interfaces__rosidl_typesupport_introspection_cppExport-noconfig.cmake\n'}
[3.808316] (onset_interfaces) StdoutLine: {'line': b'-- Up-to-date: /home/gong/onset_ws/install/onset_interfaces/share/onset_interfaces/cmake/onset_interfaces__rosidl_typesupport_cppExport.cmake\n'}
[3.810644] (onset_interfaces) StdoutLine: {'line': b'-- Up-to-date: /home/gong/onset_ws/install/onset_interfaces/share/onset_interfaces/cmake/onset_interfaces__rosidl_typesupport_cppExport-noconfig.cmake\n'}
[3.810718] (onset_interfaces) StdoutLine: {'line': b'-- Up-to-date: /home/gong/onset_ws/install/onset_interfaces/share/onset_interfaces/cmake/export_onset_interfaces__rosidl_generator_pyExport.cmake\n'}
[3.810772] (onset_interfaces) StdoutLine: {'line': b'-- Up-to-date: /home/gong/onset_ws/install/onset_interfaces/share/onset_interfaces/cmake/export_onset_interfaces__rosidl_generator_pyExport-noconfig.cmake\n'}
[3.810958] (onset_interfaces) StdoutLine: {'line': b'-- Up-to-date: /home/gong/onset_ws/install/onset_interfaces/share/onset_interfaces/cmake/rosidl_cmake-extras.cmake\n'}
[3.811248] (onset_interfaces) StdoutLine: {'line': b'-- Up-to-date: /home/gong/onset_ws/install/onset_interfaces/share/onset_interfaces/cmake/ament_cmake_export_include_directories-extras.cmake\n'}
[3.811333] (onset_interfaces) StdoutLine: {'line': b'-- Up-to-date: /home/gong/onset_ws/install/onset_interfaces/share/onset_interfaces/cmake/ament_cmake_export_libraries-extras.cmake\n'}
[3.811389] (onset_interfaces) StdoutLine: {'line': b'-- Up-to-date: /home/gong/onset_ws/install/onset_interfaces/share/onset_interfaces/cmake/ament_cmake_export_targets-extras.cmake\n'}
[3.811439] (onset_interfaces) StdoutLine: {'line': b'-- Up-to-date: /home/gong/onset_ws/install/onset_interfaces/share/onset_interfaces/cmake/rosidl_cmake_export_typesupport_targets-extras.cmake\n'}
[3.811488] (onset_interfaces) StdoutLine: {'line': b'-- Up-to-date: /home/gong/onset_ws/install/onset_interfaces/share/onset_interfaces/cmake/ament_cmake_export_dependencies-extras.cmake\n'}
[3.811534] (onset_interfaces) StdoutLine: {'line': b'-- Up-to-date: /home/gong/onset_ws/install/onset_interfaces/share/onset_interfaces/cmake/rosidl_cmake_export_typesupport_libraries-extras.cmake\n'}
[3.811578] (onset_interfaces) StdoutLine: {'line': b'-- Up-to-date: /home/gong/onset_ws/install/onset_interfaces/share/onset_interfaces/cmake/onset_interfacesConfig.cmake\n'}
[3.811625] (onset_interfaces) StdoutLine: {'line': b'-- Up-to-date: /home/gong/onset_ws/install/onset_interfaces/share/onset_interfaces/cmake/onset_interfacesConfig-version.cmake\n'}
[3.811670] (onset_interfaces) StdoutLine: {'line': b'-- Up-to-date: /home/gong/onset_ws/install/onset_interfaces/share/onset_interfaces/package.xml\n'}
[3.813753] (onset_interfaces) CommandEnded: {'returncode': 0}
[3.855396] (onset_interfaces) JobEnded: {'identifier': 'onset_interfaces', 'rc': 0}
[3.859912] (onsetbot) JobStarted: {'identifier': 'onsetbot'}
[3.904216] (-) TimerEvent: {}
[4.005368] (-) TimerEvent: {}
[4.111847] (-) TimerEvent: {}
[4.212456] (-) TimerEvent: {}
[4.315967] (-) TimerEvent: {}
[4.417119] (-) TimerEvent: {}
[4.517926] (-) TimerEvent: {}
[4.618804] (-) TimerEvent: {}
[4.720760] (-) TimerEvent: {}
[4.782450] (onsetbot) Command: {'cmd': ['/usr/bin/python3', '-W', 'ignore:setup.py install is deprecated', '-W', 'ignore:easy_install command is deprecated', 'setup.py', 'egg_info', '--egg-base', '../../build/onsetbot', 'build', '--build-base', '/home/gong/onset_ws/build/onsetbot/build', 'install', '--record', '/home/gong/onset_ws/build/onsetbot/install.log', '--single-version-externally-managed', 'install_data'], 'cwd': '/home/gong/onset_ws/src/onsetbot', 'env': {'LESSOPEN': '| /usr/bin/lesspipe %s', 'LANGUAGE': 'en_CA:en', 'USER': 'gong', 'XDG_SESSION_TYPE': 'wayland', 'SHLVL': '1', 'LD_LIBRARY_PATH': '/home/gong/onset_ws/install/onset_interfaces/lib:/home/gong/onset_ws/install/odrive_can/lib:/home/gong/onset_ws/install/odrive_ros2_control/lib:/usr/lib/x86_64-linux-gnu/gazebo-11/plugins:/opt/ros/humble/opt/rviz_ogre_vendor/lib:/opt/ros/humble/lib/x86_64-linux-gnu:/opt/ros/humble/lib', 'HOME': '/home/gong', 'OLDPWD': '/home/gong/onset_ws/src/onsetbot', 'DESKTOP_SESSION': 'ubuntu', 'ROS_PYTHON_VERSION': '3', 'GNOME_SHELL_SESSION_MODE': 'ubuntu', 'GTK_MODULES': 'gail:atk-bridge', 'SYSTEMD_EXEC_PID': '2257', 'DBUS_SESSION_BUS_ADDRESS': 'unix:path=/run/user/1000/bus', 'COLORTERM': 'truecolor', 'IM_CONFIG_PHASE': '1', 'WAYLAND_DISPLAY': 'wayland-0', 'COLCON_PREFIX_PATH': '/home/gong/onset_ws/install', 'ROS_DISTRO': 'humble', 'LOGNAME': 'gong', '_': '/usr/bin/colcon', 'ROS_VERSION': '2', 'XDG_SESSION_CLASS': 'user', 'USERNAME': 'gong', 'TERM': 'xterm-256color', 'GNOME_DESKTOP_SESSION_ID': 'this-is-deprecated', 'ROS_LOCALHOST_ONLY': '0', 'PATH': '/opt/ros/humble/bin:/home/gong/.local/bin:/usr/local/sbin:/usr/local/bin:/usr/sbin:/usr/bin:/sbin:/bin:/usr/games:/usr/local/games:/snap/bin:/snap/bin', 'SESSION_MANAGER': 'local/gong-virtual-machine:@/tmp/.ICE-unix/1627,unix/gong-virtual-machine:/tmp/.ICE-unix/1627', 'XDG_MENU_PREFIX': 'gnome-', 'GNOME_TERMINAL_SCREEN': '/org/gnome/Terminal/screen/a5e5ee23_29d3_4186_9d99_8629ca68bc55', 'GNOME_SETUP_DISPLAY': ':1', 'XDG_RUNTIME_DIR': '/run/user/1000', 'DISPLAY': ':0', 'LANG': 'en_US.UTF-8', 'XDG_CURRENT_DESKTOP': 'ubuntu:GNOME', 'XMODIFIERS': '@im=ibus', 'XDG_SESSION_DESKTOP': 'ubuntu', 'XAUTHORITY': '/run/user/1000/.mutter-Xwaylandauth.SNL5L3', 'LS_COLORS': 'rs=0:di=01;34:ln=01;36:mh=00:pi=40;33:so=01;35:do=01;35:bd=40;33;01:cd=40;33;01:or=40;31;01:mi=00:su=37;41:sg=30;43:ca=30;41:tw=30;42:ow=34;42:st=37;44:ex=01;32:*.tar=01;31:*.tgz=01;31:*.arc=01;31:*.arj=01;31:*.taz=01;31:*.lha=01;31:*.lz4=01;31:*.lzh=01;31:*.lzma=01;31:*.tlz=01;31:*.txz=01;31:*.tzo=01;31:*.t7z=01;31:*.zip=01;31:*.z=01;31:*.dz=01;31:*.gz=01;31:*.lrz=01;31:*.lz=01;31:*.lzo=01;31:*.xz=01;31:*.zst=01;31:*.tzst=01;31:*.bz2=01;31:*.bz=01;31:*.tbz=01;31:*.tbz2=01;31:*.tz=01;31:*.deb=01;31:*.rpm=01;31:*.jar=01;31:*.war=01;31:*.ear=01;31:*.sar=01;31:*.rar=01;31:*.alz=01;31:*.ace=01;31:*.zoo=01;31:*.cpio=01;31:*.7z=01;31:*.rz=01;31:*.cab=01;31:*.wim=01;31:*.swm=01;31:*.dwm=01;31:*.esd=01;31:*.jpg=01;35:*.jpeg=01;35:*.mjpg=01;35:*.mjpeg=01;35:*.gif=01;35:*.bmp=01;35:*.pbm=01;35:*.pgm=01;35:*.ppm=01;35:*.tga=01;35:*.xbm=01;35:*.xpm=01;35:*.tif=01;35:*.tiff=01;35:*.png=01;35:*.svg=01;35:*.svgz=01;35:*.mng=01;35:*.pcx=01;35:*.mov=01;35:*.mpg=01;35:*.mpeg=01;35:*.m2v=01;35:*.mkv=01;35:*.webm=01;35:*.webp=01;35:*.ogm=01;35:*.mp4=01;35:*.m4v=01;35:*.mp4v=01;35:*.vob=01;35:*.qt=01;35:*.nuv=01;35:*.wmv=01;35:*.asf=01;35:*.rm=01;35:*.rmvb=01;35:*.flc=01;35:*.avi=01;35:*.fli=01;35:*.flv=01;35:*.gl=01;35:*.dl=01;35:*.xcf=01;35:*.xwd=01;35:*.yuv=01;35:*.cgm=01;35:*.emf=01;35:*.ogv=01;35:*.ogx=01;35:*.aac=00;36:*.au=00;36:*.flac=00;36:*.m4a=00;36:*.mid=00;36:*.midi=00;36:*.mka=00;36:*.mp3=00;36:*.mpc=00;36:*.ogg=00;36:*.ra=00;36:*.wav=00;36:*.oga=00;36:*.opus=00;36:*.spx=00;36:*.xspf=00;36:', 'GNOME_TERMINAL_SERVICE': ':1.106', 'SSH_AGENT_LAUNCHER': 'gnome-keyring', 'SSH_AUTH_SOCK': '/run/user/1000/keyring/ssh', 'ROS_DOMAIN_ID': '0', 'AMENT_PREFIX_PATH': '/home/gong/onset_ws/install/onsetbot:/home/gong/onset_ws/install/onset_interfaces:/home/gong/onset_ws/install/odrive_botwheel_explorer:/home/gong/onset_ws/install/odrive_ros2_control:/home/gong/onset_ws/install/odrive_can:/opt/ros/humble', 'SHELL': '/bin/bash', 'QT_ACCESSIBILITY': '1', 'GDMSESSION': 'ubuntu', 'LESSCLOSE': '/usr/bin/lesspipe %s %s', 'QT_IM_MODULE': 'ibus', 'PWD': '/home/gong/onset_ws/build/onsetbot', 'LC_ALL': 'en_US.UTF-8', 'XDG_CONFIG_DIRS': '/etc/xdg/xdg-ubuntu:/etc/xdg', 'XDG_DATA_DIRS': '/usr/share/ubuntu:/usr/local/share/:/usr/share/:/var/lib/snapd/desktop', 'PYTHONPATH': '/home/gong/onset_ws/build/onsetbot/prefix_override:/usr/lib/python3/dist-packages/colcon_core/task/python/colcon_distutils_commands:/home/gong/onset_ws/install/onsetbot/lib/python3.10/site-packages:/home/gong/onset_ws/install/onsetbot/lib/python3.10/site-packages:/home/gong/onset_ws/install/onset_interfaces/local/lib/python3.10/dist-packages:/home/gong/onset_ws/install/odrive_can/local/lib/python3.10/dist-packages:/opt/ros/humble/lib/python3.10/site-packages:/opt/ros/humble/local/lib/python3.10/dist-packages', 'COLCON': '1', 'VTE_VERSION': '6800', 'CMAKE_PREFIX_PATH': '/home/gong/onset_ws/install/onset_interfaces:/home/gong/onset_ws/install/odrive_can:/home/gong/onset_ws/install/odrive_botwheel_explorer:/home/gong/onset_ws/install/odrive_ros2_control'}, 'shell': False}
[4.821311] (-) TimerEvent: {}
[4.922036] (-) TimerEvent: {}
[5.022876] (-) TimerEvent: {}
[5.123975] (-) TimerEvent: {}
[5.172378] (onsetbot) StdoutLine: {'line': b'running egg_info\n'}
[5.173342] (onsetbot) StdoutLine: {'line': b'writing ../../build/onsetbot/onsetbot.egg-info/PKG-INFO\n'}
[5.174171] (onsetbot) StdoutLine: {'line': b'writing dependency_links to ../../build/onsetbot/onsetbot.egg-info/dependency_links.txt\n'}
[5.174871] (onsetbot) StdoutLine: {'line': b'writing entry points to ../../build/onsetbot/onsetbot.egg-info/entry_points.txt\n'}
[5.175888] (onsetbot) StdoutLine: {'line': b'writing requirements to ../../build/onsetbot/onsetbot.egg-info/requires.txt\n'}
[5.175960] (onsetbot) StdoutLine: {'line': b'writing top-level names to ../../build/onsetbot/onsetbot.egg-info/top_level.txt\n'}
[5.178101] (onsetbot) StdoutLine: {'line': b"reading manifest file '../../build/onsetbot/onsetbot.egg-info/SOURCES.txt'\n"}
[5.180376] (onsetbot) StdoutLine: {'line': b"writing manifest file '../../build/onsetbot/onsetbot.egg-info/SOURCES.txt'\n"}
[5.180501] (onsetbot) StdoutLine: {'line': b'running build\n'}
[5.180559] (onsetbot) StdoutLine: {'line': b'running build_py\n'}
[5.180785] (onsetbot) StdoutLine: {'line': b'copying onsetbot/actuator_command.py -> /home/gong/onset_ws/build/onsetbot/build/lib/onsetbot\n'}
[5.181212] (onsetbot) StdoutLine: {'line': b'running install\n'}
[5.181557] (onsetbot) StdoutLine: {'line': b'running install_lib\n'}
[5.182574] (onsetbot) StdoutLine: {'line': b'copying /home/gong/onset_ws/build/onsetbot/build/lib/onsetbot/actuator_command.py -> /home/gong/onset_ws/install/onsetbot/lib/python3.10/site-packages/onsetbot\n'}
[5.185055] (onsetbot) StdoutLine: {'line': b'byte-compiling /home/gong/onset_ws/install/onsetbot/lib/python3.10/site-packages/onsetbot/actuator_command.py to actuator_command.cpython-310.pyc\n'}
[5.194053] (onsetbot) StdoutLine: {'line': b'running install_data\n'}
[5.194264] (onsetbot) StdoutLine: {'line': b'running install_egg_info\n'}
[5.197876] (onsetbot) StdoutLine: {'line': b"removing '/home/gong/onset_ws/install/onsetbot/lib/python3.10/site-packages/onsetbot-0.0.0-py3.10.egg-info' (and everything under it)\n"}
[5.201171] (onsetbot) StdoutLine: {'line': b'Copying ../../build/onsetbot/onsetbot.egg-info to /home/gong/onset_ws/install/onsetbot/lib/python3.10/site-packages/onsetbot-0.0.0-py3.10.egg-info\n'}
[5.201302] (onsetbot) StdoutLine: {'line': b'running install_scripts\n'}
[5.224241] (-) TimerEvent: {}
[5.236021] (onsetbot) StdoutLine: {'line': b'Installing actuator_command script to /home/gong/onset_ws/install/onsetbot/lib/onsetbot\n'}
[5.236702] (onsetbot) StdoutLine: {'line': b'Installing odrive_can_bridge script to /home/gong/onset_ws/install/onsetbot/lib/onsetbot\n'}
[5.237074] (onsetbot) StdoutLine: {'line': b'Installing onset_gui script to /home/gong/onset_ws/install/onsetbot/lib/onsetbot\n'}
[5.237249] (onsetbot) StdoutLine: {'line': b'Installing stm32_bridge script to /home/gong/onset_ws/install/onsetbot/lib/onsetbot\n'}
[5.238699] (onsetbot) StdoutLine: {'line': b"writing list of installed files to '/home/gong/onset_ws/build/onsetbot/install.log'\n"}
[5.272508] (onsetbot) CommandEnded: {'returncode': 0}
[5.283503] (onsetbot) JobEnded: {'identifier': 'onsetbot', 'rc': 0}
[5.285503] (-) EventReactorShutdown: {}
