[0.000000] (-) TimerEvent: {}
[0.000309] (odrive_can) JobQueued: {'identifier': 'odrive_can', 'dependencies': OrderedDict()}
[0.000362] (odrive_ros2_control) JobQueued: {'identifier': 'odrive_ros2_control', 'dependencies': OrderedDict()}
[0.000394] (onset_interfaces) JobQueued: {'identifier': 'onset_interfaces', 'dependencies': OrderedDict()}
[0.003866] (odrive_botwheel_explorer) JobQueued: {'identifier': 'odrive_botwheel_explorer', 'dependencies': OrderedDict([('odrive_ros2_control', '/home/gong/onset_ws/install/odrive_ros2_control')])}
[0.003991] (onsetbot) JobQueued: {'identifier': 'onsetbot', 'dependencies': OrderedDict([('odrive_can', '/home/gong/onset_ws/install/odrive_can'), ('onset_interfaces', '/home/gong/onset_ws/install/onset_interfaces')])}
[0.004034] (odrive_can) JobStarted: {'identifier': 'odrive_can'}
[0.031930] (odrive_ros2_control) JobStarted: {'identifier': 'odrive_ros2_control'}
[0.056346] (odrive_can) JobProgress: {'identifier': 'odrive_can', 'progress': 'cmake'}
[0.077122] (odrive_can) JobProgress: {'identifier': 'odrive_can', 'progress': 'build'}
[0.077434] (odrive_can) Command: {'cmd': ['/usr/bin/cmake', '--build', '/home/gong/onset_ws/build/odrive_can', '--', '-j2', '-l2'], 'cwd': '/home/gong/onset_ws/build/odrive_can', 'env': OrderedDict([('LESSOPEN', '| /usr/bin/lesspipe %s'), ('LANGUAGE', 'en_CA:en'), ('USER', 'gong'), ('XDG_SESSION_TYPE', 'wayland'), ('SHLVL', '1'), ('LD_LIBRARY_PATH', '/home/gong/onset_ws/install/onset_interfaces/lib:/home/gong/onset_ws/install/odrive_ros2_control/lib:/home/gong/onset_ws/install/odrive_can/lib:/usr/lib/x86_64-linux-gnu/gazebo-11/plugins:/opt/ros/humble/opt/rviz_ogre_vendor/lib:/opt/ros/humble/lib/x86_64-linux-gnu:/opt/ros/humble/lib'), ('HOME', '/home/gong'), ('OLDPWD', '/home/gong/onset_ws/src/onsetbot'), ('DESKTOP_SESSION', 'ubuntu'), ('ROS_PYTHON_VERSION', '3'), ('GNOME_SHELL_SESSION_MODE', 'ubuntu'), ('GTK_MODULES', 'gail:atk-bridge'), ('SYSTEMD_EXEC_PID', '1644'), ('DBUS_SESSION_BUS_ADDRESS', 'unix:path=/run/user/1000/bus'), ('COLORTERM', 'truecolor'), ('IM_CONFIG_PHASE', '1'), ('WAYLAND_DISPLAY', 'wayland-0'), ('COLCON_PREFIX_PATH', '/home/gong/onset_ws/install'), ('ROS_DISTRO', 'humble'), ('LOGNAME', 'gong'), ('_', '/usr/bin/colcon'), ('ROS_VERSION', '2'), ('XDG_SESSION_CLASS', 'user'), ('USERNAME', 'gong'), ('TERM', 'xterm-256color'), ('GNOME_DESKTOP_SESSION_ID', 'this-is-deprecated'), ('ROS_LOCALHOST_ONLY', '0'), ('PATH', '/opt/ros/humble/bin:/home/gong/.local/bin:/usr/local/sbin:/usr/local/bin:/usr/sbin:/usr/bin:/sbin:/bin:/usr/games:/usr/local/games:/snap/bin:/snap/bin'), ('SESSION_MANAGER', 'local/gong-virtual-machine:@/tmp/.ICE-unix/1616,unix/gong-virtual-machine:/tmp/.ICE-unix/1616'), ('XDG_MENU_PREFIX', 'gnome-'), ('GNOME_TERMINAL_SCREEN', '/org/gnome/Terminal/screen/2cde5a3f_3fdf_455d_bd0b_d8fef2e66a9f'), ('GNOME_SETUP_DISPLAY', ':1'), ('XDG_RUNTIME_DIR', '/run/user/1000'), ('DISPLAY', ':0'), ('LANG', 'en_US.UTF-8'), ('XDG_CURRENT_DESKTOP', 'ubuntu:GNOME'), ('XMODIFIERS', '@im=ibus'), ('XDG_SESSION_DESKTOP', 'ubuntu'), ('XAUTHORITY', '/run/user/1000/.mutter-Xwaylandauth.SDR7L3'), ('LS_COLORS', 'rs=0:di=01;34:ln=01;36:mh=00:pi=40;33:so=01;35:do=01;35:bd=40;33;01:cd=40;33;01:or=40;31;01:mi=00:su=37;41:sg=30;43:ca=30;41:tw=30;42:ow=34;42:st=37;44:ex=01;32:*.tar=01;31:*.tgz=01;31:*.arc=01;31:*.arj=01;31:*.taz=01;31:*.lha=01;31:*.lz4=01;31:*.lzh=01;31:*.lzma=01;31:*.tlz=01;31:*.txz=01;31:*.tzo=01;31:*.t7z=01;31:*.zip=01;31:*.z=01;31:*.dz=01;31:*.gz=01;31:*.lrz=01;31:*.lz=01;31:*.lzo=01;31:*.xz=01;31:*.zst=01;31:*.tzst=01;31:*.bz2=01;31:*.bz=01;31:*.tbz=01;31:*.tbz2=01;31:*.tz=01;31:*.deb=01;31:*.rpm=01;31:*.jar=01;31:*.war=01;31:*.ear=01;31:*.sar=01;31:*.rar=01;31:*.alz=01;31:*.ace=01;31:*.zoo=01;31:*.cpio=01;31:*.7z=01;31:*.rz=01;31:*.cab=01;31:*.wim=01;31:*.swm=01;31:*.dwm=01;31:*.esd=01;31:*.jpg=01;35:*.jpeg=01;35:*.mjpg=01;35:*.mjpeg=01;35:*.gif=01;35:*.bmp=01;35:*.pbm=01;35:*.pgm=01;35:*.ppm=01;35:*.tga=01;35:*.xbm=01;35:*.xpm=01;35:*.tif=01;35:*.tiff=01;35:*.png=01;35:*.svg=01;35:*.svgz=01;35:*.mng=01;35:*.pcx=01;35:*.mov=01;35:*.mpg=01;35:*.mpeg=01;35:*.m2v=01;35:*.mkv=01;35:*.webm=01;35:*.webp=01;35:*.ogm=01;35:*.mp4=01;35:*.m4v=01;35:*.mp4v=01;35:*.vob=01;35:*.qt=01;35:*.nuv=01;35:*.wmv=01;35:*.asf=01;35:*.rm=01;35:*.rmvb=01;35:*.flc=01;35:*.avi=01;35:*.fli=01;35:*.flv=01;35:*.gl=01;35:*.dl=01;35:*.xcf=01;35:*.xwd=01;35:*.yuv=01;35:*.cgm=01;35:*.emf=01;35:*.ogv=01;35:*.ogx=01;35:*.aac=00;36:*.au=00;36:*.flac=00;36:*.m4a=00;36:*.mid=00;36:*.midi=00;36:*.mka=00;36:*.mp3=00;36:*.mpc=00;36:*.ogg=00;36:*.ra=00;36:*.wav=00;36:*.oga=00;36:*.opus=00;36:*.spx=00;36:*.xspf=00;36:'), ('GNOME_TERMINAL_SERVICE', ':1.99'), ('SSH_AGENT_LAUNCHER', 'gnome-keyring'), ('SSH_AUTH_SOCK', '/run/user/1000/keyring/ssh'), ('ROS_DOMAIN_ID', '0'), ('AMENT_PREFIX_PATH', '/home/gong/onset_ws/install/onsetbot:/home/gong/onset_ws/install/onset_interfaces:/home/gong/onset_ws/install/odrive_botwheel_explorer:/home/gong/onset_ws/install/odrive_ros2_control:/home/gong/onset_ws/install/odrive_can:/opt/ros/humble'), ('SHELL', '/bin/bash'), ('QT_ACCESSIBILITY', '1'), ('GDMSESSION', 'ubuntu'), ('LESSCLOSE', '/usr/bin/lesspipe %s %s'), ('QT_IM_MODULE', 'ibus'), ('PWD', '/home/gong/onset_ws/build/odrive_can'), ('LC_ALL', 'en_US.UTF-8'), ('XDG_CONFIG_DIRS', '/etc/xdg/xdg-ubuntu:/etc/xdg'), ('XDG_DATA_DIRS', '/usr/share/ubuntu:/usr/local/share/:/usr/share/:/var/lib/snapd/desktop'), ('PYTHONPATH', '/home/gong/onset_ws/install/onsetbot/lib/python3.10/site-packages:/home/gong/onset_ws/install/onset_interfaces/local/lib/python3.10/dist-packages:/home/gong/onset_ws/install/odrive_can/local/lib/python3.10/dist-packages:/opt/ros/humble/lib/python3.10/site-packages:/opt/ros/humble/local/lib/python3.10/dist-packages'), ('COLCON', '1'), ('VTE_VERSION', '6800'), ('CMAKE_PREFIX_PATH', '/home/gong/onset_ws/install/onset_interfaces:/home/gong/onset_ws/install/odrive_botwheel_explorer:/home/gong/onset_ws/install/odrive_ros2_control:/home/gong/onset_ws/install/odrive_can:/home/gong/onset_ws/install/onsetbot:/opt/ros/humble')]), 'shell': False}
[0.090841] (odrive_ros2_control) JobProgress: {'identifier': 'odrive_ros2_control', 'progress': 'cmake'}
[0.095534] (odrive_ros2_control) JobProgress: {'identifier': 'odrive_ros2_control', 'progress': 'build'}
[0.095605] (odrive_ros2_control) Command: {'cmd': ['/usr/bin/cmake', '--build', '/home/gong/onset_ws/build/odrive_ros2_control', '--', '-j2', '-l2'], 'cwd': '/home/gong/onset_ws/build/odrive_ros2_control', 'env': OrderedDict([('LESSOPEN', '| /usr/bin/lesspipe %s'), ('LANGUAGE', 'en_CA:en'), ('USER', 'gong'), ('XDG_SESSION_TYPE', 'wayland'), ('SHLVL', '1'), ('LD_LIBRARY_PATH', '/home/gong/onset_ws/install/onset_interfaces/lib:/home/gong/onset_ws/install/odrive_ros2_control/lib:/home/gong/onset_ws/install/odrive_can/lib:/usr/lib/x86_64-linux-gnu/gazebo-11/plugins:/opt/ros/humble/opt/rviz_ogre_vendor/lib:/opt/ros/humble/lib/x86_64-linux-gnu:/opt/ros/humble/lib'), ('HOME', '/home/gong'), ('OLDPWD', '/home/gong/onset_ws/src/onsetbot'), ('DESKTOP_SESSION', 'ubuntu'), ('ROS_PYTHON_VERSION', '3'), ('GNOME_SHELL_SESSION_MODE', 'ubuntu'), ('GTK_MODULES', 'gail:atk-bridge'), ('SYSTEMD_EXEC_PID', '1644'), ('DBUS_SESSION_BUS_ADDRESS', 'unix:path=/run/user/1000/bus'), ('COLORTERM', 'truecolor'), ('IM_CONFIG_PHASE', '1'), ('WAYLAND_DISPLAY', 'wayland-0'), ('COLCON_PREFIX_PATH', '/home/gong/onset_ws/install'), ('ROS_DISTRO', 'humble'), ('LOGNAME', 'gong'), ('_', '/usr/bin/colcon'), ('ROS_VERSION', '2'), ('XDG_SESSION_CLASS', 'user'), ('USERNAME', 'gong'), ('TERM', 'xterm-256color'), ('GNOME_DESKTOP_SESSION_ID', 'this-is-deprecated'), ('ROS_LOCALHOST_ONLY', '0'), ('PATH', '/opt/ros/humble/bin:/home/gong/.local/bin:/usr/local/sbin:/usr/local/bin:/usr/sbin:/usr/bin:/sbin:/bin:/usr/games:/usr/local/games:/snap/bin:/snap/bin'), ('SESSION_MANAGER', 'local/gong-virtual-machine:@/tmp/.ICE-unix/1616,unix/gong-virtual-machine:/tmp/.ICE-unix/1616'), ('XDG_MENU_PREFIX', 'gnome-'), ('GNOME_TERMINAL_SCREEN', '/org/gnome/Terminal/screen/2cde5a3f_3fdf_455d_bd0b_d8fef2e66a9f'), ('GNOME_SETUP_DISPLAY', ':1'), ('XDG_RUNTIME_DIR', '/run/user/1000'), ('DISPLAY', ':0'), ('LANG', 'en_US.UTF-8'), ('XDG_CURRENT_DESKTOP', 'ubuntu:GNOME'), ('XMODIFIERS', '@im=ibus'), ('XDG_SESSION_DESKTOP', 'ubuntu'), ('XAUTHORITY', '/run/user/1000/.mutter-Xwaylandauth.SDR7L3'), ('LS_COLORS', 'rs=0:di=01;34:ln=01;36:mh=00:pi=40;33:so=01;35:do=01;35:bd=40;33;01:cd=40;33;01:or=40;31;01:mi=00:su=37;41:sg=30;43:ca=30;41:tw=30;42:ow=34;42:st=37;44:ex=01;32:*.tar=01;31:*.tgz=01;31:*.arc=01;31:*.arj=01;31:*.taz=01;31:*.lha=01;31:*.lz4=01;31:*.lzh=01;31:*.lzma=01;31:*.tlz=01;31:*.txz=01;31:*.tzo=01;31:*.t7z=01;31:*.zip=01;31:*.z=01;31:*.dz=01;31:*.gz=01;31:*.lrz=01;31:*.lz=01;31:*.lzo=01;31:*.xz=01;31:*.zst=01;31:*.tzst=01;31:*.bz2=01;31:*.bz=01;31:*.tbz=01;31:*.tbz2=01;31:*.tz=01;31:*.deb=01;31:*.rpm=01;31:*.jar=01;31:*.war=01;31:*.ear=01;31:*.sar=01;31:*.rar=01;31:*.alz=01;31:*.ace=01;31:*.zoo=01;31:*.cpio=01;31:*.7z=01;31:*.rz=01;31:*.cab=01;31:*.wim=01;31:*.swm=01;31:*.dwm=01;31:*.esd=01;31:*.jpg=01;35:*.jpeg=01;35:*.mjpg=01;35:*.mjpeg=01;35:*.gif=01;35:*.bmp=01;35:*.pbm=01;35:*.pgm=01;35:*.ppm=01;35:*.tga=01;35:*.xbm=01;35:*.xpm=01;35:*.tif=01;35:*.tiff=01;35:*.png=01;35:*.svg=01;35:*.svgz=01;35:*.mng=01;35:*.pcx=01;35:*.mov=01;35:*.mpg=01;35:*.mpeg=01;35:*.m2v=01;35:*.mkv=01;35:*.webm=01;35:*.webp=01;35:*.ogm=01;35:*.mp4=01;35:*.m4v=01;35:*.mp4v=01;35:*.vob=01;35:*.qt=01;35:*.nuv=01;35:*.wmv=01;35:*.asf=01;35:*.rm=01;35:*.rmvb=01;35:*.flc=01;35:*.avi=01;35:*.fli=01;35:*.flv=01;35:*.gl=01;35:*.dl=01;35:*.xcf=01;35:*.xwd=01;35:*.yuv=01;35:*.cgm=01;35:*.emf=01;35:*.ogv=01;35:*.ogx=01;35:*.aac=00;36:*.au=00;36:*.flac=00;36:*.m4a=00;36:*.mid=00;36:*.midi=00;36:*.mka=00;36:*.mp3=00;36:*.mpc=00;36:*.ogg=00;36:*.ra=00;36:*.wav=00;36:*.oga=00;36:*.opus=00;36:*.spx=00;36:*.xspf=00;36:'), ('GNOME_TERMINAL_SERVICE', ':1.99'), ('SSH_AGENT_LAUNCHER', 'gnome-keyring'), ('SSH_AUTH_SOCK', '/run/user/1000/keyring/ssh'), ('ROS_DOMAIN_ID', '0'), ('AMENT_PREFIX_PATH', '/home/gong/onset_ws/install/onsetbot:/home/gong/onset_ws/install/onset_interfaces:/home/gong/onset_ws/install/odrive_botwheel_explorer:/home/gong/onset_ws/install/odrive_ros2_control:/home/gong/onset_ws/install/odrive_can:/opt/ros/humble'), ('SHELL', '/bin/bash'), ('QT_ACCESSIBILITY', '1'), ('GDMSESSION', 'ubuntu'), ('LESSCLOSE', '/usr/bin/lesspipe %s %s'), ('QT_IM_MODULE', 'ibus'), ('PWD', '/home/gong/onset_ws/build/odrive_ros2_control'), ('LC_ALL', 'en_US.UTF-8'), ('XDG_CONFIG_DIRS', '/etc/xdg/xdg-ubuntu:/etc/xdg'), ('XDG_DATA_DIRS', '/usr/share/ubuntu:/usr/local/share/:/usr/share/:/var/lib/snapd/desktop'), ('PYTHONPATH', '/home/gong/onset_ws/install/onsetbot/lib/python3.10/site-packages:/home/gong/onset_ws/install/onset_interfaces/local/lib/python3.10/dist-packages:/home/gong/onset_ws/install/odrive_can/local/lib/python3.10/dist-packages:/opt/ros/humble/lib/python3.10/site-packages:/opt/ros/humble/local/lib/python3.10/dist-packages'), ('COLCON', '1'), ('VTE_VERSION', '6800'), ('CMAKE_PREFIX_PATH', '/home/gong/onset_ws/install/onset_interfaces:/home/gong/onset_ws/install/odrive_botwheel_explorer:/home/gong/onset_ws/install/odrive_ros2_control:/home/gong/onset_ws/install/odrive_can:/home/gong/onset_ws/install/onsetbot:/opt/ros/humble')]), 'shell': False}
[0.106339] (-) TimerEvent: {}
[0.209808] (-) TimerEvent: {}
[0.313763] (-) TimerEvent: {}
[0.323517] (odrive_ros2_control) StdoutLine: {'line': b'[100%] Built target odrive_ros2_control_plugin\n'}
[0.365200] (odrive_ros2_control) CommandEnded: {'returncode': 0}
[0.369335] (odrive_ros2_control) JobProgress: {'identifier': 'odrive_ros2_control', 'progress': 'install'}
[0.403730] (odrive_ros2_control) Command: {'cmd': ['/usr/bin/cmake', '--install', '/home/gong/onset_ws/build/odrive_ros2_control'], 'cwd': '/home/gong/onset_ws/build/odrive_ros2_control', 'env': OrderedDict([('LESSOPEN', '| /usr/bin/lesspipe %s'), ('LANGUAGE', 'en_CA:en'), ('USER', 'gong'), ('XDG_SESSION_TYPE', 'wayland'), ('SHLVL', '1'), ('LD_LIBRARY_PATH', '/home/gong/onset_ws/install/onset_interfaces/lib:/home/gong/onset_ws/install/odrive_ros2_control/lib:/home/gong/onset_ws/install/odrive_can/lib:/usr/lib/x86_64-linux-gnu/gazebo-11/plugins:/opt/ros/humble/opt/rviz_ogre_vendor/lib:/opt/ros/humble/lib/x86_64-linux-gnu:/opt/ros/humble/lib'), ('HOME', '/home/gong'), ('OLDPWD', '/home/gong/onset_ws/src/onsetbot'), ('DESKTOP_SESSION', 'ubuntu'), ('ROS_PYTHON_VERSION', '3'), ('GNOME_SHELL_SESSION_MODE', 'ubuntu'), ('GTK_MODULES', 'gail:atk-bridge'), ('SYSTEMD_EXEC_PID', '1644'), ('DBUS_SESSION_BUS_ADDRESS', 'unix:path=/run/user/1000/bus'), ('COLORTERM', 'truecolor'), ('IM_CONFIG_PHASE', '1'), ('WAYLAND_DISPLAY', 'wayland-0'), ('COLCON_PREFIX_PATH', '/home/gong/onset_ws/install'), ('ROS_DISTRO', 'humble'), ('LOGNAME', 'gong'), ('_', '/usr/bin/colcon'), ('ROS_VERSION', '2'), ('XDG_SESSION_CLASS', 'user'), ('USERNAME', 'gong'), ('TERM', 'xterm-256color'), ('GNOME_DESKTOP_SESSION_ID', 'this-is-deprecated'), ('ROS_LOCALHOST_ONLY', '0'), ('PATH', '/opt/ros/humble/bin:/home/gong/.local/bin:/usr/local/sbin:/usr/local/bin:/usr/sbin:/usr/bin:/sbin:/bin:/usr/games:/usr/local/games:/snap/bin:/snap/bin'), ('SESSION_MANAGER', 'local/gong-virtual-machine:@/tmp/.ICE-unix/1616,unix/gong-virtual-machine:/tmp/.ICE-unix/1616'), ('XDG_MENU_PREFIX', 'gnome-'), ('GNOME_TERMINAL_SCREEN', '/org/gnome/Terminal/screen/2cde5a3f_3fdf_455d_bd0b_d8fef2e66a9f'), ('GNOME_SETUP_DISPLAY', ':1'), ('XDG_RUNTIME_DIR', '/run/user/1000'), ('DISPLAY', ':0'), ('LANG', 'en_US.UTF-8'), ('XDG_CURRENT_DESKTOP', 'ubuntu:GNOME'), ('XMODIFIERS', '@im=ibus'), ('XDG_SESSION_DESKTOP', 'ubuntu'), ('XAUTHORITY', '/run/user/1000/.mutter-Xwaylandauth.SDR7L3'), ('LS_COLORS', 'rs=0:di=01;34:ln=01;36:mh=00:pi=40;33:so=01;35:do=01;35:bd=40;33;01:cd=40;33;01:or=40;31;01:mi=00:su=37;41:sg=30;43:ca=30;41:tw=30;42:ow=34;42:st=37;44:ex=01;32:*.tar=01;31:*.tgz=01;31:*.arc=01;31:*.arj=01;31:*.taz=01;31:*.lha=01;31:*.lz4=01;31:*.lzh=01;31:*.lzma=01;31:*.tlz=01;31:*.txz=01;31:*.tzo=01;31:*.t7z=01;31:*.zip=01;31:*.z=01;31:*.dz=01;31:*.gz=01;31:*.lrz=01;31:*.lz=01;31:*.lzo=01;31:*.xz=01;31:*.zst=01;31:*.tzst=01;31:*.bz2=01;31:*.bz=01;31:*.tbz=01;31:*.tbz2=01;31:*.tz=01;31:*.deb=01;31:*.rpm=01;31:*.jar=01;31:*.war=01;31:*.ear=01;31:*.sar=01;31:*.rar=01;31:*.alz=01;31:*.ace=01;31:*.zoo=01;31:*.cpio=01;31:*.7z=01;31:*.rz=01;31:*.cab=01;31:*.wim=01;31:*.swm=01;31:*.dwm=01;31:*.esd=01;31:*.jpg=01;35:*.jpeg=01;35:*.mjpg=01;35:*.mjpeg=01;35:*.gif=01;35:*.bmp=01;35:*.pbm=01;35:*.pgm=01;35:*.ppm=01;35:*.tga=01;35:*.xbm=01;35:*.xpm=01;35:*.tif=01;35:*.tiff=01;35:*.png=01;35:*.svg=01;35:*.svgz=01;35:*.mng=01;35:*.pcx=01;35:*.mov=01;35:*.mpg=01;35:*.mpeg=01;35:*.m2v=01;35:*.mkv=01;35:*.webm=01;35:*.webp=01;35:*.ogm=01;35:*.mp4=01;35:*.m4v=01;35:*.mp4v=01;35:*.vob=01;35:*.qt=01;35:*.nuv=01;35:*.wmv=01;35:*.asf=01;35:*.rm=01;35:*.rmvb=01;35:*.flc=01;35:*.avi=01;35:*.fli=01;35:*.flv=01;35:*.gl=01;35:*.dl=01;35:*.xcf=01;35:*.xwd=01;35:*.yuv=01;35:*.cgm=01;35:*.emf=01;35:*.ogv=01;35:*.ogx=01;35:*.aac=00;36:*.au=00;36:*.flac=00;36:*.m4a=00;36:*.mid=00;36:*.midi=00;36:*.mka=00;36:*.mp3=00;36:*.mpc=00;36:*.ogg=00;36:*.ra=00;36:*.wav=00;36:*.oga=00;36:*.opus=00;36:*.spx=00;36:*.xspf=00;36:'), ('GNOME_TERMINAL_SERVICE', ':1.99'), ('SSH_AGENT_LAUNCHER', 'gnome-keyring'), ('SSH_AUTH_SOCK', '/run/user/1000/keyring/ssh'), ('ROS_DOMAIN_ID', '0'), ('AMENT_PREFIX_PATH', '/home/gong/onset_ws/install/onsetbot:/home/gong/onset_ws/install/onset_interfaces:/home/gong/onset_ws/install/odrive_botwheel_explorer:/home/gong/onset_ws/install/odrive_ros2_control:/home/gong/onset_ws/install/odrive_can:/opt/ros/humble'), ('SHELL', '/bin/bash'), ('QT_ACCESSIBILITY', '1'), ('GDMSESSION', 'ubuntu'), ('LESSCLOSE', '/usr/bin/lesspipe %s %s'), ('QT_IM_MODULE', 'ibus'), ('PWD', '/home/gong/onset_ws/build/odrive_ros2_control'), ('LC_ALL', 'en_US.UTF-8'), ('XDG_CONFIG_DIRS', '/etc/xdg/xdg-ubuntu:/etc/xdg'), ('XDG_DATA_DIRS', '/usr/share/ubuntu:/usr/local/share/:/usr/share/:/var/lib/snapd/desktop'), ('PYTHONPATH', '/home/gong/onset_ws/install/onsetbot/lib/python3.10/site-packages:/home/gong/onset_ws/install/onset_interfaces/local/lib/python3.10/dist-packages:/home/gong/onset_ws/install/odrive_can/local/lib/python3.10/dist-packages:/opt/ros/humble/lib/python3.10/site-packages:/opt/ros/humble/local/lib/python3.10/dist-packages'), ('COLCON', '1'), ('VTE_VERSION', '6800'), ('CMAKE_PREFIX_PATH', '/home/gong/onset_ws/install/onset_interfaces:/home/gong/onset_ws/install/odrive_botwheel_explorer:/home/gong/onset_ws/install/odrive_ros2_control:/home/gong/onset_ws/install/odrive_can:/home/gong/onset_ws/install/onsetbot:/opt/ros/humble')]), 'shell': False}
[0.412925] (odrive_can) StdoutLine: {'line': b'[  1%] Built target odrive_can__cpp\n'}
[0.416050] (-) TimerEvent: {}
[0.436038] (odrive_ros2_control) StdoutLine: {'line': b'-- Install configuration: ""\n'}
[0.438653] (odrive_ros2_control) StdoutLine: {'line': b'-- Up-to-date: /home/gong/onset_ws/install/odrive_ros2_control/share/odrive_ros2_control/odrive_hardware_interface.xml\n'}
[0.438832] (odrive_ros2_control) StdoutLine: {'line': b'-- Up-to-date: /home/gong/onset_ws/install/odrive_ros2_control/lib/libodrive_ros2_control_plugin.so\n'}
[0.439058] (odrive_ros2_control) StdoutLine: {'line': b'-- Up-to-date: /home/gong/onset_ws/install/odrive_ros2_control/share/ament_index/resource_index/package_run_dependencies/odrive_ros2_control\n'}
[0.439196] (odrive_ros2_control) StdoutLine: {'line': b'-- Up-to-date: /home/gong/onset_ws/install/odrive_ros2_control/share/ament_index/resource_index/parent_prefix_path/odrive_ros2_control\n'}
[0.439296] (odrive_ros2_control) StdoutLine: {'line': b'-- Up-to-date: /home/gong/onset_ws/install/odrive_ros2_control/share/odrive_ros2_control/environment/ament_prefix_path.sh\n'}
[0.439391] (odrive_ros2_control) StdoutLine: {'line': b'-- Up-to-date: /home/gong/onset_ws/install/odrive_ros2_control/share/odrive_ros2_control/environment/ament_prefix_path.dsv\n'}
[0.439507] (odrive_ros2_control) StdoutLine: {'line': b'-- Up-to-date: /home/gong/onset_ws/install/odrive_ros2_control/share/odrive_ros2_control/environment/path.sh\n'}
[0.439602] (odrive_ros2_control) StdoutLine: {'line': b'-- Up-to-date: /home/gong/onset_ws/install/odrive_ros2_control/share/odrive_ros2_control/environment/path.dsv\n'}
[0.439703] (odrive_ros2_control) StdoutLine: {'line': b'-- Up-to-date: /home/gong/onset_ws/install/odrive_ros2_control/share/odrive_ros2_control/local_setup.bash\n'}
[0.439821] (odrive_ros2_control) StdoutLine: {'line': b'-- Up-to-date: /home/gong/onset_ws/install/odrive_ros2_control/share/odrive_ros2_control/local_setup.sh\n'}
[0.444670] (odrive_ros2_control) StdoutLine: {'line': b'-- Up-to-date: /home/gong/onset_ws/install/odrive_ros2_control/share/odrive_ros2_control/local_setup.zsh\n'}
[0.444851] (odrive_ros2_control) StdoutLine: {'line': b'-- Up-to-date: /home/gong/onset_ws/install/odrive_ros2_control/share/odrive_ros2_control/local_setup.dsv\n'}
[0.444966] (odrive_ros2_control) StdoutLine: {'line': b'-- Installing: /home/gong/onset_ws/install/odrive_ros2_control/share/odrive_ros2_control/package.dsv\n'}
[0.445242] (odrive_ros2_control) StdoutLine: {'line': b'-- Up-to-date: /home/gong/onset_ws/install/odrive_ros2_control/share/ament_index/resource_index/packages/odrive_ros2_control\n'}
[0.445353] (odrive_ros2_control) StdoutLine: {'line': b'-- Up-to-date: /home/gong/onset_ws/install/odrive_ros2_control/share/ament_index/resource_index/hardware_interface__pluginlib__plugin/odrive_ros2_control\n'}
[0.445449] (odrive_ros2_control) StdoutLine: {'line': b'-- Up-to-date: /home/gong/onset_ws/install/odrive_ros2_control/share/odrive_ros2_control/cmake/ament_cmake_export_dependencies-extras.cmake\n'}
[0.445538] (odrive_ros2_control) StdoutLine: {'line': b'-- Up-to-date: /home/gong/onset_ws/install/odrive_ros2_control/share/odrive_ros2_control/cmake/odrive_ros2_controlConfig.cmake\n'}
[0.446910] (odrive_ros2_control) StdoutLine: {'line': b'-- Up-to-date: /home/gong/onset_ws/install/odrive_ros2_control/share/odrive_ros2_control/cmake/odrive_ros2_controlConfig-version.cmake\n'}
[0.450737] (odrive_ros2_control) StdoutLine: {'line': b'-- Up-to-date: /home/gong/onset_ws/install/odrive_ros2_control/share/odrive_ros2_control/package.xml\n'}
[0.450875] (odrive_ros2_control) CommandEnded: {'returncode': 0}
[0.517147] (-) TimerEvent: {}
[0.518779] (odrive_ros2_control) JobEnded: {'identifier': 'odrive_ros2_control', 'rc': 0}
[0.524104] (onset_interfaces) JobStarted: {'identifier': 'onset_interfaces'}
[0.547229] (odrive_can) StdoutLine: {'line': b'[ 11%] Built target odrive_can__rosidl_generator_c\n'}
[0.553978] (onset_interfaces) JobProgress: {'identifier': 'onset_interfaces', 'progress': 'cmake'}
[0.558871] (onset_interfaces) JobProgress: {'identifier': 'onset_interfaces', 'progress': 'build'}
[0.558968] (onset_interfaces) Command: {'cmd': ['/usr/bin/cmake', '--build', '/home/gong/onset_ws/build/onset_interfaces', '--', '-j2', '-l2'], 'cwd': '/home/gong/onset_ws/build/onset_interfaces', 'env': OrderedDict([('LESSOPEN', '| /usr/bin/lesspipe %s'), ('LANGUAGE', 'en_CA:en'), ('USER', 'gong'), ('XDG_SESSION_TYPE', 'wayland'), ('SHLVL', '1'), ('LD_LIBRARY_PATH', '/home/gong/onset_ws/install/onset_interfaces/lib:/home/gong/onset_ws/install/odrive_ros2_control/lib:/home/gong/onset_ws/install/odrive_can/lib:/usr/lib/x86_64-linux-gnu/gazebo-11/plugins:/opt/ros/humble/opt/rviz_ogre_vendor/lib:/opt/ros/humble/lib/x86_64-linux-gnu:/opt/ros/humble/lib'), ('HOME', '/home/gong'), ('OLDPWD', '/home/gong/onset_ws/src/onsetbot'), ('DESKTOP_SESSION', 'ubuntu'), ('ROS_PYTHON_VERSION', '3'), ('GNOME_SHELL_SESSION_MODE', 'ubuntu'), ('GTK_MODULES', 'gail:atk-bridge'), ('SYSTEMD_EXEC_PID', '1644'), ('DBUS_SESSION_BUS_ADDRESS', 'unix:path=/run/user/1000/bus'), ('COLORTERM', 'truecolor'), ('IM_CONFIG_PHASE', '1'), ('WAYLAND_DISPLAY', 'wayland-0'), ('COLCON_PREFIX_PATH', '/home/gong/onset_ws/install'), ('ROS_DISTRO', 'humble'), ('LOGNAME', 'gong'), ('_', '/usr/bin/colcon'), ('ROS_VERSION', '2'), ('XDG_SESSION_CLASS', 'user'), ('USERNAME', 'gong'), ('TERM', 'xterm-256color'), ('GNOME_DESKTOP_SESSION_ID', 'this-is-deprecated'), ('ROS_LOCALHOST_ONLY', '0'), ('PATH', '/opt/ros/humble/bin:/home/gong/.local/bin:/usr/local/sbin:/usr/local/bin:/usr/sbin:/usr/bin:/sbin:/bin:/usr/games:/usr/local/games:/snap/bin:/snap/bin'), ('SESSION_MANAGER', 'local/gong-virtual-machine:@/tmp/.ICE-unix/1616,unix/gong-virtual-machine:/tmp/.ICE-unix/1616'), ('XDG_MENU_PREFIX', 'gnome-'), ('GNOME_TERMINAL_SCREEN', '/org/gnome/Terminal/screen/2cde5a3f_3fdf_455d_bd0b_d8fef2e66a9f'), ('GNOME_SETUP_DISPLAY', ':1'), ('XDG_RUNTIME_DIR', '/run/user/1000'), ('DISPLAY', ':0'), ('LANG', 'en_US.UTF-8'), ('XDG_CURRENT_DESKTOP', 'ubuntu:GNOME'), ('XMODIFIERS', '@im=ibus'), ('XDG_SESSION_DESKTOP', 'ubuntu'), ('XAUTHORITY', '/run/user/1000/.mutter-Xwaylandauth.SDR7L3'), ('LS_COLORS', 'rs=0:di=01;34:ln=01;36:mh=00:pi=40;33:so=01;35:do=01;35:bd=40;33;01:cd=40;33;01:or=40;31;01:mi=00:su=37;41:sg=30;43:ca=30;41:tw=30;42:ow=34;42:st=37;44:ex=01;32:*.tar=01;31:*.tgz=01;31:*.arc=01;31:*.arj=01;31:*.taz=01;31:*.lha=01;31:*.lz4=01;31:*.lzh=01;31:*.lzma=01;31:*.tlz=01;31:*.txz=01;31:*.tzo=01;31:*.t7z=01;31:*.zip=01;31:*.z=01;31:*.dz=01;31:*.gz=01;31:*.lrz=01;31:*.lz=01;31:*.lzo=01;31:*.xz=01;31:*.zst=01;31:*.tzst=01;31:*.bz2=01;31:*.bz=01;31:*.tbz=01;31:*.tbz2=01;31:*.tz=01;31:*.deb=01;31:*.rpm=01;31:*.jar=01;31:*.war=01;31:*.ear=01;31:*.sar=01;31:*.rar=01;31:*.alz=01;31:*.ace=01;31:*.zoo=01;31:*.cpio=01;31:*.7z=01;31:*.rz=01;31:*.cab=01;31:*.wim=01;31:*.swm=01;31:*.dwm=01;31:*.esd=01;31:*.jpg=01;35:*.jpeg=01;35:*.mjpg=01;35:*.mjpeg=01;35:*.gif=01;35:*.bmp=01;35:*.pbm=01;35:*.pgm=01;35:*.ppm=01;35:*.tga=01;35:*.xbm=01;35:*.xpm=01;35:*.tif=01;35:*.tiff=01;35:*.png=01;35:*.svg=01;35:*.svgz=01;35:*.mng=01;35:*.pcx=01;35:*.mov=01;35:*.mpg=01;35:*.mpeg=01;35:*.m2v=01;35:*.mkv=01;35:*.webm=01;35:*.webp=01;35:*.ogm=01;35:*.mp4=01;35:*.m4v=01;35:*.mp4v=01;35:*.vob=01;35:*.qt=01;35:*.nuv=01;35:*.wmv=01;35:*.asf=01;35:*.rm=01;35:*.rmvb=01;35:*.flc=01;35:*.avi=01;35:*.fli=01;35:*.flv=01;35:*.gl=01;35:*.dl=01;35:*.xcf=01;35:*.xwd=01;35:*.yuv=01;35:*.cgm=01;35:*.emf=01;35:*.ogv=01;35:*.ogx=01;35:*.aac=00;36:*.au=00;36:*.flac=00;36:*.m4a=00;36:*.mid=00;36:*.midi=00;36:*.mka=00;36:*.mp3=00;36:*.mpc=00;36:*.ogg=00;36:*.ra=00;36:*.wav=00;36:*.oga=00;36:*.opus=00;36:*.spx=00;36:*.xspf=00;36:'), ('GNOME_TERMINAL_SERVICE', ':1.99'), ('SSH_AGENT_LAUNCHER', 'gnome-keyring'), ('SSH_AUTH_SOCK', '/run/user/1000/keyring/ssh'), ('ROS_DOMAIN_ID', '0'), ('AMENT_PREFIX_PATH', '/home/gong/onset_ws/install/onsetbot:/home/gong/onset_ws/install/onset_interfaces:/home/gong/onset_ws/install/odrive_botwheel_explorer:/home/gong/onset_ws/install/odrive_ros2_control:/home/gong/onset_ws/install/odrive_can:/opt/ros/humble'), ('SHELL', '/bin/bash'), ('QT_ACCESSIBILITY', '1'), ('GDMSESSION', 'ubuntu'), ('LESSCLOSE', '/usr/bin/lesspipe %s %s'), ('QT_IM_MODULE', 'ibus'), ('PWD', '/home/gong/onset_ws/build/onset_interfaces'), ('LC_ALL', 'en_US.UTF-8'), ('XDG_CONFIG_DIRS', '/etc/xdg/xdg-ubuntu:/etc/xdg'), ('XDG_DATA_DIRS', '/usr/share/ubuntu:/usr/local/share/:/usr/share/:/var/lib/snapd/desktop'), ('PYTHONPATH', '/home/gong/onset_ws/install/onsetbot/lib/python3.10/site-packages:/home/gong/onset_ws/install/onset_interfaces/local/lib/python3.10/dist-packages:/home/gong/onset_ws/install/odrive_can/local/lib/python3.10/dist-packages:/opt/ros/humble/lib/python3.10/site-packages:/opt/ros/humble/local/lib/python3.10/dist-packages'), ('COLCON', '1'), ('VTE_VERSION', '6800'), ('CMAKE_PREFIX_PATH', '/home/gong/onset_ws/install/onset_interfaces:/home/gong/onset_ws/install/odrive_botwheel_explorer:/home/gong/onset_ws/install/odrive_ros2_control:/home/gong/onset_ws/install/odrive_can:/home/gong/onset_ws/install/onsetbot:/opt/ros/humble')]), 'shell': False}
[0.620273] (-) TimerEvent: {}
[0.689501] (odrive_can) StdoutLine: {'line': b'[ 11%] Built target ament_cmake_python_copy_odrive_can\n'}
[0.721573] (-) TimerEvent: {}
[0.822382] (-) TimerEvent: {}
[0.836585] (onset_interfaces) StdoutLine: {'line': b'[  1%] Built target onset_interfaces__cpp\n'}
[0.860690] (odrive_can) StdoutLine: {'line': b'[ 21%] Built target odrive_can__rosidl_typesupport_cpp\n'}
[0.922030] (onset_interfaces) StdoutLine: {'line': b'[ 12%] Built target onset_interfaces__rosidl_generator_c\n'}
[0.922512] (-) TimerEvent: {}
[0.976953] (odrive_can) StdoutLine: {'line': b'[ 31%] Built target odrive_can__rosidl_typesupport_fastrtps_c\n'}
[1.023106] (-) TimerEvent: {}
[1.036456] (onset_interfaces) StdoutLine: {'line': b'[ 12%] Built target ament_cmake_python_copy_onset_interfaces\n'}
[1.100531] (odrive_can) StdoutLine: {'line': b'[ 41%] Built target odrive_can__rosidl_typesupport_fastrtps_cpp\n'}
[1.125813] (-) TimerEvent: {}
[1.156676] (onset_interfaces) StdoutLine: {'line': b'[ 23%] Built target onset_interfaces__rosidl_typesupport_cpp\n'}
[1.187604] (odrive_can) StdoutLine: {'line': b'[ 51%] Built target odrive_can__rosidl_typesupport_introspection_c\n'}
[1.226895] (-) TimerEvent: {}
[1.268006] (odrive_can) StdoutLine: {'line': b'[ 61%] Built target odrive_can__rosidl_typesupport_c\n'}
[1.289858] (onset_interfaces) StdoutLine: {'line': b'[ 34%] Built target onset_interfaces__rosidl_typesupport_fastrtps_c\n'}
[1.327886] (-) TimerEvent: {}
[1.348493] (odrive_can) StdoutLine: {'line': b'[ 71%] Built target odrive_can__rosidl_typesupport_introspection_cpp\n'}
[1.428900] (-) TimerEvent: {}
[1.440495] (onset_interfaces) StdoutLine: {'line': b'[ 46%] Built target onset_interfaces__rosidl_typesupport_introspection_c\n'}
[1.531415] (-) TimerEvent: {}
[1.566753] (onset_interfaces) StdoutLine: {'line': b'[ 57%] Built target onset_interfaces__rosidl_typesupport_c\n'}
[1.631773] (-) TimerEvent: {}
[1.696570] (onset_interfaces) StdoutLine: {'line': b'[ 68%] Built target onset_interfaces__rosidl_typesupport_fastrtps_cpp\n'}
[1.734001] (-) TimerEvent: {}
[1.827625] (onset_interfaces) StdoutLine: {'line': b'[ 79%] Built target onset_interfaces__rosidl_typesupport_introspection_cpp\n'}
[1.834453] (-) TimerEvent: {}
[1.935296] (-) TimerEvent: {}
[2.035966] (-) TimerEvent: {}
[2.140379] (-) TimerEvent: {}
[2.241137] (-) TimerEvent: {}
[2.342237] (-) TimerEvent: {}
[2.442764] (-) TimerEvent: {}
[2.459429] (odrive_can) StdoutLine: {'line': b'running egg_info\n'}
[2.459865] (odrive_can) StdoutLine: {'line': b'writing odrive_can.egg-info/PKG-INFO\n'}
[2.461744] (odrive_can) StdoutLine: {'line': b'writing dependency_links to odrive_can.egg-info/dependency_links.txt\n'}
[2.475401] (odrive_can) StdoutLine: {'line': b'writing top-level names to odrive_can.egg-info/top_level.txt\n'}
[2.491150] (odrive_can) StdoutLine: {'line': b"reading manifest file 'odrive_can.egg-info/SOURCES.txt'\n"}
[2.497844] (odrive_can) StdoutLine: {'line': b"writing manifest file 'odrive_can.egg-info/SOURCES.txt'\n"}
[2.545913] (-) TimerEvent: {}
[2.648955] (-) TimerEvent: {}
[2.668591] (odrive_can) StdoutLine: {'line': b'[ 71%] Built target ament_cmake_python_build_odrive_can_egg\n'}
[2.749386] (-) TimerEvent: {}
[2.850341] (-) TimerEvent: {}
[2.851676] (odrive_can) StdoutLine: {'line': b'[ 80%] Built target odrive_can_node\n'}
[2.950639] (-) TimerEvent: {}
[2.983578] (odrive_can) StdoutLine: {'line': b'[ 80%] Built target odrive_can\n'}
[3.051916] (-) TimerEvent: {}
[3.108026] (odrive_can) StdoutLine: {'line': b'[ 81%] Built target odrive_can__py\n'}
[3.152688] (-) TimerEvent: {}
[3.195729] (odrive_can) StdoutLine: {'line': b'[ 90%] Built target odrive_can__rosidl_generator_py\n'}
[3.253191] (-) TimerEvent: {}
[3.302859] (odrive_can) StdoutLine: {'line': b'[ 93%] Built target odrive_can__rosidl_typesupport_fastrtps_c__pyext\n'}
[3.354245] (-) TimerEvent: {}
[3.385002] (odrive_can) StdoutLine: {'line': b'[ 96%] Built target odrive_can__rosidl_typesupport_introspection_c__pyext\n'}
[3.456595] (-) TimerEvent: {}
[3.471244] (odrive_can) StdoutLine: {'line': b'[100%] Built target odrive_can__rosidl_typesupport_c__pyext\n'}
[3.515460] (odrive_can) CommandEnded: {'returncode': 0}
[3.520644] (odrive_can) JobProgress: {'identifier': 'odrive_can', 'progress': 'install'}
[3.520720] (odrive_can) Command: {'cmd': ['/usr/bin/cmake', '--install', '/home/gong/onset_ws/build/odrive_can'], 'cwd': '/home/gong/onset_ws/build/odrive_can', 'env': OrderedDict([('LESSOPEN', '| /usr/bin/lesspipe %s'), ('LANGUAGE', 'en_CA:en'), ('USER', 'gong'), ('XDG_SESSION_TYPE', 'wayland'), ('SHLVL', '1'), ('LD_LIBRARY_PATH', '/home/gong/onset_ws/install/onset_interfaces/lib:/home/gong/onset_ws/install/odrive_ros2_control/lib:/home/gong/onset_ws/install/odrive_can/lib:/usr/lib/x86_64-linux-gnu/gazebo-11/plugins:/opt/ros/humble/opt/rviz_ogre_vendor/lib:/opt/ros/humble/lib/x86_64-linux-gnu:/opt/ros/humble/lib'), ('HOME', '/home/gong'), ('OLDPWD', '/home/gong/onset_ws/src/onsetbot'), ('DESKTOP_SESSION', 'ubuntu'), ('ROS_PYTHON_VERSION', '3'), ('GNOME_SHELL_SESSION_MODE', 'ubuntu'), ('GTK_MODULES', 'gail:atk-bridge'), ('SYSTEMD_EXEC_PID', '1644'), ('DBUS_SESSION_BUS_ADDRESS', 'unix:path=/run/user/1000/bus'), ('COLORTERM', 'truecolor'), ('IM_CONFIG_PHASE', '1'), ('WAYLAND_DISPLAY', 'wayland-0'), ('COLCON_PREFIX_PATH', '/home/gong/onset_ws/install'), ('ROS_DISTRO', 'humble'), ('LOGNAME', 'gong'), ('_', '/usr/bin/colcon'), ('ROS_VERSION', '2'), ('XDG_SESSION_CLASS', 'user'), ('USERNAME', 'gong'), ('TERM', 'xterm-256color'), ('GNOME_DESKTOP_SESSION_ID', 'this-is-deprecated'), ('ROS_LOCALHOST_ONLY', '0'), ('PATH', '/opt/ros/humble/bin:/home/gong/.local/bin:/usr/local/sbin:/usr/local/bin:/usr/sbin:/usr/bin:/sbin:/bin:/usr/games:/usr/local/games:/snap/bin:/snap/bin'), ('SESSION_MANAGER', 'local/gong-virtual-machine:@/tmp/.ICE-unix/1616,unix/gong-virtual-machine:/tmp/.ICE-unix/1616'), ('XDG_MENU_PREFIX', 'gnome-'), ('GNOME_TERMINAL_SCREEN', '/org/gnome/Terminal/screen/2cde5a3f_3fdf_455d_bd0b_d8fef2e66a9f'), ('GNOME_SETUP_DISPLAY', ':1'), ('XDG_RUNTIME_DIR', '/run/user/1000'), ('DISPLAY', ':0'), ('LANG', 'en_US.UTF-8'), ('XDG_CURRENT_DESKTOP', 'ubuntu:GNOME'), ('XMODIFIERS', '@im=ibus'), ('XDG_SESSION_DESKTOP', 'ubuntu'), ('XAUTHORITY', '/run/user/1000/.mutter-Xwaylandauth.SDR7L3'), ('LS_COLORS', 'rs=0:di=01;34:ln=01;36:mh=00:pi=40;33:so=01;35:do=01;35:bd=40;33;01:cd=40;33;01:or=40;31;01:mi=00:su=37;41:sg=30;43:ca=30;41:tw=30;42:ow=34;42:st=37;44:ex=01;32:*.tar=01;31:*.tgz=01;31:*.arc=01;31:*.arj=01;31:*.taz=01;31:*.lha=01;31:*.lz4=01;31:*.lzh=01;31:*.lzma=01;31:*.tlz=01;31:*.txz=01;31:*.tzo=01;31:*.t7z=01;31:*.zip=01;31:*.z=01;31:*.dz=01;31:*.gz=01;31:*.lrz=01;31:*.lz=01;31:*.lzo=01;31:*.xz=01;31:*.zst=01;31:*.tzst=01;31:*.bz2=01;31:*.bz=01;31:*.tbz=01;31:*.tbz2=01;31:*.tz=01;31:*.deb=01;31:*.rpm=01;31:*.jar=01;31:*.war=01;31:*.ear=01;31:*.sar=01;31:*.rar=01;31:*.alz=01;31:*.ace=01;31:*.zoo=01;31:*.cpio=01;31:*.7z=01;31:*.rz=01;31:*.cab=01;31:*.wim=01;31:*.swm=01;31:*.dwm=01;31:*.esd=01;31:*.jpg=01;35:*.jpeg=01;35:*.mjpg=01;35:*.mjpeg=01;35:*.gif=01;35:*.bmp=01;35:*.pbm=01;35:*.pgm=01;35:*.ppm=01;35:*.tga=01;35:*.xbm=01;35:*.xpm=01;35:*.tif=01;35:*.tiff=01;35:*.png=01;35:*.svg=01;35:*.svgz=01;35:*.mng=01;35:*.pcx=01;35:*.mov=01;35:*.mpg=01;35:*.mpeg=01;35:*.m2v=01;35:*.mkv=01;35:*.webm=01;35:*.webp=01;35:*.ogm=01;35:*.mp4=01;35:*.m4v=01;35:*.mp4v=01;35:*.vob=01;35:*.qt=01;35:*.nuv=01;35:*.wmv=01;35:*.asf=01;35:*.rm=01;35:*.rmvb=01;35:*.flc=01;35:*.avi=01;35:*.fli=01;35:*.flv=01;35:*.gl=01;35:*.dl=01;35:*.xcf=01;35:*.xwd=01;35:*.yuv=01;35:*.cgm=01;35:*.emf=01;35:*.ogv=01;35:*.ogx=01;35:*.aac=00;36:*.au=00;36:*.flac=00;36:*.m4a=00;36:*.mid=00;36:*.midi=00;36:*.mka=00;36:*.mp3=00;36:*.mpc=00;36:*.ogg=00;36:*.ra=00;36:*.wav=00;36:*.oga=00;36:*.opus=00;36:*.spx=00;36:*.xspf=00;36:'), ('GNOME_TERMINAL_SERVICE', ':1.99'), ('SSH_AGENT_LAUNCHER', 'gnome-keyring'), ('SSH_AUTH_SOCK', '/run/user/1000/keyring/ssh'), ('ROS_DOMAIN_ID', '0'), ('AMENT_PREFIX_PATH', '/home/gong/onset_ws/install/onsetbot:/home/gong/onset_ws/install/onset_interfaces:/home/gong/onset_ws/install/odrive_botwheel_explorer:/home/gong/onset_ws/install/odrive_ros2_control:/home/gong/onset_ws/install/odrive_can:/opt/ros/humble'), ('SHELL', '/bin/bash'), ('QT_ACCESSIBILITY', '1'), ('GDMSESSION', 'ubuntu'), ('LESSCLOSE', '/usr/bin/lesspipe %s %s'), ('QT_IM_MODULE', 'ibus'), ('PWD', '/home/gong/onset_ws/build/odrive_can'), ('LC_ALL', 'en_US.UTF-8'), ('XDG_CONFIG_DIRS', '/etc/xdg/xdg-ubuntu:/etc/xdg'), ('XDG_DATA_DIRS', '/usr/share/ubuntu:/usr/local/share/:/usr/share/:/var/lib/snapd/desktop'), ('PYTHONPATH', '/home/gong/onset_ws/install/onsetbot/lib/python3.10/site-packages:/home/gong/onset_ws/install/onset_interfaces/local/lib/python3.10/dist-packages:/home/gong/onset_ws/install/odrive_can/local/lib/python3.10/dist-packages:/opt/ros/humble/lib/python3.10/site-packages:/opt/ros/humble/local/lib/python3.10/dist-packages'), ('COLCON', '1'), ('VTE_VERSION', '6800'), ('CMAKE_PREFIX_PATH', '/home/gong/onset_ws/install/onset_interfaces:/home/gong/onset_ws/install/odrive_botwheel_explorer:/home/gong/onset_ws/install/odrive_ros2_control:/home/gong/onset_ws/install/odrive_can:/home/gong/onset_ws/install/onsetbot:/opt/ros/humble')]), 'shell': False}
[3.550083] (odrive_can) StdoutLine: {'line': b'-- Install configuration: ""\n'}
[3.551056] (odrive_can) StdoutLine: {'line': b'-- Up-to-date: /home/gong/onset_ws/install/odrive_can/share/ament_index/resource_index/rosidl_interfaces/odrive_can\n'}
[3.551980] (odrive_can) StdoutLine: {'line': b'-- Up-to-date: /home/gong/onset_ws/install/odrive_can/include/odrive_can/odrive_can\n'}
[3.552565] (odrive_can) StdoutLine: {'line': b'-- Up-to-date: /home/gong/onset_ws/install/odrive_can/include/odrive_can/odrive_can/msg\n'}
[3.552717] (odrive_can) StdoutLine: {'line': b'-- Up-to-date: /home/gong/onset_ws/install/odrive_can/include/odrive_can/odrive_can/msg/controller_status.h\n'}
[3.553264] (odrive_can) StdoutLine: {'line': b'-- Up-to-date: /home/gong/onset_ws/install/odrive_can/include/odrive_can/odrive_can/msg/detail\n'}
[3.553847] (odrive_can) StdoutLine: {'line': b'-- Up-to-date: /home/gong/onset_ws/install/odrive_can/include/odrive_can/odrive_can/msg/detail/control_message__functions.h\n'}
[3.554633] (odrive_can) StdoutLine: {'line': b'-- Up-to-date: /home/gong/onset_ws/install/odrive_can/include/odrive_can/odrive_can/msg/detail/controller_status__functions.h\n'}
[3.554811] (odrive_can) StdoutLine: {'line': b'-- Up-to-date: /home/gong/onset_ws/install/odrive_can/include/odrive_can/odrive_can/msg/detail/o_drive_status__type_support.h\n'}
[3.555405] (odrive_can) StdoutLine: {'line': b'-- Up-to-date: /home/gong/onset_ws/install/odrive_can/include/odrive_can/odrive_can/msg/detail/o_drive_status__functions.c\n'}
[3.555559] (odrive_can) StdoutLine: {'line': b'-- Up-to-date: /home/gong/onset_ws/install/odrive_can/include/odrive_can/odrive_can/msg/detail/controller_status__functions.c\n'}
[3.555959] (odrive_can) StdoutLine: {'line': b'-- Up-to-date: /home/gong/onset_ws/install/odrive_can/include/odrive_can/odrive_can/msg/detail/control_message__type_support.h\n'}
[3.557060] (odrive_can) StdoutLine: {'line': b'-- Up-to-date: /home/gong/onset_ws/install/odrive_can/include/odrive_can/odrive_can/msg/detail/o_drive_status__functions.h\n'}
[3.557429] (-) TimerEvent: {}
[3.560564] (odrive_can) StdoutLine: {'line': b'-- Up-to-date: /home/gong/onset_ws/install/odrive_can/include/odrive_can/odrive_can/msg/detail/controller_status__type_support.h\n'}
[3.560779] (odrive_can) StdoutLine: {'line': b'-- Up-to-date: /home/gong/onset_ws/install/odrive_can/include/odrive_can/odrive_can/msg/detail/control_message__struct.h\n'}
[3.560903] (odrive_can) StdoutLine: {'line': b'-- Up-to-date: /home/gong/onset_ws/install/odrive_can/include/odrive_can/odrive_can/msg/detail/o_drive_status__struct.h\n'}
[3.561032] (odrive_can) StdoutLine: {'line': b'-- Up-to-date: /home/gong/onset_ws/install/odrive_can/include/odrive_can/odrive_can/msg/detail/controller_status__struct.h\n'}
[3.561148] (odrive_can) StdoutLine: {'line': b'-- Up-to-date: /home/gong/onset_ws/install/odrive_can/include/odrive_can/odrive_can/msg/detail/control_message__functions.c\n'}
[3.561245] (odrive_can) StdoutLine: {'line': b'-- Up-to-date: /home/gong/onset_ws/install/odrive_can/include/odrive_can/odrive_can/msg/control_message.h\n'}
[3.561492] (odrive_can) StdoutLine: {'line': b'-- Up-to-date: /home/gong/onset_ws/install/odrive_can/include/odrive_can/odrive_can/msg/rosidl_generator_c__visibility_control.h\n'}
[3.561626] (odrive_can) StdoutLine: {'line': b'-- Up-to-date: /home/gong/onset_ws/install/odrive_can/include/odrive_can/odrive_can/msg/o_drive_status.h\n'}
[3.561728] (odrive_can) StdoutLine: {'line': b'-- Up-to-date: /home/gong/onset_ws/install/odrive_can/include/odrive_can/odrive_can/srv\n'}
[3.561823] (odrive_can) StdoutLine: {'line': b'-- Up-to-date: /home/gong/onset_ws/install/odrive_can/include/odrive_can/odrive_can/srv/detail\n'}
[3.562140] (odrive_can) StdoutLine: {'line': b'-- Up-to-date: /home/gong/onset_ws/install/odrive_can/include/odrive_can/odrive_can/srv/detail/axis_state__struct.h\n'}
[3.562320] (odrive_can) StdoutLine: {'line': b'-- Up-to-date: /home/gong/onset_ws/install/odrive_can/include/odrive_can/odrive_can/srv/detail/axis_state__type_support.h\n'}
[3.562504] (odrive_can) StdoutLine: {'line': b'-- Up-to-date: /home/gong/onset_ws/install/odrive_can/include/odrive_can/odrive_can/srv/detail/axis_state__functions.h\n'}
[3.562940] (odrive_can) StdoutLine: {'line': b'-- Up-to-date: /home/gong/onset_ws/install/odrive_can/include/odrive_can/odrive_can/srv/detail/axis_state__functions.c\n'}
[3.563068] (odrive_can) StdoutLine: {'line': b'-- Up-to-date: /home/gong/onset_ws/install/odrive_can/include/odrive_can/odrive_can/srv/axis_state.h\n'}
[3.563183] (odrive_can) StdoutLine: {'line': b'-- Up-to-date: /home/gong/onset_ws/install/odrive_can/share/odrive_can/environment/library_path.sh\n'}
[3.565879] (odrive_can) StdoutLine: {'line': b'-- Up-to-date: /home/gong/onset_ws/install/odrive_can/share/odrive_can/environment/library_path.dsv\n'}
[3.566046] (odrive_can) StdoutLine: {'line': b'-- Up-to-date: /home/gong/onset_ws/install/odrive_can/lib/libodrive_can__rosidl_generator_c.so\n'}
[3.566152] (odrive_can) StdoutLine: {'line': b'-- Up-to-date: /home/gong/onset_ws/install/odrive_can/include/odrive_can/odrive_can\n'}
[3.566245] (odrive_can) StdoutLine: {'line': b'-- Up-to-date: /home/gong/onset_ws/install/odrive_can/include/odrive_can/odrive_can/msg\n'}
[3.566337] (odrive_can) StdoutLine: {'line': b'-- Up-to-date: /home/gong/onset_ws/install/odrive_can/include/odrive_can/odrive_can/msg/detail\n'}
[3.566426] (odrive_can) StdoutLine: {'line': b'-- Up-to-date: /home/gong/onset_ws/install/odrive_can/include/odrive_can/odrive_can/msg/detail/controller_status__rosidl_typesupport_fastrtps_c.h\n'}
[3.566514] (odrive_can) StdoutLine: {'line': b'-- Up-to-date: /home/gong/onset_ws/install/odrive_can/include/odrive_can/odrive_can/msg/detail/control_message__rosidl_typesupport_fastrtps_c.h\n'}
[3.566619] (odrive_can) StdoutLine: {'line': b'-- Up-to-date: /home/gong/onset_ws/install/odrive_can/include/odrive_can/odrive_can/msg/detail/o_drive_status__rosidl_typesupport_fastrtps_c.h\n'}
[3.566954] (odrive_can) StdoutLine: {'line': b'-- Up-to-date: /home/gong/onset_ws/install/odrive_can/include/odrive_can/odrive_can/msg/rosidl_typesupport_fastrtps_c__visibility_control.h\n'}
[3.567101] (odrive_can) StdoutLine: {'line': b'-- Up-to-date: /home/gong/onset_ws/install/odrive_can/include/odrive_can/odrive_can/srv\n'}
[3.568194] (odrive_can) StdoutLine: {'line': b'-- Up-to-date: /home/gong/onset_ws/install/odrive_can/include/odrive_can/odrive_can/srv/detail\n'}
[3.568373] (odrive_can) StdoutLine: {'line': b'-- Up-to-date: /home/gong/onset_ws/install/odrive_can/include/odrive_can/odrive_can/srv/detail/axis_state__rosidl_typesupport_fastrtps_c.h\n'}
[3.569836] (odrive_can) StdoutLine: {'line': b'-- Up-to-date: /home/gong/onset_ws/install/odrive_can/lib/libodrive_can__rosidl_typesupport_fastrtps_c.so\n'}
[3.570978] (odrive_can) StdoutLine: {'line': b'-- Up-to-date: /home/gong/onset_ws/install/odrive_can/include/odrive_can/odrive_can\n'}
[3.571851] (odrive_can) StdoutLine: {'line': b'-- Up-to-date: /home/gong/onset_ws/install/odrive_can/include/odrive_can/odrive_can/msg\n'}
[3.572810] (odrive_can) StdoutLine: {'line': b'-- Up-to-date: /home/gong/onset_ws/install/odrive_can/include/odrive_can/odrive_can/msg/control_message.hpp\n'}
[3.573584] (odrive_can) StdoutLine: {'line': b'-- Up-to-date: /home/gong/onset_ws/install/odrive_can/include/odrive_can/odrive_can/msg/rosidl_generator_cpp__visibility_control.hpp\n'}
[3.573958] (odrive_can) StdoutLine: {'line': b'-- Up-to-date: /home/gong/onset_ws/install/odrive_can/include/odrive_can/odrive_can/msg/o_drive_status.hpp\n'}
[3.574300] (odrive_can) StdoutLine: {'line': b'-- Up-to-date: /home/gong/onset_ws/install/odrive_can/include/odrive_can/odrive_can/msg/detail\n'}
[3.575070] (odrive_can) StdoutLine: {'line': b'-- Up-to-date: /home/gong/onset_ws/install/odrive_can/include/odrive_can/odrive_can/msg/detail/control_message__type_support.hpp\n'}
[3.576049] (odrive_can) StdoutLine: {'line': b'-- Up-to-date: /home/gong/onset_ws/install/odrive_can/include/odrive_can/odrive_can/msg/detail/controller_status__builder.hpp\n'}
[3.576225] (odrive_can) StdoutLine: {'line': b'-- Up-to-date: /home/gong/onset_ws/install/odrive_can/include/odrive_can/odrive_can/msg/detail/controller_status__struct.hpp\n'}
[3.576704] (odrive_can) StdoutLine: {'line': b'-- Up-to-date: /home/gong/onset_ws/install/odrive_can/include/odrive_can/odrive_can/msg/detail/o_drive_status__builder.hpp\n'}
[3.576893] (odrive_can) StdoutLine: {'line': b'-- Up-to-date: /home/gong/onset_ws/install/odrive_can/include/odrive_can/odrive_can/msg/detail/controller_status__type_support.hpp\n'}
[3.578809] (odrive_can) StdoutLine: {'line': b'-- Up-to-date: /home/gong/onset_ws/install/odrive_can/include/odrive_can/odrive_can/msg/detail/o_drive_status__traits.hpp\n'}
[3.578996] (odrive_can) StdoutLine: {'line': b'-- Up-to-date: /home/gong/onset_ws/install/odrive_can/include/odrive_can/odrive_can/msg/detail/control_message__builder.hpp\n'}
[3.579136] (odrive_can) StdoutLine: {'line': b'-- Up-to-date: /home/gong/onset_ws/install/odrive_can/include/odrive_can/odrive_can/msg/detail/controller_status__traits.hpp\n'}
[3.579445] (odrive_can) StdoutLine: {'line': b'-- Up-to-date: /home/gong/onset_ws/install/odrive_can/include/odrive_can/odrive_can/msg/detail/o_drive_status__struct.hpp\n'}
[3.579589] (odrive_can) StdoutLine: {'line': b'-- Up-to-date: /home/gong/onset_ws/install/odrive_can/include/odrive_can/odrive_can/msg/detail/control_message__struct.hpp\n'}
[3.579685] (odrive_can) StdoutLine: {'line': b'-- Up-to-date: /home/gong/onset_ws/install/odrive_can/include/odrive_can/odrive_can/msg/detail/control_message__traits.hpp\n'}
[3.579774] (odrive_can) StdoutLine: {'line': b'-- Up-to-date: /home/gong/onset_ws/install/odrive_can/include/odrive_can/odrive_can/msg/detail/o_drive_status__type_support.hpp\n'}
[3.579911] (odrive_can) StdoutLine: {'line': b'-- Up-to-date: /home/gong/onset_ws/install/odrive_can/include/odrive_can/odrive_can/msg/controller_status.hpp\n'}
[3.580025] (odrive_can) StdoutLine: {'line': b'-- Up-to-date: /home/gong/onset_ws/install/odrive_can/include/odrive_can/odrive_can/srv\n'}
[3.580190] (odrive_can) StdoutLine: {'line': b'-- Up-to-date: /home/gong/onset_ws/install/odrive_can/include/odrive_can/odrive_can/srv/detail\n'}
[3.582167] (odrive_can) StdoutLine: {'line': b'-- Up-to-date: /home/gong/onset_ws/install/odrive_can/include/odrive_can/odrive_can/srv/detail/axis_state__builder.hpp\n'}
[3.582309] (odrive_can) StdoutLine: {'line': b'-- Up-to-date: /home/gong/onset_ws/install/odrive_can/include/odrive_can/odrive_can/srv/detail/axis_state__struct.hpp\n'}
[3.582412] (odrive_can) StdoutLine: {'line': b'-- Up-to-date: /home/gong/onset_ws/install/odrive_can/include/odrive_can/odrive_can/srv/detail/axis_state__traits.hpp\n'}
[3.582733] (odrive_can) StdoutLine: {'line': b'-- Up-to-date: /home/gong/onset_ws/install/odrive_can/include/odrive_can/odrive_can/srv/detail/axis_state__type_support.hpp\n'}
[3.582905] (odrive_can) StdoutLine: {'line': b'-- Up-to-date: /home/gong/onset_ws/install/odrive_can/include/odrive_can/odrive_can/srv/axis_state.hpp\n'}
[3.583010] (odrive_can) StdoutLine: {'line': b'-- Up-to-date: /home/gong/onset_ws/install/odrive_can/include/odrive_can/odrive_can\n'}
[3.583162] (odrive_can) StdoutLine: {'line': b'-- Up-to-date: /home/gong/onset_ws/install/odrive_can/include/odrive_can/odrive_can/msg\n'}
[3.583548] (odrive_can) StdoutLine: {'line': b'-- Up-to-date: /home/gong/onset_ws/install/odrive_can/include/odrive_can/odrive_can/msg/detail\n'}
[3.583708] (odrive_can) StdoutLine: {'line': b'-- Up-to-date: /home/gong/onset_ws/install/odrive_can/include/odrive_can/odrive_can/msg/detail/o_drive_status__rosidl_typesupport_fastrtps_cpp.hpp\n'}
[3.583855] (odrive_can) StdoutLine: {'line': b'-- Up-to-date: /home/gong/onset_ws/install/odrive_can/include/odrive_can/odrive_can/msg/detail/controller_status__rosidl_typesupport_fastrtps_cpp.hpp\n'}
[3.583991] (odrive_can) StdoutLine: {'line': b'-- Up-to-date: /home/gong/onset_ws/install/odrive_can/include/odrive_can/odrive_can/msg/detail/dds_fastrtps\n'}
[3.588995] (odrive_can) StdoutLine: {'line': b'-- Up-to-date: /home/gong/onset_ws/install/odrive_can/include/odrive_can/odrive_can/msg/detail/control_message__rosidl_typesupport_fastrtps_cpp.hpp\n'}
[3.589351] (odrive_can) StdoutLine: {'line': b'-- Up-to-date: /home/gong/onset_ws/install/odrive_can/include/odrive_can/odrive_can/msg/rosidl_typesupport_fastrtps_cpp__visibility_control.h\n'}
[3.589546] (odrive_can) StdoutLine: {'line': b'-- Up-to-date: /home/gong/onset_ws/install/odrive_can/include/odrive_can/odrive_can/srv\n'}
[3.589737] (odrive_can) StdoutLine: {'line': b'-- Up-to-date: /home/gong/onset_ws/install/odrive_can/include/odrive_can/odrive_can/srv/detail\n'}
[3.589864] (odrive_can) StdoutLine: {'line': b'-- Up-to-date: /home/gong/onset_ws/install/odrive_can/include/odrive_can/odrive_can/srv/detail/axis_state__rosidl_typesupport_fastrtps_cpp.hpp\n'}
[3.589984] (odrive_can) StdoutLine: {'line': b'-- Up-to-date: /home/gong/onset_ws/install/odrive_can/include/odrive_can/odrive_can/srv/detail/dds_fastrtps\n'}
[3.590087] (odrive_can) StdoutLine: {'line': b'-- Up-to-date: /home/gong/onset_ws/install/odrive_can/lib/libodrive_can__rosidl_typesupport_fastrtps_cpp.so\n'}
[3.591925] (odrive_can) StdoutLine: {'line': b'-- Up-to-date: /home/gong/onset_ws/install/odrive_can/include/odrive_can/odrive_can\n'}
[3.592114] (odrive_can) StdoutLine: {'line': b'-- Up-to-date: /home/gong/onset_ws/install/odrive_can/include/odrive_can/odrive_can/msg\n'}
[3.592228] (odrive_can) StdoutLine: {'line': b'-- Up-to-date: /home/gong/onset_ws/install/odrive_can/include/odrive_can/odrive_can/msg/detail\n'}
[3.592346] (odrive_can) StdoutLine: {'line': b'-- Up-to-date: /home/gong/onset_ws/install/odrive_can/include/odrive_can/odrive_can/msg/detail/o_drive_status__rosidl_typesupport_introspection_c.h\n'}
[3.592453] (odrive_can) StdoutLine: {'line': b'-- Up-to-date: /home/gong/onset_ws/install/odrive_can/include/odrive_can/odrive_can/msg/detail/controller_status__type_support.c\n'}
[3.592800] (odrive_can) StdoutLine: {'line': b'-- Up-to-date: /home/gong/onset_ws/install/odrive_can/include/odrive_can/odrive_can/msg/detail/controller_status__rosidl_typesupport_introspection_c.h\n'}
[3.593309] (odrive_can) StdoutLine: {'line': b'-- Up-to-date: /home/gong/onset_ws/install/odrive_can/include/odrive_can/odrive_can/msg/detail/control_message__type_support.c\n'}
[3.593450] (odrive_can) StdoutLine: {'line': b'-- Up-to-date: /home/gong/onset_ws/install/odrive_can/include/odrive_can/odrive_can/msg/detail/control_message__rosidl_typesupport_introspection_c.h\n'}
[3.593636] (odrive_can) StdoutLine: {'line': b'-- Up-to-date: /home/gong/onset_ws/install/odrive_can/include/odrive_can/odrive_can/msg/detail/o_drive_status__type_support.c\n'}
[3.593939] (odrive_can) StdoutLine: {'line': b'-- Up-to-date: /home/gong/onset_ws/install/odrive_can/include/odrive_can/odrive_can/msg/rosidl_typesupport_introspection_c__visibility_control.h\n'}
[3.594407] (odrive_can) StdoutLine: {'line': b'-- Up-to-date: /home/gong/onset_ws/install/odrive_can/include/odrive_can/odrive_can/srv\n'}
[3.594892] (odrive_can) StdoutLine: {'line': b'-- Up-to-date: /home/gong/onset_ws/install/odrive_can/include/odrive_can/odrive_can/srv/detail\n'}
[3.595289] (odrive_can) StdoutLine: {'line': b'-- Up-to-date: /home/gong/onset_ws/install/odrive_can/include/odrive_can/odrive_can/srv/detail/axis_state__rosidl_typesupport_introspection_c.h\n'}
[3.595610] (odrive_can) StdoutLine: {'line': b'-- Up-to-date: /home/gong/onset_ws/install/odrive_can/include/odrive_can/odrive_can/srv/detail/axis_state__type_support.c\n'}
[3.598655] (odrive_can) StdoutLine: {'line': b'-- Up-to-date: /home/gong/onset_ws/install/odrive_can/lib/libodrive_can__rosidl_typesupport_introspection_c.so\n'}
[3.600523] (odrive_can) StdoutLine: {'line': b'-- Up-to-date: /home/gong/onset_ws/install/odrive_can/lib/libodrive_can__rosidl_typesupport_c.so\n'}
[3.600733] (odrive_can) StdoutLine: {'line': b'-- Up-to-date: /home/gong/onset_ws/install/odrive_can/include/odrive_can/odrive_can\n'}
[3.600869] (odrive_can) StdoutLine: {'line': b'-- Up-to-date: /home/gong/onset_ws/install/odrive_can/include/odrive_can/odrive_can/msg\n'}
[3.601025] (odrive_can) StdoutLine: {'line': b'-- Up-to-date: /home/gong/onset_ws/install/odrive_can/include/odrive_can/odrive_can/msg/detail\n'}
[3.603312] (odrive_can) StdoutLine: {'line': b'-- Up-to-date: /home/gong/onset_ws/install/odrive_can/include/odrive_can/odrive_can/msg/detail/o_drive_status__rosidl_typesupport_introspection_cpp.hpp\n'}
[3.603931] (odrive_can) StdoutLine: {'line': b'-- Up-to-date: /home/gong/onset_ws/install/odrive_can/include/odrive_can/odrive_can/msg/detail/controller_status__rosidl_typesupport_introspection_cpp.hpp\n'}
[3.604371] (odrive_can) StdoutLine: {'line': b'-- Up-to-date: /home/gong/onset_ws/install/odrive_can/include/odrive_can/odrive_can/msg/detail/o_drive_status__type_support.cpp\n'}
[3.604510] (odrive_can) StdoutLine: {'line': b'-- Up-to-date: /home/gong/onset_ws/install/odrive_can/include/odrive_can/odrive_can/msg/detail/control_message__rosidl_typesupport_introspection_cpp.hpp\n'}
[3.606161] (odrive_can) StdoutLine: {'line': b'-- Up-to-date: /home/gong/onset_ws/install/odrive_can/include/odrive_can/odrive_can/msg/detail/control_message__type_support.cpp\n'}
[3.606356] (odrive_can) StdoutLine: {'line': b'-- Up-to-date: /home/gong/onset_ws/install/odrive_can/include/odrive_can/odrive_can/msg/detail/controller_status__type_support.cpp\n'}
[3.606812] (odrive_can) StdoutLine: {'line': b'-- Up-to-date: /home/gong/onset_ws/install/odrive_can/include/odrive_can/odrive_can/srv\n'}
[3.606937] (odrive_can) StdoutLine: {'line': b'-- Up-to-date: /home/gong/onset_ws/install/odrive_can/include/odrive_can/odrive_can/srv/detail\n'}
[3.608742] (odrive_can) StdoutLine: {'line': b'-- Up-to-date: /home/gong/onset_ws/install/odrive_can/include/odrive_can/odrive_can/srv/detail/axis_state__type_support.cpp\n'}
[3.608974] (odrive_can) StdoutLine: {'line': b'-- Up-to-date: /home/gong/onset_ws/install/odrive_can/include/odrive_can/odrive_can/srv/detail/axis_state__rosidl_typesupport_introspection_cpp.hpp\n'}
[3.609133] (odrive_can) StdoutLine: {'line': b'-- Up-to-date: /home/gong/onset_ws/install/odrive_can/lib/libodrive_can__rosidl_typesupport_introspection_cpp.so\n'}
[3.609591] (odrive_can) StdoutLine: {'line': b'-- Up-to-date: /home/gong/onset_ws/install/odrive_can/lib/libodrive_can__rosidl_typesupport_cpp.so\n'}
[3.610529] (odrive_can) StdoutLine: {'line': b'-- Up-to-date: /home/gong/onset_ws/install/odrive_can/share/odrive_can/environment/pythonpath.sh\n'}
[3.611030] (odrive_can) StdoutLine: {'line': b'-- Up-to-date: /home/gong/onset_ws/install/odrive_can/share/odrive_can/environment/pythonpath.dsv\n'}
[3.612863] (odrive_can) StdoutLine: {'line': b'-- Up-to-date: /home/gong/onset_ws/install/odrive_can/local/lib/python3.10/dist-packages/odrive_can-0.0.1-py3.10.egg-info\n'}
[3.613421] (odrive_can) StdoutLine: {'line': b'-- Installing: /home/gong/onset_ws/install/odrive_can/local/lib/python3.10/dist-packages/odrive_can-0.0.1-py3.10.egg-info/SOURCES.txt\n'}
[3.615512] (odrive_can) StdoutLine: {'line': b'-- Installing: /home/gong/onset_ws/install/odrive_can/local/lib/python3.10/dist-packages/odrive_can-0.0.1-py3.10.egg-info/top_level.txt\n'}
[3.617479] (odrive_can) StdoutLine: {'line': b'-- Installing: /home/gong/onset_ws/install/odrive_can/local/lib/python3.10/dist-packages/odrive_can-0.0.1-py3.10.egg-info/dependency_links.txt\n'}
[3.623124] (odrive_can) StdoutLine: {'line': b'-- Installing: /home/gong/onset_ws/install/odrive_can/local/lib/python3.10/dist-packages/odrive_can-0.0.1-py3.10.egg-info/PKG-INFO\n'}
[3.623349] (odrive_can) StdoutLine: {'line': b'-- Up-to-date: /home/gong/onset_ws/install/odrive_can/local/lib/python3.10/dist-packages/odrive_can\n'}
[3.623466] (odrive_can) StdoutLine: {'line': b'-- Up-to-date: /home/gong/onset_ws/install/odrive_can/local/lib/python3.10/dist-packages/odrive_can/odrive_can_s__rosidl_typesupport_fastrtps_c.cpython-310-x86_64-linux-gnu.so\n'}
[3.623568] (odrive_can) StdoutLine: {'line': b'-- Up-to-date: /home/gong/onset_ws/install/odrive_can/local/lib/python3.10/dist-packages/odrive_can/_odrive_can_s.ep.rosidl_typesupport_introspection_c.c\n'}
[3.625475] (odrive_can) StdoutLine: {'line': b'-- Up-to-date: /home/gong/onset_ws/install/odrive_can/local/lib/python3.10/dist-packages/odrive_can/__init__.py\n'}
[3.625702] (odrive_can) StdoutLine: {'line': b'-- Up-to-date: /home/gong/onset_ws/install/odrive_can/local/lib/python3.10/dist-packages/odrive_can/odrive_can_s__rosidl_typesupport_introspection_c.cpython-310-x86_64-linux-gnu.so\n'}
[3.625846] (odrive_can) StdoutLine: {'line': b'-- Up-to-date: /home/gong/onset_ws/install/odrive_can/local/lib/python3.10/dist-packages/odrive_can/libodrive_can__rosidl_generator_py.so\n'}
[3.625971] (odrive_can) StdoutLine: {'line': b'-- Up-to-date: /home/gong/onset_ws/install/odrive_can/local/lib/python3.10/dist-packages/odrive_can/msg\n'}
[3.626100] (odrive_can) StdoutLine: {'line': b'-- Up-to-date: /home/gong/onset_ws/install/odrive_can/local/lib/python3.10/dist-packages/odrive_can/msg/_control_message_s.c\n'}
[3.629943] (odrive_can) StdoutLine: {'line': b'-- Up-to-date: /home/gong/onset_ws/install/odrive_can/local/lib/python3.10/dist-packages/odrive_can/msg/_controller_status.py\n'}
[3.630123] (odrive_can) StdoutLine: {'line': b'-- Up-to-date: /home/gong/onset_ws/install/odrive_can/local/lib/python3.10/dist-packages/odrive_can/msg/__init__.py\n'}
[3.630235] (odrive_can) StdoutLine: {'line': b'-- Up-to-date: /home/gong/onset_ws/install/odrive_can/local/lib/python3.10/dist-packages/odrive_can/msg/_o_drive_status.py\n'}
[3.632654] (odrive_can) StdoutLine: {'line': b'-- Up-to-date: /home/gong/onset_ws/install/odrive_can/local/lib/python3.10/dist-packages/odrive_can/msg/_controller_status_s.c\n'}
[3.632854] (odrive_can) StdoutLine: {'line': b'-- Up-to-date: /home/gong/onset_ws/install/odrive_can/local/lib/python3.10/dist-packages/odrive_can/msg/_control_message.py\n'}
[3.632983] (odrive_can) StdoutLine: {'line': b'-- Up-to-date: /home/gong/onset_ws/install/odrive_can/local/lib/python3.10/dist-packages/odrive_can/msg/_o_drive_status_s.c\n'}
[3.633079] (odrive_can) StdoutLine: {'line': b'-- Up-to-date: /home/gong/onset_ws/install/odrive_can/local/lib/python3.10/dist-packages/odrive_can/_odrive_can_s.ep.rosidl_typesupport_fastrtps_c.c\n'}
[3.633198] (odrive_can) StdoutLine: {'line': b'-- Up-to-date: /home/gong/onset_ws/install/odrive_can/local/lib/python3.10/dist-packages/odrive_can/odrive_can_s__rosidl_typesupport_c.cpython-310-x86_64-linux-gnu.so\n'}
[3.633288] (odrive_can) StdoutLine: {'line': b'-- Up-to-date: /home/gong/onset_ws/install/odrive_can/local/lib/python3.10/dist-packages/odrive_can/_odrive_can_s.ep.rosidl_typesupport_c.c\n'}
[3.633374] (odrive_can) StdoutLine: {'line': b'-- Up-to-date: /home/gong/onset_ws/install/odrive_can/local/lib/python3.10/dist-packages/odrive_can/srv\n'}
[3.633462] (odrive_can) StdoutLine: {'line': b'-- Up-to-date: /home/gong/onset_ws/install/odrive_can/local/lib/python3.10/dist-packages/odrive_can/srv/_axis_state_s.c\n'}
[3.633843] (odrive_can) StdoutLine: {'line': b'-- Up-to-date: /home/gong/onset_ws/install/odrive_can/local/lib/python3.10/dist-packages/odrive_can/srv/_axis_state.py\n'}
[3.633994] (odrive_can) StdoutLine: {'line': b'-- Up-to-date: /home/gong/onset_ws/install/odrive_can/local/lib/python3.10/dist-packages/odrive_can/srv/__init__.py\n'}
[3.650712] (onset_interfaces) StdoutLine: {'line': b'running egg_info\n'}
[3.652792] (onset_interfaces) StdoutLine: {'line': b'writing onset_interfaces.egg-info/PKG-INFO\n'}
[3.653929] (onset_interfaces) StdoutLine: {'line': b'writing dependency_links to onset_interfaces.egg-info/dependency_links.txt\n'}
[3.654928] (onset_interfaces) StdoutLine: {'line': b'writing top-level names to onset_interfaces.egg-info/top_level.txt\n'}
[3.658230] (-) TimerEvent: {}
[3.667576] (onset_interfaces) StdoutLine: {'line': b"reading manifest file 'onset_interfaces.egg-info/SOURCES.txt'\n"}
[3.673367] (onset_interfaces) StdoutLine: {'line': b"writing manifest file 'onset_interfaces.egg-info/SOURCES.txt'\n"}
[3.758517] (-) TimerEvent: {}
[3.765668] (odrive_can) StdoutLine: {'line': b"Listing '/home/gong/onset_ws/install/odrive_can/local/lib/python3.10/dist-packages/odrive_can'...\n"}
[3.766251] (odrive_can) StdoutLine: {'line': b"Listing '/home/gong/onset_ws/install/odrive_can/local/lib/python3.10/dist-packages/odrive_can/msg'...\n"}
[3.766585] (odrive_can) StdoutLine: {'line': b"Listing '/home/gong/onset_ws/install/odrive_can/local/lib/python3.10/dist-packages/odrive_can/srv'...\n"}
[3.778089] (odrive_can) StdoutLine: {'line': b'-- Up-to-date: /home/gong/onset_ws/install/odrive_can/local/lib/python3.10/dist-packages/odrive_can/odrive_can_s__rosidl_typesupport_fastrtps_c.cpython-310-x86_64-linux-gnu.so\n'}
[3.781162] (odrive_can) StdoutLine: {'line': b'-- Up-to-date: /home/gong/onset_ws/install/odrive_can/local/lib/python3.10/dist-packages/odrive_can/odrive_can_s__rosidl_typesupport_introspection_c.cpython-310-x86_64-linux-gnu.so\n'}
[3.782249] (odrive_can) StdoutLine: {'line': b'-- Up-to-date: /home/gong/onset_ws/install/odrive_can/local/lib/python3.10/dist-packages/odrive_can/odrive_can_s__rosidl_typesupport_c.cpython-310-x86_64-linux-gnu.so\n'}
[3.787813] (odrive_can) StdoutLine: {'line': b'-- Up-to-date: /home/gong/onset_ws/install/odrive_can/lib/libodrive_can__rosidl_generator_py.so\n'}
[3.788975] (odrive_can) StdoutLine: {'line': b'-- Up-to-date: /home/gong/onset_ws/install/odrive_can/share/odrive_can/msg/ControlMessage.idl\n'}
[3.790416] (odrive_can) StdoutLine: {'line': b'-- Up-to-date: /home/gong/onset_ws/install/odrive_can/share/odrive_can/msg/ControllerStatus.idl\n'}
[3.798285] (odrive_can) StdoutLine: {'line': b'-- Up-to-date: /home/gong/onset_ws/install/odrive_can/share/odrive_can/msg/ODriveStatus.idl\n'}
[3.799486] (odrive_can) StdoutLine: {'line': b'-- Up-to-date: /home/gong/onset_ws/install/odrive_can/share/odrive_can/srv/AxisState.idl\n'}
[3.799728] (odrive_can) StdoutLine: {'line': b'-- Up-to-date: /home/gong/onset_ws/install/odrive_can/share/odrive_can/msg/ControlMessage.msg\n'}
[3.799959] (odrive_can) StdoutLine: {'line': b'-- Up-to-date: /home/gong/onset_ws/install/odrive_can/share/odrive_can/msg/ControllerStatus.msg\n'}
[3.800132] (odrive_can) StdoutLine: {'line': b'-- Up-to-date: /home/gong/onset_ws/install/odrive_can/share/odrive_can/msg/ODriveStatus.msg\n'}
[3.802581] (odrive_can) StdoutLine: {'line': b'-- Up-to-date: /home/gong/onset_ws/install/odrive_can/share/odrive_can/srv/AxisState.srv\n'}
[3.803201] (odrive_can) StdoutLine: {'line': b'-- Up-to-date: /home/gong/onset_ws/install/odrive_can/share/odrive_can/srv/AxisState_Request.msg\n'}
[3.803556] (odrive_can) StdoutLine: {'line': b'-- Up-to-date: /home/gong/onset_ws/install/odrive_can/share/odrive_can/srv/AxisState_Response.msg\n'}
[3.803674] (odrive_can) StdoutLine: {'line': b'-- Up-to-date: /home/gong/onset_ws/install/odrive_can/lib/odrive_can/odrive_can_node\n'}
[3.803770] (odrive_can) StdoutLine: {'line': b'-- Up-to-date: /home/gong/onset_ws/install/odrive_can/share/odrive_can/launch\n'}
[3.803862] (odrive_can) StdoutLine: {'line': b'-- Up-to-date: /home/gong/onset_ws/install/odrive_can/share/odrive_can/launch/example_launch.yaml\n'}
[3.803954] (odrive_can) StdoutLine: {'line': b'-- Up-to-date: /home/gong/onset_ws/install/odrive_can/share/ament_index/resource_index/package_run_dependencies/odrive_can\n'}
[3.804046] (odrive_can) StdoutLine: {'line': b'-- Up-to-date: /home/gong/onset_ws/install/odrive_can/share/ament_index/resource_index/parent_prefix_path/odrive_can\n'}
[3.804136] (odrive_can) StdoutLine: {'line': b'-- Up-to-date: /home/gong/onset_ws/install/odrive_can/share/odrive_can/environment/ament_prefix_path.sh\n'}
[3.804223] (odrive_can) StdoutLine: {'line': b'-- Up-to-date: /home/gong/onset_ws/install/odrive_can/share/odrive_can/environment/ament_prefix_path.dsv\n'}
[3.804308] (odrive_can) StdoutLine: {'line': b'-- Up-to-date: /home/gong/onset_ws/install/odrive_can/share/odrive_can/environment/path.sh\n'}
[3.804427] (odrive_can) StdoutLine: {'line': b'-- Up-to-date: /home/gong/onset_ws/install/odrive_can/share/odrive_can/environment/path.dsv\n'}
[3.804540] (odrive_can) StdoutLine: {'line': b'-- Up-to-date: /home/gong/onset_ws/install/odrive_can/share/odrive_can/local_setup.bash\n'}
[3.804661] (odrive_can) StdoutLine: {'line': b'-- Up-to-date: /home/gong/onset_ws/install/odrive_can/share/odrive_can/local_setup.sh\n'}
[3.804884] (odrive_can) StdoutLine: {'line': b'-- Up-to-date: /home/gong/onset_ws/install/odrive_can/share/odrive_can/local_setup.zsh\n'}
[3.807610] (odrive_can) StdoutLine: {'line': b'-- Up-to-date: /home/gong/onset_ws/install/odrive_can/share/odrive_can/local_setup.dsv\n'}
[3.808024] (odrive_can) StdoutLine: {'line': b'-- Installing: /home/gong/onset_ws/install/odrive_can/share/odrive_can/package.dsv\n'}
[3.808300] (odrive_can) StdoutLine: {'line': b'-- Up-to-date: /home/gong/onset_ws/install/odrive_can/share/ament_index/resource_index/packages/odrive_can\n'}
[3.808503] (odrive_can) StdoutLine: {'line': b'-- Up-to-date: /home/gong/onset_ws/install/odrive_can/share/odrive_can/cmake/export_odrive_can__rosidl_generator_cExport.cmake\n'}
[3.808847] (odrive_can) StdoutLine: {'line': b'-- Up-to-date: /home/gong/onset_ws/install/odrive_can/share/odrive_can/cmake/export_odrive_can__rosidl_generator_cExport-noconfig.cmake\n'}
[3.808959] (odrive_can) StdoutLine: {'line': b'-- Up-to-date: /home/gong/onset_ws/install/odrive_can/share/odrive_can/cmake/export_odrive_can__rosidl_typesupport_fastrtps_cExport.cmake\n'}
[3.809107] (odrive_can) StdoutLine: {'line': b'-- Up-to-date: /home/gong/onset_ws/install/odrive_can/share/odrive_can/cmake/export_odrive_can__rosidl_typesupport_fastrtps_cExport-noconfig.cmake\n'}
[3.809207] (odrive_can) StdoutLine: {'line': b'-- Up-to-date: /home/gong/onset_ws/install/odrive_can/share/odrive_can/cmake/export_odrive_can__rosidl_generator_cppExport.cmake\n'}
[3.811885] (odrive_can) StdoutLine: {'line': b'-- Up-to-date: /home/gong/onset_ws/install/odrive_can/share/odrive_can/cmake/export_odrive_can__rosidl_typesupport_fastrtps_cppExport.cmake\n'}
[3.812030] (odrive_can) StdoutLine: {'line': b'-- Up-to-date: /home/gong/onset_ws/install/odrive_can/share/odrive_can/cmake/export_odrive_can__rosidl_typesupport_fastrtps_cppExport-noconfig.cmake\n'}
[3.812134] (odrive_can) StdoutLine: {'line': b'-- Up-to-date: /home/gong/onset_ws/install/odrive_can/share/odrive_can/cmake/odrive_can__rosidl_typesupport_introspection_cExport.cmake\n'}
[3.812240] (odrive_can) StdoutLine: {'line': b'-- Up-to-date: /home/gong/onset_ws/install/odrive_can/share/odrive_can/cmake/odrive_can__rosidl_typesupport_introspection_cExport-noconfig.cmake\n'}
[3.812334] (odrive_can) StdoutLine: {'line': b'-- Up-to-date: /home/gong/onset_ws/install/odrive_can/share/odrive_can/cmake/odrive_can__rosidl_typesupport_cExport.cmake\n'}
[3.812846] (odrive_can) StdoutLine: {'line': b'-- Up-to-date: /home/gong/onset_ws/install/odrive_can/share/odrive_can/cmake/odrive_can__rosidl_typesupport_cExport-noconfig.cmake\n'}
[3.812967] (odrive_can) StdoutLine: {'line': b'-- Up-to-date: /home/gong/onset_ws/install/odrive_can/share/odrive_can/cmake/odrive_can__rosidl_typesupport_introspection_cppExport.cmake\n'}
[3.813063] (odrive_can) StdoutLine: {'line': b'-- Up-to-date: /home/gong/onset_ws/install/odrive_can/share/odrive_can/cmake/odrive_can__rosidl_typesupport_introspection_cppExport-noconfig.cmake\n'}
[3.813157] (odrive_can) StdoutLine: {'line': b'-- Up-to-date: /home/gong/onset_ws/install/odrive_can/share/odrive_can/cmake/odrive_can__rosidl_typesupport_cppExport.cmake\n'}
[3.813251] (odrive_can) StdoutLine: {'line': b'-- Up-to-date: /home/gong/onset_ws/install/odrive_can/share/odrive_can/cmake/odrive_can__rosidl_typesupport_cppExport-noconfig.cmake\n'}
[3.813342] (odrive_can) StdoutLine: {'line': b'-- Up-to-date: /home/gong/onset_ws/install/odrive_can/share/odrive_can/cmake/export_odrive_can__rosidl_generator_pyExport.cmake\n'}
[3.813478] (odrive_can) StdoutLine: {'line': b'-- Up-to-date: /home/gong/onset_ws/install/odrive_can/share/odrive_can/cmake/export_odrive_can__rosidl_generator_pyExport-noconfig.cmake\n'}
[3.820711] (odrive_can) StdoutLine: {'line': b'-- Up-to-date: /home/gong/onset_ws/install/odrive_can/share/odrive_can/cmake/rosidl_cmake-extras.cmake\n'}
[3.822206] (odrive_can) StdoutLine: {'line': b'-- Up-to-date: /home/gong/onset_ws/install/odrive_can/share/odrive_can/cmake/ament_cmake_export_include_directories-extras.cmake\n'}
[3.822398] (odrive_can) StdoutLine: {'line': b'-- Up-to-date: /home/gong/onset_ws/install/odrive_can/share/odrive_can/cmake/ament_cmake_export_libraries-extras.cmake\n'}
[3.822512] (odrive_can) StdoutLine: {'line': b'-- Up-to-date: /home/gong/onset_ws/install/odrive_can/share/odrive_can/cmake/ament_cmake_export_targets-extras.cmake\n'}
[3.822616] (odrive_can) StdoutLine: {'line': b'-- Up-to-date: /home/gong/onset_ws/install/odrive_can/share/odrive_can/cmake/rosidl_cmake_export_typesupport_targets-extras.cmake\n'}
[3.822757] (odrive_can) StdoutLine: {'line': b'-- Up-to-date: /home/gong/onset_ws/install/odrive_can/share/odrive_can/cmake/ament_cmake_export_dependencies-extras.cmake\n'}
[3.824099] (odrive_can) StdoutLine: {'line': b'-- Up-to-date: /home/gong/onset_ws/install/odrive_can/share/odrive_can/cmake/rosidl_cmake_export_typesupport_libraries-extras.cmake\n'}
[3.824239] (odrive_can) StdoutLine: {'line': b'-- Up-to-date: /home/gong/onset_ws/install/odrive_can/share/odrive_can/cmake/odrive_canConfig.cmake\n'}
[3.824553] (odrive_can) StdoutLine: {'line': b'-- Up-to-date: /home/gong/onset_ws/install/odrive_can/share/odrive_can/cmake/odrive_canConfig-version.cmake\n'}
[3.824677] (odrive_can) StdoutLine: {'line': b'-- Up-to-date: /home/gong/onset_ws/install/odrive_can/share/odrive_can/package.xml\n'}
[3.831476] (odrive_can) CommandEnded: {'returncode': 0}
[3.844169] (onset_interfaces) StdoutLine: {'line': b'[ 79%] Built target ament_cmake_python_build_onset_interfaces_egg\n'}
[3.858909] (-) TimerEvent: {}
[3.895622] (odrive_can) JobEnded: {'identifier': 'odrive_can', 'rc': 0}
[3.901672] (odrive_botwheel_explorer) JobStarted: {'identifier': 'odrive_botwheel_explorer'}
[3.940822] (odrive_botwheel_explorer) JobProgress: {'identifier': 'odrive_botwheel_explorer', 'progress': 'cmake'}
[3.943848] (odrive_botwheel_explorer) JobProgress: {'identifier': 'odrive_botwheel_explorer', 'progress': 'build'}
[3.943924] (odrive_botwheel_explorer) Command: {'cmd': ['/usr/bin/cmake', '--build', '/home/gong/onset_ws/build/odrive_botwheel_explorer', '--', '-j2', '-l2'], 'cwd': '/home/gong/onset_ws/build/odrive_botwheel_explorer', 'env': OrderedDict([('LESSOPEN', '| /usr/bin/lesspipe %s'), ('LANGUAGE', 'en_CA:en'), ('USER', 'gong'), ('XDG_SESSION_TYPE', 'wayland'), ('SHLVL', '1'), ('LD_LIBRARY_PATH', '/home/gong/onset_ws/install/odrive_ros2_control/lib:/home/gong/onset_ws/install/onset_interfaces/lib:/home/gong/onset_ws/install/odrive_can/lib:/usr/lib/x86_64-linux-gnu/gazebo-11/plugins:/opt/ros/humble/opt/rviz_ogre_vendor/lib:/opt/ros/humble/lib/x86_64-linux-gnu:/opt/ros/humble/lib'), ('HOME', '/home/gong'), ('OLDPWD', '/home/gong/onset_ws/src/onsetbot'), ('DESKTOP_SESSION', 'ubuntu'), ('ROS_PYTHON_VERSION', '3'), ('GNOME_SHELL_SESSION_MODE', 'ubuntu'), ('GTK_MODULES', 'gail:atk-bridge'), ('SYSTEMD_EXEC_PID', '1644'), ('DBUS_SESSION_BUS_ADDRESS', 'unix:path=/run/user/1000/bus'), ('COLORTERM', 'truecolor'), ('IM_CONFIG_PHASE', '1'), ('WAYLAND_DISPLAY', 'wayland-0'), ('COLCON_PREFIX_PATH', '/home/gong/onset_ws/install'), ('ROS_DISTRO', 'humble'), ('LOGNAME', 'gong'), ('_', '/usr/bin/colcon'), ('ROS_VERSION', '2'), ('XDG_SESSION_CLASS', 'user'), ('USERNAME', 'gong'), ('TERM', 'xterm-256color'), ('GNOME_DESKTOP_SESSION_ID', 'this-is-deprecated'), ('ROS_LOCALHOST_ONLY', '0'), ('PATH', '/opt/ros/humble/bin:/home/gong/.local/bin:/usr/local/sbin:/usr/local/bin:/usr/sbin:/usr/bin:/sbin:/bin:/usr/games:/usr/local/games:/snap/bin:/snap/bin'), ('SESSION_MANAGER', 'local/gong-virtual-machine:@/tmp/.ICE-unix/1616,unix/gong-virtual-machine:/tmp/.ICE-unix/1616'), ('XDG_MENU_PREFIX', 'gnome-'), ('GNOME_TERMINAL_SCREEN', '/org/gnome/Terminal/screen/2cde5a3f_3fdf_455d_bd0b_d8fef2e66a9f'), ('GNOME_SETUP_DISPLAY', ':1'), ('XDG_RUNTIME_DIR', '/run/user/1000'), ('DISPLAY', ':0'), ('LANG', 'en_US.UTF-8'), ('XDG_CURRENT_DESKTOP', 'ubuntu:GNOME'), ('XMODIFIERS', '@im=ibus'), ('XDG_SESSION_DESKTOP', 'ubuntu'), ('XAUTHORITY', '/run/user/1000/.mutter-Xwaylandauth.SDR7L3'), ('LS_COLORS', 'rs=0:di=01;34:ln=01;36:mh=00:pi=40;33:so=01;35:do=01;35:bd=40;33;01:cd=40;33;01:or=40;31;01:mi=00:su=37;41:sg=30;43:ca=30;41:tw=30;42:ow=34;42:st=37;44:ex=01;32:*.tar=01;31:*.tgz=01;31:*.arc=01;31:*.arj=01;31:*.taz=01;31:*.lha=01;31:*.lz4=01;31:*.lzh=01;31:*.lzma=01;31:*.tlz=01;31:*.txz=01;31:*.tzo=01;31:*.t7z=01;31:*.zip=01;31:*.z=01;31:*.dz=01;31:*.gz=01;31:*.lrz=01;31:*.lz=01;31:*.lzo=01;31:*.xz=01;31:*.zst=01;31:*.tzst=01;31:*.bz2=01;31:*.bz=01;31:*.tbz=01;31:*.tbz2=01;31:*.tz=01;31:*.deb=01;31:*.rpm=01;31:*.jar=01;31:*.war=01;31:*.ear=01;31:*.sar=01;31:*.rar=01;31:*.alz=01;31:*.ace=01;31:*.zoo=01;31:*.cpio=01;31:*.7z=01;31:*.rz=01;31:*.cab=01;31:*.wim=01;31:*.swm=01;31:*.dwm=01;31:*.esd=01;31:*.jpg=01;35:*.jpeg=01;35:*.mjpg=01;35:*.mjpeg=01;35:*.gif=01;35:*.bmp=01;35:*.pbm=01;35:*.pgm=01;35:*.ppm=01;35:*.tga=01;35:*.xbm=01;35:*.xpm=01;35:*.tif=01;35:*.tiff=01;35:*.png=01;35:*.svg=01;35:*.svgz=01;35:*.mng=01;35:*.pcx=01;35:*.mov=01;35:*.mpg=01;35:*.mpeg=01;35:*.m2v=01;35:*.mkv=01;35:*.webm=01;35:*.webp=01;35:*.ogm=01;35:*.mp4=01;35:*.m4v=01;35:*.mp4v=01;35:*.vob=01;35:*.qt=01;35:*.nuv=01;35:*.wmv=01;35:*.asf=01;35:*.rm=01;35:*.rmvb=01;35:*.flc=01;35:*.avi=01;35:*.fli=01;35:*.flv=01;35:*.gl=01;35:*.dl=01;35:*.xcf=01;35:*.xwd=01;35:*.yuv=01;35:*.cgm=01;35:*.emf=01;35:*.ogv=01;35:*.ogx=01;35:*.aac=00;36:*.au=00;36:*.flac=00;36:*.m4a=00;36:*.mid=00;36:*.midi=00;36:*.mka=00;36:*.mp3=00;36:*.mpc=00;36:*.ogg=00;36:*.ra=00;36:*.wav=00;36:*.oga=00;36:*.opus=00;36:*.spx=00;36:*.xspf=00;36:'), ('GNOME_TERMINAL_SERVICE', ':1.99'), ('SSH_AGENT_LAUNCHER', 'gnome-keyring'), ('SSH_AUTH_SOCK', '/run/user/1000/keyring/ssh'), ('ROS_DOMAIN_ID', '0'), ('AMENT_PREFIX_PATH', '/home/gong/onset_ws/install/onsetbot:/home/gong/onset_ws/install/onset_interfaces:/home/gong/onset_ws/install/odrive_botwheel_explorer:/home/gong/onset_ws/install/odrive_ros2_control:/home/gong/onset_ws/install/odrive_can:/opt/ros/humble'), ('SHELL', '/bin/bash'), ('QT_ACCESSIBILITY', '1'), ('GDMSESSION', 'ubuntu'), ('LESSCLOSE', '/usr/bin/lesspipe %s %s'), ('QT_IM_MODULE', 'ibus'), ('PWD', '/home/gong/onset_ws/build/odrive_botwheel_explorer'), ('LC_ALL', 'en_US.UTF-8'), ('XDG_CONFIG_DIRS', '/etc/xdg/xdg-ubuntu:/etc/xdg'), ('XDG_DATA_DIRS', '/usr/share/ubuntu:/usr/local/share/:/usr/share/:/var/lib/snapd/desktop'), ('PYTHONPATH', '/home/gong/onset_ws/install/onsetbot/lib/python3.10/site-packages:/home/gong/onset_ws/install/onset_interfaces/local/lib/python3.10/dist-packages:/home/gong/onset_ws/install/odrive_can/local/lib/python3.10/dist-packages:/opt/ros/humble/lib/python3.10/site-packages:/opt/ros/humble/local/lib/python3.10/dist-packages'), ('COLCON', '1'), ('VTE_VERSION', '6800'), ('CMAKE_PREFIX_PATH', '/home/gong/onset_ws/install/odrive_ros2_control:/home/gong/onset_ws/install/onset_interfaces:/home/gong/onset_ws/install/odrive_botwheel_explorer:/home/gong/onset_ws/install/odrive_can:/home/gong/onset_ws/install/onsetbot:/opt/ros/humble')]), 'shell': False}
[3.960419] (-) TimerEvent: {}
[3.965157] (onset_interfaces) StdoutLine: {'line': b'[ 79%] Built target onset_interfaces\n'}
[4.060634] (-) TimerEvent: {}
[4.072838] (onset_interfaces) StdoutLine: {'line': b'[ 80%] Built target onset_interfaces__py\n'}
[4.112268] (odrive_botwheel_explorer) CommandEnded: {'returncode': 0}
[4.113604] (odrive_botwheel_explorer) JobProgress: {'identifier': 'odrive_botwheel_explorer', 'progress': 'install'}
[4.113806] (odrive_botwheel_explorer) Command: {'cmd': ['/usr/bin/cmake', '--install', '/home/gong/onset_ws/build/odrive_botwheel_explorer'], 'cwd': '/home/gong/onset_ws/build/odrive_botwheel_explorer', 'env': OrderedDict([('LESSOPEN', '| /usr/bin/lesspipe %s'), ('LANGUAGE', 'en_CA:en'), ('USER', 'gong'), ('XDG_SESSION_TYPE', 'wayland'), ('SHLVL', '1'), ('LD_LIBRARY_PATH', '/home/gong/onset_ws/install/odrive_ros2_control/lib:/home/gong/onset_ws/install/onset_interfaces/lib:/home/gong/onset_ws/install/odrive_can/lib:/usr/lib/x86_64-linux-gnu/gazebo-11/plugins:/opt/ros/humble/opt/rviz_ogre_vendor/lib:/opt/ros/humble/lib/x86_64-linux-gnu:/opt/ros/humble/lib'), ('HOME', '/home/gong'), ('OLDPWD', '/home/gong/onset_ws/src/onsetbot'), ('DESKTOP_SESSION', 'ubuntu'), ('ROS_PYTHON_VERSION', '3'), ('GNOME_SHELL_SESSION_MODE', 'ubuntu'), ('GTK_MODULES', 'gail:atk-bridge'), ('SYSTEMD_EXEC_PID', '1644'), ('DBUS_SESSION_BUS_ADDRESS', 'unix:path=/run/user/1000/bus'), ('COLORTERM', 'truecolor'), ('IM_CONFIG_PHASE', '1'), ('WAYLAND_DISPLAY', 'wayland-0'), ('COLCON_PREFIX_PATH', '/home/gong/onset_ws/install'), ('ROS_DISTRO', 'humble'), ('LOGNAME', 'gong'), ('_', '/usr/bin/colcon'), ('ROS_VERSION', '2'), ('XDG_SESSION_CLASS', 'user'), ('USERNAME', 'gong'), ('TERM', 'xterm-256color'), ('GNOME_DESKTOP_SESSION_ID', 'this-is-deprecated'), ('ROS_LOCALHOST_ONLY', '0'), ('PATH', '/opt/ros/humble/bin:/home/gong/.local/bin:/usr/local/sbin:/usr/local/bin:/usr/sbin:/usr/bin:/sbin:/bin:/usr/games:/usr/local/games:/snap/bin:/snap/bin'), ('SESSION_MANAGER', 'local/gong-virtual-machine:@/tmp/.ICE-unix/1616,unix/gong-virtual-machine:/tmp/.ICE-unix/1616'), ('XDG_MENU_PREFIX', 'gnome-'), ('GNOME_TERMINAL_SCREEN', '/org/gnome/Terminal/screen/2cde5a3f_3fdf_455d_bd0b_d8fef2e66a9f'), ('GNOME_SETUP_DISPLAY', ':1'), ('XDG_RUNTIME_DIR', '/run/user/1000'), ('DISPLAY', ':0'), ('LANG', 'en_US.UTF-8'), ('XDG_CURRENT_DESKTOP', 'ubuntu:GNOME'), ('XMODIFIERS', '@im=ibus'), ('XDG_SESSION_DESKTOP', 'ubuntu'), ('XAUTHORITY', '/run/user/1000/.mutter-Xwaylandauth.SDR7L3'), ('LS_COLORS', 'rs=0:di=01;34:ln=01;36:mh=00:pi=40;33:so=01;35:do=01;35:bd=40;33;01:cd=40;33;01:or=40;31;01:mi=00:su=37;41:sg=30;43:ca=30;41:tw=30;42:ow=34;42:st=37;44:ex=01;32:*.tar=01;31:*.tgz=01;31:*.arc=01;31:*.arj=01;31:*.taz=01;31:*.lha=01;31:*.lz4=01;31:*.lzh=01;31:*.lzma=01;31:*.tlz=01;31:*.txz=01;31:*.tzo=01;31:*.t7z=01;31:*.zip=01;31:*.z=01;31:*.dz=01;31:*.gz=01;31:*.lrz=01;31:*.lz=01;31:*.lzo=01;31:*.xz=01;31:*.zst=01;31:*.tzst=01;31:*.bz2=01;31:*.bz=01;31:*.tbz=01;31:*.tbz2=01;31:*.tz=01;31:*.deb=01;31:*.rpm=01;31:*.jar=01;31:*.war=01;31:*.ear=01;31:*.sar=01;31:*.rar=01;31:*.alz=01;31:*.ace=01;31:*.zoo=01;31:*.cpio=01;31:*.7z=01;31:*.rz=01;31:*.cab=01;31:*.wim=01;31:*.swm=01;31:*.dwm=01;31:*.esd=01;31:*.jpg=01;35:*.jpeg=01;35:*.mjpg=01;35:*.mjpeg=01;35:*.gif=01;35:*.bmp=01;35:*.pbm=01;35:*.pgm=01;35:*.ppm=01;35:*.tga=01;35:*.xbm=01;35:*.xpm=01;35:*.tif=01;35:*.tiff=01;35:*.png=01;35:*.svg=01;35:*.svgz=01;35:*.mng=01;35:*.pcx=01;35:*.mov=01;35:*.mpg=01;35:*.mpeg=01;35:*.m2v=01;35:*.mkv=01;35:*.webm=01;35:*.webp=01;35:*.ogm=01;35:*.mp4=01;35:*.m4v=01;35:*.mp4v=01;35:*.vob=01;35:*.qt=01;35:*.nuv=01;35:*.wmv=01;35:*.asf=01;35:*.rm=01;35:*.rmvb=01;35:*.flc=01;35:*.avi=01;35:*.fli=01;35:*.flv=01;35:*.gl=01;35:*.dl=01;35:*.xcf=01;35:*.xwd=01;35:*.yuv=01;35:*.cgm=01;35:*.emf=01;35:*.ogv=01;35:*.ogx=01;35:*.aac=00;36:*.au=00;36:*.flac=00;36:*.m4a=00;36:*.mid=00;36:*.midi=00;36:*.mka=00;36:*.mp3=00;36:*.mpc=00;36:*.ogg=00;36:*.ra=00;36:*.wav=00;36:*.oga=00;36:*.opus=00;36:*.spx=00;36:*.xspf=00;36:'), ('GNOME_TERMINAL_SERVICE', ':1.99'), ('SSH_AGENT_LAUNCHER', 'gnome-keyring'), ('SSH_AUTH_SOCK', '/run/user/1000/keyring/ssh'), ('ROS_DOMAIN_ID', '0'), ('AMENT_PREFIX_PATH', '/home/gong/onset_ws/install/onsetbot:/home/gong/onset_ws/install/onset_interfaces:/home/gong/onset_ws/install/odrive_botwheel_explorer:/home/gong/onset_ws/install/odrive_ros2_control:/home/gong/onset_ws/install/odrive_can:/opt/ros/humble'), ('SHELL', '/bin/bash'), ('QT_ACCESSIBILITY', '1'), ('GDMSESSION', 'ubuntu'), ('LESSCLOSE', '/usr/bin/lesspipe %s %s'), ('QT_IM_MODULE', 'ibus'), ('PWD', '/home/gong/onset_ws/build/odrive_botwheel_explorer'), ('LC_ALL', 'en_US.UTF-8'), ('XDG_CONFIG_DIRS', '/etc/xdg/xdg-ubuntu:/etc/xdg'), ('XDG_DATA_DIRS', '/usr/share/ubuntu:/usr/local/share/:/usr/share/:/var/lib/snapd/desktop'), ('PYTHONPATH', '/home/gong/onset_ws/install/onsetbot/lib/python3.10/site-packages:/home/gong/onset_ws/install/onset_interfaces/local/lib/python3.10/dist-packages:/home/gong/onset_ws/install/odrive_can/local/lib/python3.10/dist-packages:/opt/ros/humble/lib/python3.10/site-packages:/opt/ros/humble/local/lib/python3.10/dist-packages'), ('COLCON', '1'), ('VTE_VERSION', '6800'), ('CMAKE_PREFIX_PATH', '/home/gong/onset_ws/install/odrive_ros2_control:/home/gong/onset_ws/install/onset_interfaces:/home/gong/onset_ws/install/odrive_botwheel_explorer:/home/gong/onset_ws/install/odrive_can:/home/gong/onset_ws/install/onsetbot:/opt/ros/humble')]), 'shell': False}
[4.143705] (odrive_botwheel_explorer) StdoutLine: {'line': b'-- Install configuration: ""\n'}
[4.144129] (odrive_botwheel_explorer) StdoutLine: {'line': b'-- Up-to-date: /home/gong/onset_ws/install/odrive_botwheel_explorer/share/odrive_botwheel_explorer/urdf\n'}
[4.144565] (odrive_botwheel_explorer) StdoutLine: {'line': b'-- Up-to-date: /home/gong/onset_ws/install/odrive_botwheel_explorer/share/odrive_botwheel_explorer/urdf/diffbot_description.urdf.xacro\n'}
[4.144945] (odrive_botwheel_explorer) StdoutLine: {'line': b'-- Up-to-date: /home/gong/onset_ws/install/odrive_botwheel_explorer/share/odrive_botwheel_explorer/urdf/diffbot.ros2_control.xacro\n'}
[4.145467] (odrive_botwheel_explorer) StdoutLine: {'line': b'-- Up-to-date: /home/gong/onset_ws/install/odrive_botwheel_explorer/share/odrive_botwheel_explorer/urdf/diffbot.urdf.xacro\n'}
[4.146124] (odrive_botwheel_explorer) StdoutLine: {'line': b'-- Up-to-date: /home/gong/onset_ws/install/odrive_botwheel_explorer/share/odrive_botwheel_explorer/config\n'}
[4.147450] (odrive_botwheel_explorer) StdoutLine: {'line': b'-- Up-to-date: /home/gong/onset_ws/install/odrive_botwheel_explorer/share/odrive_botwheel_explorer/config/diffbot_controllers.yaml\n'}
[4.148716] (odrive_botwheel_explorer) StdoutLine: {'line': b'-- Up-to-date: /home/gong/onset_ws/install/odrive_botwheel_explorer/share/odrive_botwheel_explorer/launch\n'}
[4.149796] (odrive_botwheel_explorer) StdoutLine: {'line': b'-- Up-to-date: /home/gong/onset_ws/install/odrive_botwheel_explorer/share/odrive_botwheel_explorer/launch/botwheel_explorer.launch.py\n'}
[4.150393] (odrive_botwheel_explorer) StdoutLine: {'line': b'-- Up-to-date: /home/gong/onset_ws/install/odrive_botwheel_explorer/share/ament_index/resource_index/package_run_dependencies/odrive_botwheel_explorer\n'}
[4.151134] (odrive_botwheel_explorer) StdoutLine: {'line': b'-- Up-to-date: /home/gong/onset_ws/install/odrive_botwheel_explorer/share/ament_index/resource_index/parent_prefix_path/odrive_botwheel_explorer\n'}
[4.151838] (odrive_botwheel_explorer) StdoutLine: {'line': b'-- Up-to-date: /home/gong/onset_ws/install/odrive_botwheel_explorer/share/odrive_botwheel_explorer/environment/ament_prefix_path.sh\n'}
[4.152430] (odrive_botwheel_explorer) StdoutLine: {'line': b'-- Up-to-date: /home/gong/onset_ws/install/odrive_botwheel_explorer/share/odrive_botwheel_explorer/environment/ament_prefix_path.dsv\n'}
[4.152581] (odrive_botwheel_explorer) StdoutLine: {'line': b'-- Up-to-date: /home/gong/onset_ws/install/odrive_botwheel_explorer/share/odrive_botwheel_explorer/environment/path.sh\n'}
[4.153548] (odrive_botwheel_explorer) StdoutLine: {'line': b'-- Up-to-date: /home/gong/onset_ws/install/odrive_botwheel_explorer/share/odrive_botwheel_explorer/environment/path.dsv\n'}
[4.154797] (odrive_botwheel_explorer) StdoutLine: {'line': b'-- Up-to-date: /home/gong/onset_ws/install/odrive_botwheel_explorer/share/odrive_botwheel_explorer/local_setup.bash\n'}
[4.155242] (odrive_botwheel_explorer) StdoutLine: {'line': b'-- Up-to-date: /home/gong/onset_ws/install/odrive_botwheel_explorer/share/odrive_botwheel_explorer/local_setup.sh\n'}
[4.157872] (odrive_botwheel_explorer) StdoutLine: {'line': b'-- Up-to-date: /home/gong/onset_ws/install/odrive_botwheel_explorer/share/odrive_botwheel_explorer/local_setup.zsh\n'}
[4.158157] (odrive_botwheel_explorer) StdoutLine: {'line': b'-- Up-to-date: /home/gong/onset_ws/install/odrive_botwheel_explorer/share/odrive_botwheel_explorer/local_setup.dsv\n'}
[4.168717] (-) TimerEvent: {}
[4.174660] (odrive_botwheel_explorer) StdoutLine: {'line': b'-- Installing: /home/gong/onset_ws/install/odrive_botwheel_explorer/share/odrive_botwheel_explorer/package.dsv\n'}
[4.175021] (odrive_botwheel_explorer) StdoutLine: {'line': b'-- Up-to-date: /home/gong/onset_ws/install/odrive_botwheel_explorer/share/ament_index/resource_index/packages/odrive_botwheel_explorer\n'}
[4.175181] (odrive_botwheel_explorer) StdoutLine: {'line': b'-- Up-to-date: /home/gong/onset_ws/install/odrive_botwheel_explorer/share/odrive_botwheel_explorer/cmake/odrive_botwheel_explorerConfig.cmake\n'}
[4.175305] (odrive_botwheel_explorer) StdoutLine: {'line': b'-- Up-to-date: /home/gong/onset_ws/install/odrive_botwheel_explorer/share/odrive_botwheel_explorer/cmake/odrive_botwheel_explorerConfig-version.cmake\n'}
[4.175417] (odrive_botwheel_explorer) StdoutLine: {'line': b'-- Up-to-date: /home/gong/onset_ws/install/odrive_botwheel_explorer/share/odrive_botwheel_explorer/package.xml\n'}
[4.193473] (odrive_botwheel_explorer) CommandEnded: {'returncode': 0}
[4.210183] (onset_interfaces) StdoutLine: {'line': b'[ 90%] Built target onset_interfaces__rosidl_generator_py\n'}
[4.260129] (odrive_botwheel_explorer) JobEnded: {'identifier': 'odrive_botwheel_explorer', 'rc': 0}
[4.269027] (-) TimerEvent: {}
[4.326737] (onset_interfaces) StdoutLine: {'line': b'[ 93%] Built target onset_interfaces__rosidl_typesupport_fastrtps_c__pyext\n'}
[4.370153] (-) TimerEvent: {}
[4.414693] (onset_interfaces) StdoutLine: {'line': b'[ 96%] Built target onset_interfaces__rosidl_typesupport_introspection_c__pyext\n'}
[4.471018] (-) TimerEvent: {}
[4.515169] (onset_interfaces) StdoutLine: {'line': b'[100%] Built target onset_interfaces__rosidl_typesupport_c__pyext\n'}
[4.566969] (onset_interfaces) CommandEnded: {'returncode': 0}
[4.571002] (-) TimerEvent: {}
[4.572470] (onset_interfaces) JobProgress: {'identifier': 'onset_interfaces', 'progress': 'install'}
[4.575956] (onset_interfaces) Command: {'cmd': ['/usr/bin/cmake', '--install', '/home/gong/onset_ws/build/onset_interfaces'], 'cwd': '/home/gong/onset_ws/build/onset_interfaces', 'env': OrderedDict([('LESSOPEN', '| /usr/bin/lesspipe %s'), ('LANGUAGE', 'en_CA:en'), ('USER', 'gong'), ('XDG_SESSION_TYPE', 'wayland'), ('SHLVL', '1'), ('LD_LIBRARY_PATH', '/home/gong/onset_ws/install/onset_interfaces/lib:/home/gong/onset_ws/install/odrive_ros2_control/lib:/home/gong/onset_ws/install/odrive_can/lib:/usr/lib/x86_64-linux-gnu/gazebo-11/plugins:/opt/ros/humble/opt/rviz_ogre_vendor/lib:/opt/ros/humble/lib/x86_64-linux-gnu:/opt/ros/humble/lib'), ('HOME', '/home/gong'), ('OLDPWD', '/home/gong/onset_ws/src/onsetbot'), ('DESKTOP_SESSION', 'ubuntu'), ('ROS_PYTHON_VERSION', '3'), ('GNOME_SHELL_SESSION_MODE', 'ubuntu'), ('GTK_MODULES', 'gail:atk-bridge'), ('SYSTEMD_EXEC_PID', '1644'), ('DBUS_SESSION_BUS_ADDRESS', 'unix:path=/run/user/1000/bus'), ('COLORTERM', 'truecolor'), ('IM_CONFIG_PHASE', '1'), ('WAYLAND_DISPLAY', 'wayland-0'), ('COLCON_PREFIX_PATH', '/home/gong/onset_ws/install'), ('ROS_DISTRO', 'humble'), ('LOGNAME', 'gong'), ('_', '/usr/bin/colcon'), ('ROS_VERSION', '2'), ('XDG_SESSION_CLASS', 'user'), ('USERNAME', 'gong'), ('TERM', 'xterm-256color'), ('GNOME_DESKTOP_SESSION_ID', 'this-is-deprecated'), ('ROS_LOCALHOST_ONLY', '0'), ('PATH', '/opt/ros/humble/bin:/home/gong/.local/bin:/usr/local/sbin:/usr/local/bin:/usr/sbin:/usr/bin:/sbin:/bin:/usr/games:/usr/local/games:/snap/bin:/snap/bin'), ('SESSION_MANAGER', 'local/gong-virtual-machine:@/tmp/.ICE-unix/1616,unix/gong-virtual-machine:/tmp/.ICE-unix/1616'), ('XDG_MENU_PREFIX', 'gnome-'), ('GNOME_TERMINAL_SCREEN', '/org/gnome/Terminal/screen/2cde5a3f_3fdf_455d_bd0b_d8fef2e66a9f'), ('GNOME_SETUP_DISPLAY', ':1'), ('XDG_RUNTIME_DIR', '/run/user/1000'), ('DISPLAY', ':0'), ('LANG', 'en_US.UTF-8'), ('XDG_CURRENT_DESKTOP', 'ubuntu:GNOME'), ('XMODIFIERS', '@im=ibus'), ('XDG_SESSION_DESKTOP', 'ubuntu'), ('XAUTHORITY', '/run/user/1000/.mutter-Xwaylandauth.SDR7L3'), ('LS_COLORS', 'rs=0:di=01;34:ln=01;36:mh=00:pi=40;33:so=01;35:do=01;35:bd=40;33;01:cd=40;33;01:or=40;31;01:mi=00:su=37;41:sg=30;43:ca=30;41:tw=30;42:ow=34;42:st=37;44:ex=01;32:*.tar=01;31:*.tgz=01;31:*.arc=01;31:*.arj=01;31:*.taz=01;31:*.lha=01;31:*.lz4=01;31:*.lzh=01;31:*.lzma=01;31:*.tlz=01;31:*.txz=01;31:*.tzo=01;31:*.t7z=01;31:*.zip=01;31:*.z=01;31:*.dz=01;31:*.gz=01;31:*.lrz=01;31:*.lz=01;31:*.lzo=01;31:*.xz=01;31:*.zst=01;31:*.tzst=01;31:*.bz2=01;31:*.bz=01;31:*.tbz=01;31:*.tbz2=01;31:*.tz=01;31:*.deb=01;31:*.rpm=01;31:*.jar=01;31:*.war=01;31:*.ear=01;31:*.sar=01;31:*.rar=01;31:*.alz=01;31:*.ace=01;31:*.zoo=01;31:*.cpio=01;31:*.7z=01;31:*.rz=01;31:*.cab=01;31:*.wim=01;31:*.swm=01;31:*.dwm=01;31:*.esd=01;31:*.jpg=01;35:*.jpeg=01;35:*.mjpg=01;35:*.mjpeg=01;35:*.gif=01;35:*.bmp=01;35:*.pbm=01;35:*.pgm=01;35:*.ppm=01;35:*.tga=01;35:*.xbm=01;35:*.xpm=01;35:*.tif=01;35:*.tiff=01;35:*.png=01;35:*.svg=01;35:*.svgz=01;35:*.mng=01;35:*.pcx=01;35:*.mov=01;35:*.mpg=01;35:*.mpeg=01;35:*.m2v=01;35:*.mkv=01;35:*.webm=01;35:*.webp=01;35:*.ogm=01;35:*.mp4=01;35:*.m4v=01;35:*.mp4v=01;35:*.vob=01;35:*.qt=01;35:*.nuv=01;35:*.wmv=01;35:*.asf=01;35:*.rm=01;35:*.rmvb=01;35:*.flc=01;35:*.avi=01;35:*.fli=01;35:*.flv=01;35:*.gl=01;35:*.dl=01;35:*.xcf=01;35:*.xwd=01;35:*.yuv=01;35:*.cgm=01;35:*.emf=01;35:*.ogv=01;35:*.ogx=01;35:*.aac=00;36:*.au=00;36:*.flac=00;36:*.m4a=00;36:*.mid=00;36:*.midi=00;36:*.mka=00;36:*.mp3=00;36:*.mpc=00;36:*.ogg=00;36:*.ra=00;36:*.wav=00;36:*.oga=00;36:*.opus=00;36:*.spx=00;36:*.xspf=00;36:'), ('GNOME_TERMINAL_SERVICE', ':1.99'), ('SSH_AGENT_LAUNCHER', 'gnome-keyring'), ('SSH_AUTH_SOCK', '/run/user/1000/keyring/ssh'), ('ROS_DOMAIN_ID', '0'), ('AMENT_PREFIX_PATH', '/home/gong/onset_ws/install/onsetbot:/home/gong/onset_ws/install/onset_interfaces:/home/gong/onset_ws/install/odrive_botwheel_explorer:/home/gong/onset_ws/install/odrive_ros2_control:/home/gong/onset_ws/install/odrive_can:/opt/ros/humble'), ('SHELL', '/bin/bash'), ('QT_ACCESSIBILITY', '1'), ('GDMSESSION', 'ubuntu'), ('LESSCLOSE', '/usr/bin/lesspipe %s %s'), ('QT_IM_MODULE', 'ibus'), ('PWD', '/home/gong/onset_ws/build/onset_interfaces'), ('LC_ALL', 'en_US.UTF-8'), ('XDG_CONFIG_DIRS', '/etc/xdg/xdg-ubuntu:/etc/xdg'), ('XDG_DATA_DIRS', '/usr/share/ubuntu:/usr/local/share/:/usr/share/:/var/lib/snapd/desktop'), ('PYTHONPATH', '/home/gong/onset_ws/install/onsetbot/lib/python3.10/site-packages:/home/gong/onset_ws/install/onset_interfaces/local/lib/python3.10/dist-packages:/home/gong/onset_ws/install/odrive_can/local/lib/python3.10/dist-packages:/opt/ros/humble/lib/python3.10/site-packages:/opt/ros/humble/local/lib/python3.10/dist-packages'), ('COLCON', '1'), ('VTE_VERSION', '6800'), ('CMAKE_PREFIX_PATH', '/home/gong/onset_ws/install/onset_interfaces:/home/gong/onset_ws/install/odrive_botwheel_explorer:/home/gong/onset_ws/install/odrive_ros2_control:/home/gong/onset_ws/install/odrive_can:/home/gong/onset_ws/install/onsetbot:/opt/ros/humble')]), 'shell': False}
[4.615481] (onset_interfaces) StdoutLine: {'line': b'-- Install configuration: ""\n'}
[4.617581] (onset_interfaces) StdoutLine: {'line': b'-- Up-to-date: /home/gong/onset_ws/install/onset_interfaces/share/ament_index/resource_index/rosidl_interfaces/onset_interfaces\n'}
[4.621741] (onset_interfaces) StdoutLine: {'line': b'-- Up-to-date: /home/gong/onset_ws/install/onset_interfaces/include/onset_interfaces/onset_interfaces\n'}
[4.623121] (onset_interfaces) StdoutLine: {'line': b'-- Up-to-date: /home/gong/onset_ws/install/onset_interfaces/include/onset_interfaces/onset_interfaces/msg\n'}
[4.623566] (onset_interfaces) StdoutLine: {'line': b'-- Up-to-date: /home/gong/onset_ws/install/onset_interfaces/include/onset_interfaces/onset_interfaces/msg/home_command.h\n'}
[4.623853] (onset_interfaces) StdoutLine: {'line': b'-- Up-to-date: /home/gong/onset_ws/install/onset_interfaces/include/onset_interfaces/onset_interfaces/msg/launch_command.h\n'}
[4.624402] (onset_interfaces) StdoutLine: {'line': b'-- Up-to-date: /home/gong/onset_ws/install/onset_interfaces/include/onset_interfaces/onset_interfaces/msg/detail\n'}
[4.624789] (onset_interfaces) StdoutLine: {'line': b'-- Up-to-date: /home/gong/onset_ws/install/onset_interfaces/include/onset_interfaces/onset_interfaces/msg/detail/onset_status__functions.h\n'}
[4.626120] (onset_interfaces) StdoutLine: {'line': b'-- Up-to-date: /home/gong/onset_ws/install/onset_interfaces/include/onset_interfaces/onset_interfaces/msg/detail/home_command__type_support.h\n'}
[4.626382] (onset_interfaces) StdoutLine: {'line': b'-- Up-to-date: /home/gong/onset_ws/install/onset_interfaces/include/onset_interfaces/onset_interfaces/msg/detail/stm32_message__struct.h\n'}
[4.626655] (onset_interfaces) StdoutLine: {'line': b'-- Up-to-date: /home/gong/onset_ws/install/onset_interfaces/include/onset_interfaces/onset_interfaces/msg/detail/home_command__functions.c\n'}
[4.627053] (onset_interfaces) StdoutLine: {'line': b'-- Up-to-date: /home/gong/onset_ws/install/onset_interfaces/include/onset_interfaces/onset_interfaces/msg/detail/stm32_message__functions.h\n'}
[4.627512] (onset_interfaces) StdoutLine: {'line': b'-- Up-to-date: /home/gong/onset_ws/install/onset_interfaces/include/onset_interfaces/onset_interfaces/msg/detail/onset_status__functions.c\n'}
[4.630803] (onset_interfaces) StdoutLine: {'line': b'-- Up-to-date: /home/gong/onset_ws/install/onset_interfaces/include/onset_interfaces/onset_interfaces/msg/detail/onset_status__struct.h\n'}
[4.630991] (onset_interfaces) StdoutLine: {'line': b'-- Up-to-date: /home/gong/onset_ws/install/onset_interfaces/include/onset_interfaces/onset_interfaces/msg/detail/onset_status__type_support.h\n'}
[4.631137] (onset_interfaces) StdoutLine: {'line': b'-- Up-to-date: /home/gong/onset_ws/install/onset_interfaces/include/onset_interfaces/onset_interfaces/msg/detail/stm32_state__functions.c\n'}
[4.631281] (onset_interfaces) StdoutLine: {'line': b'-- Up-to-date: /home/gong/onset_ws/install/onset_interfaces/include/onset_interfaces/onset_interfaces/msg/detail/home_command__functions.h\n'}
[4.631408] (onset_interfaces) StdoutLine: {'line': b'-- Up-to-date: /home/gong/onset_ws/install/onset_interfaces/include/onset_interfaces/onset_interfaces/msg/detail/launch_command__struct.h\n'}
[4.631601] (onset_interfaces) StdoutLine: {'line': b'-- Up-to-date: /home/gong/onset_ws/install/onset_interfaces/include/onset_interfaces/onset_interfaces/msg/detail/home_command__struct.h\n'}
[4.632378] (onset_interfaces) StdoutLine: {'line': b'-- Up-to-date: /home/gong/onset_ws/install/onset_interfaces/include/onset_interfaces/onset_interfaces/msg/detail/stm32_state__struct.h\n'}
[4.632794] (onset_interfaces) StdoutLine: {'line': b'-- Up-to-date: /home/gong/onset_ws/install/onset_interfaces/include/onset_interfaces/onset_interfaces/msg/detail/launch_command__type_support.h\n'}
[4.633089] (onset_interfaces) StdoutLine: {'line': b'-- Up-to-date: /home/gong/onset_ws/install/onset_interfaces/include/onset_interfaces/onset_interfaces/msg/detail/stm32_message__functions.c\n'}
[4.633721] (onset_interfaces) StdoutLine: {'line': b'-- Up-to-date: /home/gong/onset_ws/install/onset_interfaces/include/onset_interfaces/onset_interfaces/msg/detail/launch_command__functions.c\n'}
[4.633993] (onset_interfaces) StdoutLine: {'line': b'-- Up-to-date: /home/gong/onset_ws/install/onset_interfaces/include/onset_interfaces/onset_interfaces/msg/detail/stm32_state__functions.h\n'}
[4.634529] (onset_interfaces) StdoutLine: {'line': b'-- Up-to-date: /home/gong/onset_ws/install/onset_interfaces/include/onset_interfaces/onset_interfaces/msg/detail/launch_command__functions.h\n'}
[4.634773] (onset_interfaces) StdoutLine: {'line': b'-- Up-to-date: /home/gong/onset_ws/install/onset_interfaces/include/onset_interfaces/onset_interfaces/msg/detail/stm32_state__type_support.h\n'}
[4.634892] (onset_interfaces) StdoutLine: {'line': b'-- Up-to-date: /home/gong/onset_ws/install/onset_interfaces/include/onset_interfaces/onset_interfaces/msg/detail/stm32_message__type_support.h\n'}
[4.634994] (onset_interfaces) StdoutLine: {'line': b'-- Up-to-date: /home/gong/onset_ws/install/onset_interfaces/include/onset_interfaces/onset_interfaces/msg/rosidl_generator_c__visibility_control.h\n'}
[4.635131] (onset_interfaces) StdoutLine: {'line': b'-- Up-to-date: /home/gong/onset_ws/install/onset_interfaces/include/onset_interfaces/onset_interfaces/msg/stm32_state.h\n'}
[4.636065] (onset_interfaces) StdoutLine: {'line': b'-- Up-to-date: /home/gong/onset_ws/install/onset_interfaces/include/onset_interfaces/onset_interfaces/msg/stm32_message.h\n'}
[4.636311] (onset_interfaces) StdoutLine: {'line': b'-- Up-to-date: /home/gong/onset_ws/install/onset_interfaces/include/onset_interfaces/onset_interfaces/msg/onset_status.h\n'}
[4.636579] (onset_interfaces) StdoutLine: {'line': b'-- Up-to-date: /home/gong/onset_ws/install/onset_interfaces/share/onset_interfaces/environment/library_path.sh\n'}
[4.636922] (onset_interfaces) StdoutLine: {'line': b'-- Up-to-date: /home/gong/onset_ws/install/onset_interfaces/share/onset_interfaces/environment/library_path.dsv\n'}
[4.637171] (onset_interfaces) StdoutLine: {'line': b'-- Up-to-date: /home/gong/onset_ws/install/onset_interfaces/lib/libonset_interfaces__rosidl_generator_c.so\n'}
[4.637281] (onset_interfaces) StdoutLine: {'line': b'-- Up-to-date: /home/gong/onset_ws/install/onset_interfaces/include/onset_interfaces/onset_interfaces\n'}
[4.637473] (onset_interfaces) StdoutLine: {'line': b'-- Up-to-date: /home/gong/onset_ws/install/onset_interfaces/include/onset_interfaces/onset_interfaces/msg\n'}
[4.640884] (onset_interfaces) StdoutLine: {'line': b'-- Up-to-date: /home/gong/onset_ws/install/onset_interfaces/include/onset_interfaces/onset_interfaces/msg/detail\n'}
[4.641461] (onset_interfaces) StdoutLine: {'line': b'-- Up-to-date: /home/gong/onset_ws/install/onset_interfaces/include/onset_interfaces/onset_interfaces/msg/detail/onset_status__rosidl_typesupport_fastrtps_c.h\n'}
[4.641647] (onset_interfaces) StdoutLine: {'line': b'-- Up-to-date: /home/gong/onset_ws/install/onset_interfaces/include/onset_interfaces/onset_interfaces/msg/detail/launch_command__rosidl_typesupport_fastrtps_c.h\n'}
[4.641806] (onset_interfaces) StdoutLine: {'line': b'-- Up-to-date: /home/gong/onset_ws/install/onset_interfaces/include/onset_interfaces/onset_interfaces/msg/detail/home_command__rosidl_typesupport_fastrtps_c.h\n'}
[4.642043] (onset_interfaces) StdoutLine: {'line': b'-- Up-to-date: /home/gong/onset_ws/install/onset_interfaces/include/onset_interfaces/onset_interfaces/msg/detail/stm32_message__rosidl_typesupport_fastrtps_c.h\n'}
[4.642485] (onset_interfaces) StdoutLine: {'line': b'-- Up-to-date: /home/gong/onset_ws/install/onset_interfaces/include/onset_interfaces/onset_interfaces/msg/detail/stm32_state__rosidl_typesupport_fastrtps_c.h\n'}
[4.643160] (onset_interfaces) StdoutLine: {'line': b'-- Up-to-date: /home/gong/onset_ws/install/onset_interfaces/include/onset_interfaces/onset_interfaces/msg/rosidl_typesupport_fastrtps_c__visibility_control.h\n'}
[4.643624] (onset_interfaces) StdoutLine: {'line': b'-- Up-to-date: /home/gong/onset_ws/install/onset_interfaces/lib/libonset_interfaces__rosidl_typesupport_fastrtps_c.so\n'}
[4.644074] (onset_interfaces) StdoutLine: {'line': b'-- Up-to-date: /home/gong/onset_ws/install/onset_interfaces/include/onset_interfaces/onset_interfaces\n'}
[4.644257] (onset_interfaces) StdoutLine: {'line': b'-- Up-to-date: /home/gong/onset_ws/install/onset_interfaces/include/onset_interfaces/onset_interfaces/msg\n'}
[4.644537] (onset_interfaces) StdoutLine: {'line': b'-- Up-to-date: /home/gong/onset_ws/install/onset_interfaces/include/onset_interfaces/onset_interfaces/msg/detail\n'}
[4.644852] (onset_interfaces) StdoutLine: {'line': b'-- Up-to-date: /home/gong/onset_ws/install/onset_interfaces/include/onset_interfaces/onset_interfaces/msg/detail/launch_command__type_support.c\n'}
[4.645037] (onset_interfaces) StdoutLine: {'line': b'-- Up-to-date: /home/gong/onset_ws/install/onset_interfaces/include/onset_interfaces/onset_interfaces/msg/detail/stm32_message__type_support.c\n'}
[4.646060] (onset_interfaces) StdoutLine: {'line': b'-- Up-to-date: /home/gong/onset_ws/install/onset_interfaces/include/onset_interfaces/onset_interfaces/msg/detail/launch_command__rosidl_typesupport_introspection_c.h\n'}
[4.646326] (onset_interfaces) StdoutLine: {'line': b'-- Up-to-date: /home/gong/onset_ws/install/onset_interfaces/include/onset_interfaces/onset_interfaces/msg/detail/onset_status__rosidl_typesupport_introspection_c.h\n'}
[4.646445] (onset_interfaces) StdoutLine: {'line': b'-- Up-to-date: /home/gong/onset_ws/install/onset_interfaces/include/onset_interfaces/onset_interfaces/msg/detail/home_command__rosidl_typesupport_introspection_c.h\n'}
[4.646660] (onset_interfaces) StdoutLine: {'line': b'-- Up-to-date: /home/gong/onset_ws/install/onset_interfaces/include/onset_interfaces/onset_interfaces/msg/detail/home_command__type_support.c\n'}
[4.647425] (onset_interfaces) StdoutLine: {'line': b'-- Up-to-date: /home/gong/onset_ws/install/onset_interfaces/include/onset_interfaces/onset_interfaces/msg/detail/stm32_message__rosidl_typesupport_introspection_c.h\n'}
[4.647551] (onset_interfaces) StdoutLine: {'line': b'-- Up-to-date: /home/gong/onset_ws/install/onset_interfaces/include/onset_interfaces/onset_interfaces/msg/detail/stm32_state__type_support.c\n'}
[4.649956] (onset_interfaces) StdoutLine: {'line': b'-- Up-to-date: /home/gong/onset_ws/install/onset_interfaces/include/onset_interfaces/onset_interfaces/msg/detail/stm32_state__rosidl_typesupport_introspection_c.h\n'}
[4.650659] (onset_interfaces) StdoutLine: {'line': b'-- Up-to-date: /home/gong/onset_ws/install/onset_interfaces/include/onset_interfaces/onset_interfaces/msg/detail/onset_status__type_support.c\n'}
[4.650772] (onset_interfaces) StdoutLine: {'line': b'-- Up-to-date: /home/gong/onset_ws/install/onset_interfaces/include/onset_interfaces/onset_interfaces/msg/rosidl_typesupport_introspection_c__visibility_control.h\n'}
[4.650869] (onset_interfaces) StdoutLine: {'line': b'-- Up-to-date: /home/gong/onset_ws/install/onset_interfaces/lib/libonset_interfaces__rosidl_typesupport_introspection_c.so\n'}
[4.650960] (onset_interfaces) StdoutLine: {'line': b'-- Up-to-date: /home/gong/onset_ws/install/onset_interfaces/lib/libonset_interfaces__rosidl_typesupport_c.so\n'}
[4.651049] (onset_interfaces) StdoutLine: {'line': b'-- Up-to-date: /home/gong/onset_ws/install/onset_interfaces/include/onset_interfaces/onset_interfaces\n'}
[4.651155] (onset_interfaces) StdoutLine: {'line': b'-- Up-to-date: /home/gong/onset_ws/install/onset_interfaces/include/onset_interfaces/onset_interfaces/msg\n'}
[4.651249] (onset_interfaces) StdoutLine: {'line': b'-- Up-to-date: /home/gong/onset_ws/install/onset_interfaces/include/onset_interfaces/onset_interfaces/msg/launch_command.hpp\n'}
[4.651343] (onset_interfaces) StdoutLine: {'line': b'-- Up-to-date: /home/gong/onset_ws/install/onset_interfaces/include/onset_interfaces/onset_interfaces/msg/stm32_message.hpp\n'}
[4.651431] (onset_interfaces) StdoutLine: {'line': b'-- Up-to-date: /home/gong/onset_ws/install/onset_interfaces/include/onset_interfaces/onset_interfaces/msg/rosidl_generator_cpp__visibility_control.hpp\n'}
[4.651517] (onset_interfaces) StdoutLine: {'line': b'-- Up-to-date: /home/gong/onset_ws/install/onset_interfaces/include/onset_interfaces/onset_interfaces/msg/detail\n'}
[4.651605] (onset_interfaces) StdoutLine: {'line': b'-- Up-to-date: /home/gong/onset_ws/install/onset_interfaces/include/onset_interfaces/onset_interfaces/msg/detail/launch_command__traits.hpp\n'}
[4.651763] (onset_interfaces) StdoutLine: {'line': b'-- Up-to-date: /home/gong/onset_ws/install/onset_interfaces/include/onset_interfaces/onset_interfaces/msg/detail/stm32_message__type_support.hpp\n'}
[4.652421] (onset_interfaces) StdoutLine: {'line': b'-- Up-to-date: /home/gong/onset_ws/install/onset_interfaces/include/onset_interfaces/onset_interfaces/msg/detail/stm32_state__struct.hpp\n'}
[4.652938] (onset_interfaces) StdoutLine: {'line': b'-- Up-to-date: /home/gong/onset_ws/install/onset_interfaces/include/onset_interfaces/onset_interfaces/msg/detail/stm32_state__builder.hpp\n'}
[4.653136] (onset_interfaces) StdoutLine: {'line': b'-- Up-to-date: /home/gong/onset_ws/install/onset_interfaces/include/onset_interfaces/onset_interfaces/msg/detail/stm32_message__builder.hpp\n'}
[4.653684] (onset_interfaces) StdoutLine: {'line': b'-- Up-to-date: /home/gong/onset_ws/install/onset_interfaces/include/onset_interfaces/onset_interfaces/msg/detail/stm32_state__type_support.hpp\n'}
[4.653818] (onset_interfaces) StdoutLine: {'line': b'-- Up-to-date: /home/gong/onset_ws/install/onset_interfaces/include/onset_interfaces/onset_interfaces/msg/detail/onset_status__struct.hpp\n'}
[4.653918] (onset_interfaces) StdoutLine: {'line': b'-- Up-to-date: /home/gong/onset_ws/install/onset_interfaces/include/onset_interfaces/onset_interfaces/msg/detail/launch_command__builder.hpp\n'}
[4.654036] (onset_interfaces) StdoutLine: {'line': b'-- Up-to-date: /home/gong/onset_ws/install/onset_interfaces/include/onset_interfaces/onset_interfaces/msg/detail/home_command__struct.hpp\n'}
[4.654124] (onset_interfaces) StdoutLine: {'line': b'-- Up-to-date: /home/gong/onset_ws/install/onset_interfaces/include/onset_interfaces/onset_interfaces/msg/detail/onset_status__builder.hpp\n'}
[4.654221] (onset_interfaces) StdoutLine: {'line': b'-- Up-to-date: /home/gong/onset_ws/install/onset_interfaces/include/onset_interfaces/onset_interfaces/msg/detail/home_command__traits.hpp\n'}
[4.654369] (onset_interfaces) StdoutLine: {'line': b'-- Up-to-date: /home/gong/onset_ws/install/onset_interfaces/include/onset_interfaces/onset_interfaces/msg/detail/stm32_state__traits.hpp\n'}
[4.654459] (onset_interfaces) StdoutLine: {'line': b'-- Up-to-date: /home/gong/onset_ws/install/onset_interfaces/include/onset_interfaces/onset_interfaces/msg/detail/launch_command__struct.hpp\n'}
[4.654549] (onset_interfaces) StdoutLine: {'line': b'-- Up-to-date: /home/gong/onset_ws/install/onset_interfaces/include/onset_interfaces/onset_interfaces/msg/detail/onset_status__traits.hpp\n'}
[4.654639] (onset_interfaces) StdoutLine: {'line': b'-- Up-to-date: /home/gong/onset_ws/install/onset_interfaces/include/onset_interfaces/onset_interfaces/msg/detail/stm32_message__traits.hpp\n'}
[4.654729] (onset_interfaces) StdoutLine: {'line': b'-- Up-to-date: /home/gong/onset_ws/install/onset_interfaces/include/onset_interfaces/onset_interfaces/msg/detail/stm32_message__struct.hpp\n'}
[4.654858] (onset_interfaces) StdoutLine: {'line': b'-- Up-to-date: /home/gong/onset_ws/install/onset_interfaces/include/onset_interfaces/onset_interfaces/msg/detail/onset_status__type_support.hpp\n'}
[4.655974] (onset_interfaces) StdoutLine: {'line': b'-- Up-to-date: /home/gong/onset_ws/install/onset_interfaces/include/onset_interfaces/onset_interfaces/msg/detail/home_command__builder.hpp\n'}
[4.656248] (onset_interfaces) StdoutLine: {'line': b'-- Up-to-date: /home/gong/onset_ws/install/onset_interfaces/include/onset_interfaces/onset_interfaces/msg/detail/home_command__type_support.hpp\n'}
[4.656857] (onset_interfaces) StdoutLine: {'line': b'-- Up-to-date: /home/gong/onset_ws/install/onset_interfaces/include/onset_interfaces/onset_interfaces/msg/detail/launch_command__type_support.hpp\n'}
[4.657306] (onset_interfaces) StdoutLine: {'line': b'-- Up-to-date: /home/gong/onset_ws/install/onset_interfaces/include/onset_interfaces/onset_interfaces/msg/onset_status.hpp\n'}
[4.657497] (onset_interfaces) StdoutLine: {'line': b'-- Up-to-date: /home/gong/onset_ws/install/onset_interfaces/include/onset_interfaces/onset_interfaces/msg/home_command.hpp\n'}
[4.660625] (onset_interfaces) StdoutLine: {'line': b'-- Up-to-date: /home/gong/onset_ws/install/onset_interfaces/include/onset_interfaces/onset_interfaces/msg/stm32_state.hpp\n'}
[4.660776] (onset_interfaces) StdoutLine: {'line': b'-- Up-to-date: /home/gong/onset_ws/install/onset_interfaces/include/onset_interfaces/onset_interfaces\n'}
[4.661032] (onset_interfaces) StdoutLine: {'line': b'-- Up-to-date: /home/gong/onset_ws/install/onset_interfaces/include/onset_interfaces/onset_interfaces/msg\n'}
[4.661421] (onset_interfaces) StdoutLine: {'line': b'-- Up-to-date: /home/gong/onset_ws/install/onset_interfaces/include/onset_interfaces/onset_interfaces/msg/detail\n'}
[4.661608] (onset_interfaces) StdoutLine: {'line': b'-- Up-to-date: /home/gong/onset_ws/install/onset_interfaces/include/onset_interfaces/onset_interfaces/msg/detail/onset_status__rosidl_typesupport_fastrtps_cpp.hpp\n'}
[4.661853] (onset_interfaces) StdoutLine: {'line': b'-- Up-to-date: /home/gong/onset_ws/install/onset_interfaces/include/onset_interfaces/onset_interfaces/msg/detail/stm32_state__rosidl_typesupport_fastrtps_cpp.hpp\n'}
[4.661963] (onset_interfaces) StdoutLine: {'line': b'-- Up-to-date: /home/gong/onset_ws/install/onset_interfaces/include/onset_interfaces/onset_interfaces/msg/detail/launch_command__rosidl_typesupport_fastrtps_cpp.hpp\n'}
[4.662136] (onset_interfaces) StdoutLine: {'line': b'-- Up-to-date: /home/gong/onset_ws/install/onset_interfaces/include/onset_interfaces/onset_interfaces/msg/detail/dds_fastrtps\n'}
[4.662247] (onset_interfaces) StdoutLine: {'line': b'-- Up-to-date: /home/gong/onset_ws/install/onset_interfaces/include/onset_interfaces/onset_interfaces/msg/detail/stm32_message__rosidl_typesupport_fastrtps_cpp.hpp\n'}
[4.662598] (onset_interfaces) StdoutLine: {'line': b'-- Up-to-date: /home/gong/onset_ws/install/onset_interfaces/include/onset_interfaces/onset_interfaces/msg/detail/home_command__rosidl_typesupport_fastrtps_cpp.hpp\n'}
[4.662839] (onset_interfaces) StdoutLine: {'line': b'-- Up-to-date: /home/gong/onset_ws/install/onset_interfaces/include/onset_interfaces/onset_interfaces/msg/rosidl_typesupport_fastrtps_cpp__visibility_control.h\n'}
[4.663026] (onset_interfaces) StdoutLine: {'line': b'-- Up-to-date: /home/gong/onset_ws/install/onset_interfaces/lib/libonset_interfaces__rosidl_typesupport_fastrtps_cpp.so\n'}
[4.663130] (onset_interfaces) StdoutLine: {'line': b'-- Up-to-date: /home/gong/onset_ws/install/onset_interfaces/include/onset_interfaces/onset_interfaces\n'}
[4.663384] (onset_interfaces) StdoutLine: {'line': b'-- Up-to-date: /home/gong/onset_ws/install/onset_interfaces/include/onset_interfaces/onset_interfaces/msg\n'}
[4.663570] (onset_interfaces) StdoutLine: {'line': b'-- Up-to-date: /home/gong/onset_ws/install/onset_interfaces/include/onset_interfaces/onset_interfaces/msg/detail\n'}
[4.663678] (onset_interfaces) StdoutLine: {'line': b'-- Up-to-date: /home/gong/onset_ws/install/onset_interfaces/include/onset_interfaces/onset_interfaces/msg/detail/stm32_message__rosidl_typesupport_introspection_cpp.hpp\n'}
[4.663790] (onset_interfaces) StdoutLine: {'line': b'-- Up-to-date: /home/gong/onset_ws/install/onset_interfaces/include/onset_interfaces/onset_interfaces/msg/detail/launch_command__type_support.cpp\n'}
[4.663882] (onset_interfaces) StdoutLine: {'line': b'-- Up-to-date: /home/gong/onset_ws/install/onset_interfaces/include/onset_interfaces/onset_interfaces/msg/detail/stm32_state__rosidl_typesupport_introspection_cpp.hpp\n'}
[4.664070] (onset_interfaces) StdoutLine: {'line': b'-- Up-to-date: /home/gong/onset_ws/install/onset_interfaces/include/onset_interfaces/onset_interfaces/msg/detail/onset_status__type_support.cpp\n'}
[4.664182] (onset_interfaces) StdoutLine: {'line': b'-- Up-to-date: /home/gong/onset_ws/install/onset_interfaces/include/onset_interfaces/onset_interfaces/msg/detail/home_command__rosidl_typesupport_introspection_cpp.hpp\n'}
[4.664273] (onset_interfaces) StdoutLine: {'line': b'-- Up-to-date: /home/gong/onset_ws/install/onset_interfaces/include/onset_interfaces/onset_interfaces/msg/detail/launch_command__rosidl_typesupport_introspection_cpp.hpp\n'}
[4.664360] (onset_interfaces) StdoutLine: {'line': b'-- Up-to-date: /home/gong/onset_ws/install/onset_interfaces/include/onset_interfaces/onset_interfaces/msg/detail/stm32_state__type_support.cpp\n'}
[4.664448] (onset_interfaces) StdoutLine: {'line': b'-- Up-to-date: /home/gong/onset_ws/install/onset_interfaces/include/onset_interfaces/onset_interfaces/msg/detail/onset_status__rosidl_typesupport_introspection_cpp.hpp\n'}
[4.664537] (onset_interfaces) StdoutLine: {'line': b'-- Up-to-date: /home/gong/onset_ws/install/onset_interfaces/include/onset_interfaces/onset_interfaces/msg/detail/stm32_message__type_support.cpp\n'}
[4.665327] (onset_interfaces) StdoutLine: {'line': b'-- Up-to-date: /home/gong/onset_ws/install/onset_interfaces/include/onset_interfaces/onset_interfaces/msg/detail/home_command__type_support.cpp\n'}
[4.665908] (onset_interfaces) StdoutLine: {'line': b'-- Up-to-date: /home/gong/onset_ws/install/onset_interfaces/lib/libonset_interfaces__rosidl_typesupport_introspection_cpp.so\n'}
[4.666036] (onset_interfaces) StdoutLine: {'line': b'-- Up-to-date: /home/gong/onset_ws/install/onset_interfaces/lib/libonset_interfaces__rosidl_typesupport_cpp.so\n'}
[4.666141] (onset_interfaces) StdoutLine: {'line': b'-- Up-to-date: /home/gong/onset_ws/install/onset_interfaces/share/onset_interfaces/environment/pythonpath.sh\n'}
[4.666268] (onset_interfaces) StdoutLine: {'line': b'-- Up-to-date: /home/gong/onset_ws/install/onset_interfaces/share/onset_interfaces/environment/pythonpath.dsv\n'}
[4.666361] (onset_interfaces) StdoutLine: {'line': b'-- Up-to-date: /home/gong/onset_ws/install/onset_interfaces/local/lib/python3.10/dist-packages/onset_interfaces-0.0.0-py3.10.egg-info\n'}
[4.666451] (onset_interfaces) StdoutLine: {'line': b'-- Installing: /home/gong/onset_ws/install/onset_interfaces/local/lib/python3.10/dist-packages/onset_interfaces-0.0.0-py3.10.egg-info/SOURCES.txt\n'}
[4.666540] (onset_interfaces) StdoutLine: {'line': b'-- Installing: /home/gong/onset_ws/install/onset_interfaces/local/lib/python3.10/dist-packages/onset_interfaces-0.0.0-py3.10.egg-info/top_level.txt\n'}
[4.666702] (onset_interfaces) StdoutLine: {'line': b'-- Installing: /home/gong/onset_ws/install/onset_interfaces/local/lib/python3.10/dist-packages/onset_interfaces-0.0.0-py3.10.egg-info/dependency_links.txt\n'}
[4.667273] (onset_interfaces) StdoutLine: {'line': b'-- Installing: /home/gong/onset_ws/install/onset_interfaces/local/lib/python3.10/dist-packages/onset_interfaces-0.0.0-py3.10.egg-info/PKG-INFO\n'}
[4.667405] (onset_interfaces) StdoutLine: {'line': b'-- Up-to-date: /home/gong/onset_ws/install/onset_interfaces/local/lib/python3.10/dist-packages/onset_interfaces\n'}
[4.667552] (onset_interfaces) StdoutLine: {'line': b'-- Up-to-date: /home/gong/onset_ws/install/onset_interfaces/local/lib/python3.10/dist-packages/onset_interfaces/onset_interfaces_s__rosidl_typesupport_c.cpython-310-x86_64-linux-gnu.so\n'}
[4.671044] (-) TimerEvent: {}
[4.671442] (onset_interfaces) StdoutLine: {'line': b'-- Up-to-date: /home/gong/onset_ws/install/onset_interfaces/local/lib/python3.10/dist-packages/onset_interfaces/__init__.py\n'}
[4.671591] (onset_interfaces) StdoutLine: {'line': b'-- Up-to-date: /home/gong/onset_ws/install/onset_interfaces/local/lib/python3.10/dist-packages/onset_interfaces/onset_interfaces_s__rosidl_typesupport_introspection_c.cpython-310-x86_64-linux-gnu.so\n'}
[4.671714] (onset_interfaces) StdoutLine: {'line': b'-- Up-to-date: /home/gong/onset_ws/install/onset_interfaces/local/lib/python3.10/dist-packages/onset_interfaces/msg\n'}
[4.671821] (onset_interfaces) StdoutLine: {'line': b'-- Up-to-date: /home/gong/onset_ws/install/onset_interfaces/local/lib/python3.10/dist-packages/onset_interfaces/msg/_stm32_state_s.c\n'}
[4.672303] (onset_interfaces) StdoutLine: {'line': b'-- Up-to-date: /home/gong/onset_ws/install/onset_interfaces/local/lib/python3.10/dist-packages/onset_interfaces/msg/_launch_command_s.c\n'}
[4.672423] (onset_interfaces) StdoutLine: {'line': b'-- Up-to-date: /home/gong/onset_ws/install/onset_interfaces/local/lib/python3.10/dist-packages/onset_interfaces/msg/_home_command_s.c\n'}
[4.672520] (onset_interfaces) StdoutLine: {'line': b'-- Up-to-date: /home/gong/onset_ws/install/onset_interfaces/local/lib/python3.10/dist-packages/onset_interfaces/msg/__init__.py\n'}
[4.672801] (onset_interfaces) StdoutLine: {'line': b'-- Up-to-date: /home/gong/onset_ws/install/onset_interfaces/local/lib/python3.10/dist-packages/onset_interfaces/msg/_launch_command.py\n'}
[4.672928] (onset_interfaces) StdoutLine: {'line': b'-- Up-to-date: /home/gong/onset_ws/install/onset_interfaces/local/lib/python3.10/dist-packages/onset_interfaces/msg/_stm32_state.py\n'}
[4.673029] (onset_interfaces) StdoutLine: {'line': b'-- Up-to-date: /home/gong/onset_ws/install/onset_interfaces/local/lib/python3.10/dist-packages/onset_interfaces/msg/_onset_status_s.c\n'}
[4.673123] (onset_interfaces) StdoutLine: {'line': b'-- Up-to-date: /home/gong/onset_ws/install/onset_interfaces/local/lib/python3.10/dist-packages/onset_interfaces/msg/_stm32_message.py\n'}
[4.673215] (onset_interfaces) StdoutLine: {'line': b'-- Up-to-date: /home/gong/onset_ws/install/onset_interfaces/local/lib/python3.10/dist-packages/onset_interfaces/msg/_home_command.py\n'}
[4.673890] (onset_interfaces) StdoutLine: {'line': b'-- Up-to-date: /home/gong/onset_ws/install/onset_interfaces/local/lib/python3.10/dist-packages/onset_interfaces/msg/_stm32_message_s.c\n'}
[4.674100] (onset_interfaces) StdoutLine: {'line': b'-- Up-to-date: /home/gong/onset_ws/install/onset_interfaces/local/lib/python3.10/dist-packages/onset_interfaces/msg/_onset_status.py\n'}
[4.674299] (onset_interfaces) StdoutLine: {'line': b'-- Up-to-date: /home/gong/onset_ws/install/onset_interfaces/local/lib/python3.10/dist-packages/onset_interfaces/onset_interfaces_s__rosidl_typesupport_fastrtps_c.cpython-310-x86_64-linux-gnu.so\n'}
[4.674474] (onset_interfaces) StdoutLine: {'line': b'-- Up-to-date: /home/gong/onset_ws/install/onset_interfaces/local/lib/python3.10/dist-packages/onset_interfaces/_onset_interfaces_s.ep.rosidl_typesupport_c.c\n'}
[4.674631] (onset_interfaces) StdoutLine: {'line': b'-- Up-to-date: /home/gong/onset_ws/install/onset_interfaces/local/lib/python3.10/dist-packages/onset_interfaces/libonset_interfaces__rosidl_generator_py.so\n'}
[4.674871] (onset_interfaces) StdoutLine: {'line': b'-- Up-to-date: /home/gong/onset_ws/install/onset_interfaces/local/lib/python3.10/dist-packages/onset_interfaces/_onset_interfaces_s.ep.rosidl_typesupport_introspection_c.c\n'}
[4.676099] (onset_interfaces) StdoutLine: {'line': b'-- Up-to-date: /home/gong/onset_ws/install/onset_interfaces/local/lib/python3.10/dist-packages/onset_interfaces/_onset_interfaces_s.ep.rosidl_typesupport_fastrtps_c.c\n'}
[4.769920] (onset_interfaces) StdoutLine: {'line': b"Listing '/home/gong/onset_ws/install/onset_interfaces/local/lib/python3.10/dist-packages/onset_interfaces'...\n"}
[4.771050] (onset_interfaces) StdoutLine: {'line': b"Listing '/home/gong/onset_ws/install/onset_interfaces/local/lib/python3.10/dist-packages/onset_interfaces/msg'...\n"}
[4.771308] (-) TimerEvent: {}
[4.781420] (onset_interfaces) StdoutLine: {'line': b'-- Up-to-date: /home/gong/onset_ws/install/onset_interfaces/local/lib/python3.10/dist-packages/onset_interfaces/onset_interfaces_s__rosidl_typesupport_fastrtps_c.cpython-310-x86_64-linux-gnu.so\n'}
[4.782753] (onset_interfaces) StdoutLine: {'line': b'-- Up-to-date: /home/gong/onset_ws/install/onset_interfaces/local/lib/python3.10/dist-packages/onset_interfaces/onset_interfaces_s__rosidl_typesupport_introspection_c.cpython-310-x86_64-linux-gnu.so\n'}
[4.784784] (onset_interfaces) StdoutLine: {'line': b'-- Up-to-date: /home/gong/onset_ws/install/onset_interfaces/local/lib/python3.10/dist-packages/onset_interfaces/onset_interfaces_s__rosidl_typesupport_c.cpython-310-x86_64-linux-gnu.so\n'}
[4.787249] (onset_interfaces) StdoutLine: {'line': b'-- Up-to-date: /home/gong/onset_ws/install/onset_interfaces/lib/libonset_interfaces__rosidl_generator_py.so\n'}
[4.789231] (onset_interfaces) StdoutLine: {'line': b'-- Up-to-date: /home/gong/onset_ws/install/onset_interfaces/share/onset_interfaces/msg/LaunchCommand.idl\n'}
[4.790872] (onset_interfaces) StdoutLine: {'line': b'-- Up-to-date: /home/gong/onset_ws/install/onset_interfaces/share/onset_interfaces/msg/OnsetStatus.idl\n'}
[4.791312] (onset_interfaces) StdoutLine: {'line': b'-- Up-to-date: /home/gong/onset_ws/install/onset_interfaces/share/onset_interfaces/msg/STM32Message.idl\n'}
[4.792166] (onset_interfaces) StdoutLine: {'line': b'-- Up-to-date: /home/gong/onset_ws/install/onset_interfaces/share/onset_interfaces/msg/STM32State.idl\n'}
[4.792824] (onset_interfaces) StdoutLine: {'line': b'-- Up-to-date: /home/gong/onset_ws/install/onset_interfaces/share/onset_interfaces/msg/HomeCommand.idl\n'}
[4.793404] (onset_interfaces) StdoutLine: {'line': b'-- Up-to-date: /home/gong/onset_ws/install/onset_interfaces/share/onset_interfaces/msg/LaunchCommand.msg\n'}
[4.794120] (onset_interfaces) StdoutLine: {'line': b'-- Up-to-date: /home/gong/onset_ws/install/onset_interfaces/share/onset_interfaces/msg/OnsetStatus.msg\n'}
[4.795662] (onset_interfaces) StdoutLine: {'line': b'-- Up-to-date: /home/gong/onset_ws/install/onset_interfaces/share/onset_interfaces/msg/STM32Message.msg\n'}
[4.796168] (onset_interfaces) StdoutLine: {'line': b'-- Up-to-date: /home/gong/onset_ws/install/onset_interfaces/share/onset_interfaces/msg/STM32State.msg\n'}
[4.797473] (onset_interfaces) StdoutLine: {'line': b'-- Up-to-date: /home/gong/onset_ws/install/onset_interfaces/share/onset_interfaces/msg/HomeCommand.msg\n'}
[4.810639] (onset_interfaces) StdoutLine: {'line': b'-- Up-to-date: /home/gong/onset_ws/install/onset_interfaces/share/ament_index/resource_index/package_run_dependencies/onset_interfaces\n'}
[4.811324] (onset_interfaces) StdoutLine: {'line': b'-- Up-to-date: /home/gong/onset_ws/install/onset_interfaces/share/ament_index/resource_index/parent_prefix_path/onset_interfaces\n'}
[4.811567] (onset_interfaces) StdoutLine: {'line': b'-- Up-to-date: /home/gong/onset_ws/install/onset_interfaces/share/onset_interfaces/environment/ament_prefix_path.sh\n'}
[4.812077] (onset_interfaces) StdoutLine: {'line': b'-- Up-to-date: /home/gong/onset_ws/install/onset_interfaces/share/onset_interfaces/environment/ament_prefix_path.dsv\n'}
[4.812205] (onset_interfaces) StdoutLine: {'line': b'-- Up-to-date: /home/gong/onset_ws/install/onset_interfaces/share/onset_interfaces/environment/path.sh\n'}
[4.812612] (onset_interfaces) StdoutLine: {'line': b'-- Up-to-date: /home/gong/onset_ws/install/onset_interfaces/share/onset_interfaces/environment/path.dsv\n'}
[4.812841] (onset_interfaces) StdoutLine: {'line': b'-- Up-to-date: /home/gong/onset_ws/install/onset_interfaces/share/onset_interfaces/local_setup.bash\n'}
[4.813274] (onset_interfaces) StdoutLine: {'line': b'-- Up-to-date: /home/gong/onset_ws/install/onset_interfaces/share/onset_interfaces/local_setup.sh\n'}
[4.813414] (onset_interfaces) StdoutLine: {'line': b'-- Up-to-date: /home/gong/onset_ws/install/onset_interfaces/share/onset_interfaces/local_setup.zsh\n'}
[4.813553] (onset_interfaces) StdoutLine: {'line': b'-- Up-to-date: /home/gong/onset_ws/install/onset_interfaces/share/onset_interfaces/local_setup.dsv\n'}
[4.813650] (onset_interfaces) StdoutLine: {'line': b'-- Installing: /home/gong/onset_ws/install/onset_interfaces/share/onset_interfaces/package.dsv\n'}
[4.813742] (onset_interfaces) StdoutLine: {'line': b'-- Up-to-date: /home/gong/onset_ws/install/onset_interfaces/share/ament_index/resource_index/packages/onset_interfaces\n'}
[4.813835] (onset_interfaces) StdoutLine: {'line': b'-- Up-to-date: /home/gong/onset_ws/install/onset_interfaces/share/onset_interfaces/cmake/export_onset_interfaces__rosidl_generator_cExport.cmake\n'}
[4.814407] (onset_interfaces) StdoutLine: {'line': b'-- Up-to-date: /home/gong/onset_ws/install/onset_interfaces/share/onset_interfaces/cmake/export_onset_interfaces__rosidl_generator_cExport-noconfig.cmake\n'}
[4.814563] (onset_interfaces) StdoutLine: {'line': b'-- Up-to-date: /home/gong/onset_ws/install/onset_interfaces/share/onset_interfaces/cmake/export_onset_interfaces__rosidl_typesupport_fastrtps_cExport.cmake\n'}
[4.814663] (onset_interfaces) StdoutLine: {'line': b'-- Up-to-date: /home/gong/onset_ws/install/onset_interfaces/share/onset_interfaces/cmake/export_onset_interfaces__rosidl_typesupport_fastrtps_cExport-noconfig.cmake\n'}
[4.814784] (onset_interfaces) StdoutLine: {'line': b'-- Up-to-date: /home/gong/onset_ws/install/onset_interfaces/share/onset_interfaces/cmake/onset_interfaces__rosidl_typesupport_introspection_cExport.cmake\n'}
[4.814878] (onset_interfaces) StdoutLine: {'line': b'-- Up-to-date: /home/gong/onset_ws/install/onset_interfaces/share/onset_interfaces/cmake/onset_interfaces__rosidl_typesupport_introspection_cExport-noconfig.cmake\n'}
[4.814973] (onset_interfaces) StdoutLine: {'line': b'-- Up-to-date: /home/gong/onset_ws/install/onset_interfaces/share/onset_interfaces/cmake/onset_interfaces__rosidl_typesupport_cExport.cmake\n'}
[4.815107] (onset_interfaces) StdoutLine: {'line': b'-- Up-to-date: /home/gong/onset_ws/install/onset_interfaces/share/onset_interfaces/cmake/onset_interfaces__rosidl_typesupport_cExport-noconfig.cmake\n'}
[4.815216] (onset_interfaces) StdoutLine: {'line': b'-- Up-to-date: /home/gong/onset_ws/install/onset_interfaces/share/onset_interfaces/cmake/export_onset_interfaces__rosidl_generator_cppExport.cmake\n'}
[4.815334] (onset_interfaces) StdoutLine: {'line': b'-- Up-to-date: /home/gong/onset_ws/install/onset_interfaces/share/onset_interfaces/cmake/export_onset_interfaces__rosidl_typesupport_fastrtps_cppExport.cmake\n'}
[4.815423] (onset_interfaces) StdoutLine: {'line': b'-- Up-to-date: /home/gong/onset_ws/install/onset_interfaces/share/onset_interfaces/cmake/export_onset_interfaces__rosidl_typesupport_fastrtps_cppExport-noconfig.cmake\n'}
[4.815529] (onset_interfaces) StdoutLine: {'line': b'-- Up-to-date: /home/gong/onset_ws/install/onset_interfaces/share/onset_interfaces/cmake/onset_interfaces__rosidl_typesupport_introspection_cppExport.cmake\n'}
[4.816647] (onset_interfaces) StdoutLine: {'line': b'-- Up-to-date: /home/gong/onset_ws/install/onset_interfaces/share/onset_interfaces/cmake/onset_interfaces__rosidl_typesupport_introspection_cppExport-noconfig.cmake\n'}
[4.816859] (onset_interfaces) StdoutLine: {'line': b'-- Up-to-date: /home/gong/onset_ws/install/onset_interfaces/share/onset_interfaces/cmake/onset_interfaces__rosidl_typesupport_cppExport.cmake\n'}
[4.817524] (onset_interfaces) StdoutLine: {'line': b'-- Up-to-date: /home/gong/onset_ws/install/onset_interfaces/share/onset_interfaces/cmake/onset_interfaces__rosidl_typesupport_cppExport-noconfig.cmake\n'}
[4.817742] (onset_interfaces) StdoutLine: {'line': b'-- Up-to-date: /home/gong/onset_ws/install/onset_interfaces/share/onset_interfaces/cmake/export_onset_interfaces__rosidl_generator_pyExport.cmake\n'}
[4.817954] (onset_interfaces) StdoutLine: {'line': b'-- Up-to-date: /home/gong/onset_ws/install/onset_interfaces/share/onset_interfaces/cmake/export_onset_interfaces__rosidl_generator_pyExport-noconfig.cmake\n'}
[4.818454] (onset_interfaces) StdoutLine: {'line': b'-- Up-to-date: /home/gong/onset_ws/install/onset_interfaces/share/onset_interfaces/cmake/rosidl_cmake-extras.cmake\n'}
[4.818747] (onset_interfaces) StdoutLine: {'line': b'-- Up-to-date: /home/gong/onset_ws/install/onset_interfaces/share/onset_interfaces/cmake/ament_cmake_export_include_directories-extras.cmake\n'}
[4.818982] (onset_interfaces) StdoutLine: {'line': b'-- Up-to-date: /home/gong/onset_ws/install/onset_interfaces/share/onset_interfaces/cmake/ament_cmake_export_libraries-extras.cmake\n'}
[4.819211] (onset_interfaces) StdoutLine: {'line': b'-- Up-to-date: /home/gong/onset_ws/install/onset_interfaces/share/onset_interfaces/cmake/ament_cmake_export_targets-extras.cmake\n'}
[4.819672] (onset_interfaces) StdoutLine: {'line': b'-- Up-to-date: /home/gong/onset_ws/install/onset_interfaces/share/onset_interfaces/cmake/rosidl_cmake_export_typesupport_targets-extras.cmake\n'}
[4.819870] (onset_interfaces) StdoutLine: {'line': b'-- Up-to-date: /home/gong/onset_ws/install/onset_interfaces/share/onset_interfaces/cmake/ament_cmake_export_dependencies-extras.cmake\n'}
[4.820080] (onset_interfaces) StdoutLine: {'line': b'-- Up-to-date: /home/gong/onset_ws/install/onset_interfaces/share/onset_interfaces/cmake/rosidl_cmake_export_typesupport_libraries-extras.cmake\n'}
[4.820596] (onset_interfaces) StdoutLine: {'line': b'-- Up-to-date: /home/gong/onset_ws/install/onset_interfaces/share/onset_interfaces/cmake/onset_interfacesConfig.cmake\n'}
[4.820980] (onset_interfaces) StdoutLine: {'line': b'-- Up-to-date: /home/gong/onset_ws/install/onset_interfaces/share/onset_interfaces/cmake/onset_interfacesConfig-version.cmake\n'}
[4.821800] (onset_interfaces) StdoutLine: {'line': b'-- Up-to-date: /home/gong/onset_ws/install/onset_interfaces/share/onset_interfaces/package.xml\n'}
[4.825043] (onset_interfaces) CommandEnded: {'returncode': 0}
[4.873051] (-) TimerEvent: {}
[4.881379] (onset_interfaces) JobEnded: {'identifier': 'onset_interfaces', 'rc': 0}
[4.886068] (onsetbot) JobStarted: {'identifier': 'onsetbot'}
[4.975645] (-) TimerEvent: {}
[5.076389] (-) TimerEvent: {}
[5.177915] (-) TimerEvent: {}
[5.283058] (-) TimerEvent: {}
[5.384321] (-) TimerEvent: {}
[5.486449] (-) TimerEvent: {}
[5.589035] (-) TimerEvent: {}
[5.690647] (-) TimerEvent: {}
[5.791691] (-) TimerEvent: {}
[5.892680] (-) TimerEvent: {}
[5.993482] (-) TimerEvent: {}
[6.094165] (-) TimerEvent: {}
[6.195392] (-) TimerEvent: {}
[6.297190] (-) TimerEvent: {}
[6.398367] (-) TimerEvent: {}
[6.499284] (-) TimerEvent: {}
[6.600649] (-) TimerEvent: {}
[6.702108] (-) TimerEvent: {}
[6.803334] (-) TimerEvent: {}
[6.904519] (-) TimerEvent: {}
[7.005886] (-) TimerEvent: {}
[7.107071] (-) TimerEvent: {}
[7.211390] (-) TimerEvent: {}
[7.313332] (-) TimerEvent: {}
[7.414547] (-) TimerEvent: {}
[7.515814] (-) TimerEvent: {}
[7.522953] (onsetbot) Command: {'cmd': ['/usr/bin/python3', '-W', 'ignore:setup.py install is deprecated', '-W', 'ignore:easy_install command is deprecated', 'setup.py', 'egg_info', '--egg-base', '../../build/onsetbot', 'build', '--build-base', '/home/gong/onset_ws/build/onsetbot/build', 'install', '--record', '/home/gong/onset_ws/build/onsetbot/install.log', '--single-version-externally-managed', 'install_data'], 'cwd': '/home/gong/onset_ws/src/onsetbot', 'env': {'LESSOPEN': '| /usr/bin/lesspipe %s', 'LANGUAGE': 'en_CA:en', 'USER': 'gong', 'XDG_SESSION_TYPE': 'wayland', 'SHLVL': '1', 'LD_LIBRARY_PATH': '/home/gong/onset_ws/install/onset_interfaces/lib:/home/gong/onset_ws/install/odrive_can/lib:/home/gong/onset_ws/install/odrive_ros2_control/lib:/usr/lib/x86_64-linux-gnu/gazebo-11/plugins:/opt/ros/humble/opt/rviz_ogre_vendor/lib:/opt/ros/humble/lib/x86_64-linux-gnu:/opt/ros/humble/lib', 'HOME': '/home/gong', 'OLDPWD': '/home/gong/onset_ws/src/onsetbot', 'DESKTOP_SESSION': 'ubuntu', 'ROS_PYTHON_VERSION': '3', 'GNOME_SHELL_SESSION_MODE': 'ubuntu', 'GTK_MODULES': 'gail:atk-bridge', 'SYSTEMD_EXEC_PID': '1644', 'DBUS_SESSION_BUS_ADDRESS': 'unix:path=/run/user/1000/bus', 'COLORTERM': 'truecolor', 'IM_CONFIG_PHASE': '1', 'WAYLAND_DISPLAY': 'wayland-0', 'COLCON_PREFIX_PATH': '/home/gong/onset_ws/install', 'ROS_DISTRO': 'humble', 'LOGNAME': 'gong', '_': '/usr/bin/colcon', 'ROS_VERSION': '2', 'XDG_SESSION_CLASS': 'user', 'USERNAME': 'gong', 'TERM': 'xterm-256color', 'GNOME_DESKTOP_SESSION_ID': 'this-is-deprecated', 'ROS_LOCALHOST_ONLY': '0', 'PATH': '/opt/ros/humble/bin:/home/gong/.local/bin:/usr/local/sbin:/usr/local/bin:/usr/sbin:/usr/bin:/sbin:/bin:/usr/games:/usr/local/games:/snap/bin:/snap/bin', 'SESSION_MANAGER': 'local/gong-virtual-machine:@/tmp/.ICE-unix/1616,unix/gong-virtual-machine:/tmp/.ICE-unix/1616', 'XDG_MENU_PREFIX': 'gnome-', 'GNOME_TERMINAL_SCREEN': '/org/gnome/Terminal/screen/2cde5a3f_3fdf_455d_bd0b_d8fef2e66a9f', 'GNOME_SETUP_DISPLAY': ':1', 'XDG_RUNTIME_DIR': '/run/user/1000', 'DISPLAY': ':0', 'LANG': 'en_US.UTF-8', 'XDG_CURRENT_DESKTOP': 'ubuntu:GNOME', 'XMODIFIERS': '@im=ibus', 'XDG_SESSION_DESKTOP': 'ubuntu', 'XAUTHORITY': '/run/user/1000/.mutter-Xwaylandauth.SDR7L3', 'LS_COLORS': 'rs=0:di=01;34:ln=01;36:mh=00:pi=40;33:so=01;35:do=01;35:bd=40;33;01:cd=40;33;01:or=40;31;01:mi=00:su=37;41:sg=30;43:ca=30;41:tw=30;42:ow=34;42:st=37;44:ex=01;32:*.tar=01;31:*.tgz=01;31:*.arc=01;31:*.arj=01;31:*.taz=01;31:*.lha=01;31:*.lz4=01;31:*.lzh=01;31:*.lzma=01;31:*.tlz=01;31:*.txz=01;31:*.tzo=01;31:*.t7z=01;31:*.zip=01;31:*.z=01;31:*.dz=01;31:*.gz=01;31:*.lrz=01;31:*.lz=01;31:*.lzo=01;31:*.xz=01;31:*.zst=01;31:*.tzst=01;31:*.bz2=01;31:*.bz=01;31:*.tbz=01;31:*.tbz2=01;31:*.tz=01;31:*.deb=01;31:*.rpm=01;31:*.jar=01;31:*.war=01;31:*.ear=01;31:*.sar=01;31:*.rar=01;31:*.alz=01;31:*.ace=01;31:*.zoo=01;31:*.cpio=01;31:*.7z=01;31:*.rz=01;31:*.cab=01;31:*.wim=01;31:*.swm=01;31:*.dwm=01;31:*.esd=01;31:*.jpg=01;35:*.jpeg=01;35:*.mjpg=01;35:*.mjpeg=01;35:*.gif=01;35:*.bmp=01;35:*.pbm=01;35:*.pgm=01;35:*.ppm=01;35:*.tga=01;35:*.xbm=01;35:*.xpm=01;35:*.tif=01;35:*.tiff=01;35:*.png=01;35:*.svg=01;35:*.svgz=01;35:*.mng=01;35:*.pcx=01;35:*.mov=01;35:*.mpg=01;35:*.mpeg=01;35:*.m2v=01;35:*.mkv=01;35:*.webm=01;35:*.webp=01;35:*.ogm=01;35:*.mp4=01;35:*.m4v=01;35:*.mp4v=01;35:*.vob=01;35:*.qt=01;35:*.nuv=01;35:*.wmv=01;35:*.asf=01;35:*.rm=01;35:*.rmvb=01;35:*.flc=01;35:*.avi=01;35:*.fli=01;35:*.flv=01;35:*.gl=01;35:*.dl=01;35:*.xcf=01;35:*.xwd=01;35:*.yuv=01;35:*.cgm=01;35:*.emf=01;35:*.ogv=01;35:*.ogx=01;35:*.aac=00;36:*.au=00;36:*.flac=00;36:*.m4a=00;36:*.mid=00;36:*.midi=00;36:*.mka=00;36:*.mp3=00;36:*.mpc=00;36:*.ogg=00;36:*.ra=00;36:*.wav=00;36:*.oga=00;36:*.opus=00;36:*.spx=00;36:*.xspf=00;36:', 'GNOME_TERMINAL_SERVICE': ':1.99', 'SSH_AGENT_LAUNCHER': 'gnome-keyring', 'SSH_AUTH_SOCK': '/run/user/1000/keyring/ssh', 'ROS_DOMAIN_ID': '0', 'AMENT_PREFIX_PATH': '/home/gong/onset_ws/install/onsetbot:/home/gong/onset_ws/install/onset_interfaces:/home/gong/onset_ws/install/odrive_botwheel_explorer:/home/gong/onset_ws/install/odrive_ros2_control:/home/gong/onset_ws/install/odrive_can:/opt/ros/humble', 'SHELL': '/bin/bash', 'QT_ACCESSIBILITY': '1', 'GDMSESSION': 'ubuntu', 'LESSCLOSE': '/usr/bin/lesspipe %s %s', 'QT_IM_MODULE': 'ibus', 'PWD': '/home/gong/onset_ws/build/onsetbot', 'LC_ALL': 'en_US.UTF-8', 'XDG_CONFIG_DIRS': '/etc/xdg/xdg-ubuntu:/etc/xdg', 'XDG_DATA_DIRS': '/usr/share/ubuntu:/usr/local/share/:/usr/share/:/var/lib/snapd/desktop', 'PYTHONPATH': '/home/gong/onset_ws/build/onsetbot/prefix_override:/usr/lib/python3/dist-packages/colcon_core/task/python/colcon_distutils_commands:/home/gong/onset_ws/install/onsetbot/lib/python3.10/site-packages:/home/gong/onset_ws/install/onsetbot/lib/python3.10/site-packages:/home/gong/onset_ws/install/onset_interfaces/local/lib/python3.10/dist-packages:/home/gong/onset_ws/install/odrive_can/local/lib/python3.10/dist-packages:/opt/ros/humble/lib/python3.10/site-packages:/opt/ros/humble/local/lib/python3.10/dist-packages', 'COLCON': '1', 'VTE_VERSION': '6800', 'CMAKE_PREFIX_PATH': '/home/gong/onset_ws/install/onset_interfaces:/home/gong/onset_ws/install/odrive_can:/home/gong/onset_ws/install/odrive_botwheel_explorer:/home/gong/onset_ws/install/odrive_ros2_control'}, 'shell': False}
[7.617003] (-) TimerEvent: {}
[7.718021] (-) TimerEvent: {}
[7.819650] (-) TimerEvent: {}
[7.922078] (-) TimerEvent: {}
[8.023531] (-) TimerEvent: {}
[8.124444] (-) TimerEvent: {}
[8.225686] (-) TimerEvent: {}
[8.327001] (-) TimerEvent: {}
[8.428339] (-) TimerEvent: {}
[8.520124] (onsetbot) StdoutLine: {'line': b'running egg_info\n'}
[8.522107] (onsetbot) StdoutLine: {'line': b'writing ../../build/onsetbot/onsetbot.egg-info/PKG-INFO\n'}
[8.523208] (onsetbot) StdoutLine: {'line': b'writing dependency_links to ../../build/onsetbot/onsetbot.egg-info/dependency_links.txt\n'}
[8.524388] (onsetbot) StdoutLine: {'line': b'writing entry points to ../../build/onsetbot/onsetbot.egg-info/entry_points.txt\n'}
[8.528094] (onsetbot) StdoutLine: {'line': b'writing requirements to ../../build/onsetbot/onsetbot.egg-info/requires.txt\n'}
[8.528916] (-) TimerEvent: {}
[8.529661] (onsetbot) StdoutLine: {'line': b'writing top-level names to ../../build/onsetbot/onsetbot.egg-info/top_level.txt\n'}
[8.534177] (onsetbot) StdoutLine: {'line': b"reading manifest file '../../build/onsetbot/onsetbot.egg-info/SOURCES.txt'\n"}
[8.539231] (onsetbot) StdoutLine: {'line': b"writing manifest file '../../build/onsetbot/onsetbot.egg-info/SOURCES.txt'\n"}
[8.540294] (onsetbot) StdoutLine: {'line': b'running build\n'}
[8.540462] (onsetbot) StdoutLine: {'line': b'running build_py\n'}
[8.541452] (onsetbot) StdoutLine: {'line': b'copying onsetbot/actuator_commands.py -> /home/gong/onset_ws/build/onsetbot/build/lib/onsetbot\n'}
[8.542423] (onsetbot) StdoutLine: {'line': b'copying onsetbot/actuator_command2.py -> /home/gong/onset_ws/build/onsetbot/build/lib/onsetbot\n'}
[8.543514] (onsetbot) StdoutLine: {'line': b'running install\n'}
[8.545865] (onsetbot) StdoutLine: {'line': b'running install_lib\n'}
[8.549603] (onsetbot) StdoutLine: {'line': b'copying /home/gong/onset_ws/build/onsetbot/build/lib/onsetbot/actuator_commands.py -> /home/gong/onset_ws/install/onsetbot/lib/python3.10/site-packages/onsetbot\n'}
[8.551511] (onsetbot) StdoutLine: {'line': b'copying /home/gong/onset_ws/build/onsetbot/build/lib/onsetbot/actuator_command2.py -> /home/gong/onset_ws/install/onsetbot/lib/python3.10/site-packages/onsetbot\n'}
[8.554326] (onsetbot) StdoutLine: {'line': b'byte-compiling /home/gong/onset_ws/install/onsetbot/lib/python3.10/site-packages/onsetbot/actuator_commands.py to actuator_commands.cpython-310.pyc\n'}
[8.568295] (onsetbot) StdoutLine: {'line': b'byte-compiling /home/gong/onset_ws/install/onsetbot/lib/python3.10/site-packages/onsetbot/actuator_command2.py to actuator_command2.cpython-310.pyc\n'}
[8.576613] (onsetbot) StdoutLine: {'line': b'running install_data\n'}
[8.578145] (onsetbot) StdoutLine: {'line': b'running install_egg_info\n'}
[8.584190] (onsetbot) StdoutLine: {'line': b"removing '/home/gong/onset_ws/install/onsetbot/lib/python3.10/site-packages/onsetbot-0.0.0-py3.10.egg-info' (and everything under it)\n"}
[8.584525] (onsetbot) StdoutLine: {'line': b'Copying ../../build/onsetbot/onsetbot.egg-info to /home/gong/onset_ws/install/onsetbot/lib/python3.10/site-packages/onsetbot-0.0.0-py3.10.egg-info\n'}
[8.590135] (onsetbot) StdoutLine: {'line': b'running install_scripts\n'}
[8.629862] (-) TimerEvent: {}
[8.661769] (onsetbot) StdoutLine: {'line': b'Installing actuator_command script to /home/gong/onset_ws/install/onsetbot/lib/onsetbot\n'}
[8.662520] (onsetbot) StdoutLine: {'line': b'Installing actuator_commands script to /home/gong/onset_ws/install/onsetbot/lib/onsetbot\n'}
[8.663291] (onsetbot) StdoutLine: {'line': b'Installing odrive_can_bridge script to /home/gong/onset_ws/install/onsetbot/lib/onsetbot\n'}
[8.663937] (onsetbot) StdoutLine: {'line': b'Installing onset_gui script to /home/gong/onset_ws/install/onsetbot/lib/onsetbot\n'}
[8.666008] (onsetbot) StdoutLine: {'line': b'Installing stm32_bridge script to /home/gong/onset_ws/install/onsetbot/lib/onsetbot\n'}
[8.668983] (onsetbot) StdoutLine: {'line': b"writing list of installed files to '/home/gong/onset_ws/build/onsetbot/install.log'\n"}
[8.730267] (-) TimerEvent: {}
[8.745950] (onsetbot) CommandEnded: {'returncode': 0}
[8.772347] (onsetbot) JobEnded: {'identifier': 'onsetbot', 'rc': 0}
[8.777696] (-) EventReactorShutdown: {}
